{
  "name": "miller2_both_50_70_ec_ev__Coma{'max_n': 0, 'strategy': 'COMA_OPT'}",
  "matches": {
    "(('miller2_both_50_70_ec_ev_source', 'Participatory development and good governance'), ('miller2_both_50_70_ec_ev_target', 'Participatory development and good governance'))": 0.953311,
    "(('miller2_both_50_70_ec_ev_source', 'Untied amount(Project-level budget)'), ('miller2_both_50_70_ec_ev_target', 'Untied amount(Project-level budget)'))": 0.9517153,
    "(('miller2_both_50_70_ec_ev_source', 'Climate change adaptation (marker)'), ('miller2_both_50_70_ec_ev_target', 'Climate change adaptation (marker)'))": 0.9517153,
    "(('miller2_both_50_70_ec_ev_source', 'Climate change mitigation (marker)'), ('miller2_both_50_70_ec_ev_target', 'Climate change mitigation (marker)'))": 0.9517153,
    "(('miller2_both_50_70_ec_ev_source', 'Bilateral aid (international marker)'), ('miller2_both_50_70_ec_ev_target', 'Bilateral aid (international marker)'))": 0.95014197,
    "(('miller2_both_50_70_ec_ev_source', 'CIDA business delivery model (old)'), ('miller2_both_50_70_ec_ev_target', 'CIDA business delivery model (old)'))": 0.9497396,
    "(('miller2_both_50_70_ec_ev_source', 'Disability issues (marker)'), ('miller2_both_50_70_ec_ev_target', 'Disability issues (marker)'))": 0.946565,
    "(('miller2_both_50_70_ec_ev_source', 'Project Browser country ID'), ('miller2_both_50_70_ec_ev_target', 'Project Browser country ID'))": 0.946565,
    "(('miller2_both_50_70_ec_ev_source', 'Trade development (marker)'), ('miller2_both_50_70_ec_ev_target', 'Trade development (marker)'))": 0.946565,
    "(('miller2_both_50_70_ec_ev_source', 'Regional program (marker)'), ('miller2_both_50_70_ec_ev_target', 'Regional program (marker)'))": 0.94605297,
    "(('miller2_both_50_70_ec_ev_source', 'CountryRegion percent'), ('miller2_both_50_70_ec_ev_target', 'CountryRegion percent'))": 0.9457023,
    "(('miller2_both_50_70_ec_ev_source', 'Programming process (new)'), ('miller2_both_50_70_ec_ev_target', 'Programming process (new)'))": 0.9449777,
    "(('miller2_both_50_70_ec_ev_source', 'Organisation sub-class'), ('miller2_both_50_70_ec_ev_target', 'Organisation sub-class'))": 0.9444127,
    "(('miller2_both_50_70_ec_ev_source', 'Youth issues (marker)'), ('miller2_both_50_70_ec_ev_target', 'Youth issues (marker)'))": 0.9438282,
    "(('miller2_both_50_70_ec_ev_source', 'Biodiversity (marker)'), ('miller2_both_50_70_ec_ev_target', 'Biodiversity (marker)'))": 0.9438282,
    "(('miller2_both_50_70_ec_ev_source', 'Urban issues (marker)'), ('miller2_both_50_70_ec_ev_target', 'Urban issues (marker)'))": 0.9438282,
    "(('miller2_both_50_70_ec_ev_source', 'CountryRegion name'), ('miller2_both_50_70_ec_ev_target', 'CountryRegion name'))": 0.9419474,
    "(('miller2_both_50_70_ec_ev_source', 'Organisation class'), ('miller2_both_50_70_ec_ev_target', 'Organisation class'))": 0.9419474,
    "(('miller2_both_50_70_ec_ev_source', 'Organisation type'), ('miller2_both_50_70_ec_ev_target', 'Organisation type'))": 0.941274,
    "(('miller2_both_50_70_ec_ev_source', 'Fund centre name'), ('miller2_both_50_70_ec_ev_target', 'Fund centre name'))": 0.9405752,
    "(('miller2_both_50_70_ec_ev_source', 'Organisation ID'), ('miller2_both_50_70_ec_ev_target', 'Organisation ID'))": 0.93984944,
    "(('miller2_both_50_70_ec_ev_source', 'FSTC percent'), ('miller2_both_50_70_ec_ev_target', 'FSTC percent'))": 0.9396512,
    "(('miller2_both_50_70_ec_ev_source', 'IRTC percent'), ('miller2_both_50_70_ec_ev_target', 'IRTC percent'))": 0.9396512,
    "(('miller2_both_50_70_ec_ev_source', 'Fund centre ID'), ('miller2_both_50_70_ec_ev_target', 'Fund centre ID'))": 0.9390953,
    "(('miller2_both_50_70_ec_ev_source', 'Continent name'), ('miller2_both_50_70_ec_ev_target', 'Continent name'))": 0.9390953,
    "(('miller2_both_50_70_ec_ev_source', 'Project number'), ('miller2_both_50_70_ec_ev_target', 'Project number'))": 0.9390953,
    "(('miller2_both_50_70_ec_ev_source', 'Division name'), ('miller2_both_50_70_ec_ev_target', 'Division name'))": 0.938311,
    "(('miller2_both_50_70_ec_ev_source', 'Section name'), ('miller2_both_50_70_ec_ev_target', 'Section name'))": 0.9374947,
    "(('miller2_both_50_70_ec_ev_source', 'Amount spent'), ('miller2_both_50_70_ec_ev_target', 'Amount spent'))": 0.9374947,
    "(('miller2_both_50_70_ec_ev_source', 'Fiscal year'), ('miller2_both_50_70_ec_ev_target', 'Fiscal year'))": 0.9366443,
    "(('miller2_both_50_70_ec_ev_source', 'Division ID'), ('miller2_both_50_70_ec_ev_target', 'Division ID'))": 0.9366443,
    "(('miller2_both_50_70_ec_ev_source', 'Branch name'), ('miller2_both_50_70_ec_ev_target', 'Branch name'))": 0.9366443,
    "(('miller2_both_50_70_ec_ev_source', 'Sector name'), ('miller2_both_50_70_ec_ev_target', 'Sector name'))": 0.9366443,
    "(('miller2_both_50_70_ec_ev_source', 'Sector ID'), ('miller2_both_50_70_ec_ev_target', 'Sector ID'))": 0.93483275,
    "(('miller2_both_50_70_ec_ev_source', 'Branch ID'), ('miller2_both_50_70_ec_ev_target', 'Branch ID'))": 0.93483275
  },
  "metrics": {
    "precision": 1.0,
    "recall": 1.0,
    "f1_score": 1.0,
    "precision_at_10_percent": 1.0,
    "precision_at_20_percent": 1.0,
    "precision_at_30_percent": 1.0,
    "precision_at_40_percent": 1.0,
    "precision_at_50_percent": 1.0,
    "precision_at_60_percent": 1.0,
    "precision_at_70_percent": 1.0,
    "precision_at_80_percent": 1.0,
    "precision_at_90_percent": 1.0,
    "recall_at_sizeof_ground_truth": 1.0
  },
  "run_times": {
    "total_time": 2.3823577049188316,
    "algorithm_time": 2.382332834880799
  }
}