{
  "name": "miller2_both_50_1_ac4_av__Coma{'max_n': 0, 'strategy': 'COMA_OPT'}",
  "matches": {
    "(('miller2_both_50_1_ac4_av_source', 'Section ID'), ('miller2_both_50_1_ac4_av_target', 'miller2_SecID'))": 0.3026821,
    "(('miller2_both_50_1_ac4_av_source', 'Branch ID'), ('miller2_both_50_1_ac4_av_target', 'miller2_ConID'))": 0.26483107
  },
  "metrics": {
    "precision": 0.0,
    "recall": 0.0,
    "f1_score": 0,
    "precision_at_10_percent": 0.0,
    "precision_at_20_percent": 0.0,
    "precision_at_30_percent": 0.0,
    "precision_at_40_percent": 0.0,
    "precision_at_50_percent": 0.0,
    "precision_at_60_percent": 0.0,
    "precision_at_70_percent": 0.0,
    "precision_at_80_percent": 0.0,
    "precision_at_90_percent": 0.0,
    "recall_at_sizeof_ground_truth": 0.0
  },
  "run_times": {
    "total_time": 1.467136612001923,
    "algorithm_time": 1.4671228990009695
  }
}