{
  "name": "miller2_vertical_1_ac3_av__Coma{'max_n': 0, 'strategy': 'COMA_OPT'}",
  "matches": {
    "(('miller2_vertical_1_ac3_av_source', 'Section ID'), ('miller2_vertical_1_ac3_av_target', 'sctrd'))": 0.30206499,
    "(('miller2_vertical_1_ac3_av_source', 'Fiscal year'), ('miller2_vertical_1_ac3_av_target', 'fsclr'))": 0.29680184,
    "(('miller2_vertical_1_ac3_av_source', 'IRTC percent'), ('miller2_vertical_1_ac3_av_target', 'mntspnt'))": 0.28381678,
    "(('miller2_vertical_1_ac3_av_source', 'CFLI (marker)'), ('miller2_vertical_1_ac3_av_target', 'chldrnsss(mrkr)'))": 0.27475512,
    "(('miller2_vertical_1_ac3_av_source', 'Fund centre ID'), ('miller2_vertical_1_ac3_av_target', 'cntrrgnd'))": 0.267053,
    "(('miller2_vertical_1_ac3_av_source', 'Project number'), ('miller2_vertical_1_ac3_av_target', 'rgnstntp'))": 0.25684893
  },
  "metrics": {
    "precision": 0.16666666666666666,
    "recall": 1.0,
    "f1_score": 0.2857142857142857,
    "precision_at_10_percent": 0.0,
    "precision_at_20_percent": 0.5,
    "precision_at_30_percent": 0.5,
    "precision_at_40_percent": 0.3333333333333333,
    "precision_at_50_percent": 0.3333333333333333,
    "precision_at_60_percent": 0.25,
    "precision_at_70_percent": 0.2,
    "precision_at_80_percent": 0.2,
    "precision_at_90_percent": 0.16666666666666666,
    "recall_at_sizeof_ground_truth": 0.0
  },
  "run_times": {
    "total_time": 3.5191065260005416,
    "algorithm_time": 3.5190888969991647
  }
}