{
  "name": "miller2_both_50_1_ac1_av__Coma{'max_n': 0, 'strategy': 'COMA_OPT_INST'}",
  "matches": {
    "(('miller2_both_50_1_ac1_av_source', 'CFLI (marker)'), ('miller2_both_50_1_ac1_av_target', 'miller2_UrbanIssues(marker)'))": 0.5301877,
    "(('miller2_both_50_1_ac1_av_source', 'CFLI (marker)'), ('miller2_both_50_1_ac1_av_target', 'miller2_YouthIssues(marker)'))": 0.5301877,
    "(('miller2_both_50_1_ac1_av_source', 'CFLI (marker)'), ('miller2_both_50_1_ac1_av_target', 'miller2_Biodiversity(marker)'))": 0.5269554,
    "(('miller2_both_50_1_ac1_av_source', 'Enviromental sustainability (marker)'), ('miller2_both_50_1_ac1_av_target', 'miller2_DisabilityIssues(marker)'))": 0.5165051,
    "(('miller2_both_50_1_ac1_av_source', 'FSTC percent'), ('miller2_both_50_1_ac1_av_target', 'miller2_SectorPercent'))": 0.4555846,
    "(('miller2_both_50_1_ac1_av_source', 'Fiscal year'), ('miller2_both_50_1_ac1_av_target', 'miller2_FiscalYear'))": 0.39396554,
    "(('miller2_both_50_1_ac1_av_source', 'Section name'), ('miller2_both_50_1_ac1_av_target', 'miller2_SectorName'))": 0.33133417,
    "(('miller2_both_50_1_ac1_av_source', 'Fund centre name'), ('miller2_both_50_1_ac1_av_target', 'miller2_CountryRegionName'))": 0.32923073,
    "(('miller2_both_50_1_ac1_av_source', 'Branch name'), ('miller2_both_50_1_ac1_av_target', 'miller2_ContinentName'))": 0.32475176,
    "(('miller2_both_50_1_ac1_av_source', 'Section ID'), ('miller2_both_50_1_ac1_av_target', 'miller2_SectorID'))": 0.29410702,
    "(('miller2_both_50_1_ac1_av_source', 'PBA type'), ('miller2_both_50_1_ac1_av_target', 'miller2_OrganisationType'))": 0.26807722,
    "(('miller2_both_50_1_ac1_av_source', 'Project number'), ('miller2_both_50_1_ac1_av_target', 'miller2_ProjectBrowserCountryID'))": 0.2496057
  },
  "metrics": {
    "precision": 0.08333333333333333,
    "recall": 1.0,
    "f1_score": 0.15384615384615385,
    "precision_at_10_percent": 0.0,
    "precision_at_20_percent": 0.0,
    "precision_at_30_percent": 0.0,
    "precision_at_40_percent": 0.0,
    "precision_at_50_percent": 0.16666666666666666,
    "precision_at_60_percent": 0.125,
    "precision_at_70_percent": 0.1111111111111111,
    "precision_at_80_percent": 0.1,
    "precision_at_90_percent": 0.09090909090909091,
    "recall_at_sizeof_ground_truth": 0.0
  },
  "run_times": {
    "total_time": 191.66188190899993,
    "algorithm_time": 191.66186758599724
  }
}