{
  "name": "miller2_horizontal_0_ac2_av__Coma{'max_n': 0, 'strategy': 'COMA_OPT_INST'}",
  "matches": {
    "(('miller2_horizontal_0_ac2_av_source', 'Sector ID'), ('miller2_horizontal_0_ac2_av_target', 'Sector ID'))": 0.6384906,
    "(('miller2_horizontal_0_ac2_av_source', 'Status'), ('miller2_horizontal_0_ac2_av_target', 'Sta'))": 0.6194583,
    "(('miller2_horizontal_0_ac2_av_source', 'FSTC percent'), ('miller2_horizontal_0_ac2_av_target', 'FSTCPerc'))": 0.57779825,
    "(('miller2_horizontal_0_ac2_av_source', 'IRTC percent'), ('miller2_horizontal_0_ac2_av_target', 'IRTCPe'))": 0.5568044,
    "(('miller2_horizontal_0_ac2_av_source', 'PBA type'), ('miller2_horizontal_0_ac2_av_target', 'PBAT'))": 0.55405533,
    "(('miller2_horizontal_0_ac2_av_source', 'Organisation type'), ('miller2_horizontal_0_ac2_av_target', 'OrganTy'))": 0.5407144,
    "(('miller2_horizontal_0_ac2_av_source', 'Programming process (new)'), ('miller2_horizontal_0_ac2_av_target', 'ProgrProc'))": 0.53420675,
    "(('miller2_horizontal_0_ac2_av_source', 'Organisation sub-class'), ('miller2_horizontal_0_ac2_av_target', 'OrganiS'))": 0.532761,
    "(('miller2_horizontal_0_ac2_av_source', 'Continent name'), ('miller2_horizontal_0_ac2_av_target', 'ContNa'))": 0.52967083,
    "(('miller2_horizontal_0_ac2_av_source', 'Fiscal year'), ('miller2_horizontal_0_ac2_av_target', 'FisYe'))": 0.52864367,
    "(('miller2_horizontal_0_ac2_av_source', 'CountryRegion ID'), ('miller2_horizontal_0_ac2_av_target', 'CounRegID'))": 0.5155742,
    "(('miller2_horizontal_0_ac2_av_source', 'Organisation class'), ('miller2_horizontal_0_ac2_av_target', 'OrgaCla'))": 0.49760804,
    "(('miller2_horizontal_0_ac2_av_source', 'Sector name'), ('miller2_horizontal_0_ac2_av_target', 'SecNa'))": 0.47771987,
    "(('miller2_horizontal_0_ac2_av_source', 'Continent ID'), ('miller2_horizontal_0_ac2_av_target', 'ContID'))": 0.4756891,
    "(('miller2_horizontal_0_ac2_av_source', 'Sector percent'), ('miller2_horizontal_0_ac2_av_target', 'SePe'))": 0.4534297,
    "(('miller2_horizontal_0_ac2_av_source', 'Branch ID'), ('miller2_horizontal_0_ac2_av_target', 'BraID'))": 0.44230208,
    "(('miller2_horizontal_0_ac2_av_source', 'Organisation name'), ('miller2_horizontal_0_ac2_av_target', 'OrgaN'))": 0.43800497,
    "(('miller2_horizontal_0_ac2_av_source', 'CIDA business delivery model (old)'), ('miller2_horizontal_0_ac2_av_target', 'CIDABuDelMod'))": 0.4375028,
    "(('miller2_horizontal_0_ac2_av_source', 'Project Browser country ID'), ('miller2_horizontal_0_ac2_av_target', 'PrBrCoID'))": 0.4106645,
    "(('miller2_horizontal_0_ac2_av_source', 'CountryRegion name'), ('miller2_horizontal_0_ac2_av_target', 'CouRegNa'))": 0.40434647,
    "(('miller2_horizontal_0_ac2_av_source', 'CountryRegion percent'), ('miller2_horizontal_0_ac2_av_target', 'CoRePerc'))": 0.38716957,
    "(('miller2_horizontal_0_ac2_av_source', 'Project number'), ('miller2_horizontal_0_ac2_av_target', 'ProjNum'))": 0.37114364,
    "(('miller2_horizontal_0_ac2_av_source', 'Fund centre ID'), ('miller2_horizontal_0_ac2_av_target', 'FuCenID'))": 0.3697575,
    "(('miller2_horizontal_0_ac2_av_source', 'Division ID'), ('miller2_horizontal_0_ac2_av_target', 'DiID'))": 0.35547802,
    "(('miller2_horizontal_0_ac2_av_source', 'Participatory development and good governance'), ('miller2_horizontal_0_ac2_av_target', 'ParticDevelAGoGover'))": 0.33490807,
    "(('miller2_horizontal_0_ac2_av_source', 'Maximum CIDA contribution (project-level)'), ('miller2_horizontal_0_ac2_av_target', 'MaxCIDAContr'))": 0.32960147,
    "(('miller2_horizontal_0_ac2_av_source', 'Amount spent'), ('miller2_horizontal_0_ac2_av_target', 'AmSp'))": 0.29047698
  },
  "metrics": {
    "precision": 1.0,
    "recall": 0.5294117647058824,
    "f1_score": 0.6923076923076924,
    "precision_at_10_percent": 1.0,
    "precision_at_20_percent": 1.0,
    "precision_at_30_percent": 1.0,
    "precision_at_40_percent": 1.0,
    "precision_at_50_percent": 1.0,
    "precision_at_60_percent": 1.0,
    "precision_at_70_percent": 1.0,
    "precision_at_80_percent": 1.0,
    "precision_at_90_percent": 1.0,
    "recall_at_sizeof_ground_truth": 0.5294117647058824
  },
  "run_times": {
    "total_time": 934.6600618940001,
    "algorithm_time": 934.6600461520002
  }
}