{
  "name": "miller2_vertical_50_ac3_ev__Coma{'max_n': 0, 'strategy': 'COMA_OPT'}",
  "matches": {
    "(('miller2_vertical_50_ac3_ev_source', 'Branch ID'), ('miller2_vertical_50_ac3_ev_target', 'brnchd'))": 0.42944068,
    "(('miller2_vertical_50_ac3_ev_source', 'CFLI (marker)'), ('miller2_vertical_50_ac3_ev_target', 'cfl(mrkr)'))": 0.40380272,
    "(('miller2_vertical_50_ac3_ev_source', 'Status'), ('miller2_vertical_50_ac3_ev_target', 'stts'))": 0.3899799,
    "(('miller2_vertical_50_ac3_ev_source', 'Fund centre ID'), ('miller2_vertical_50_ac3_ev_target', 'fndcntrd'))": 0.31687963,
    "(('miller2_vertical_50_ac3_ev_source', 'Section ID'), ('miller2_vertical_50_ac3_ev_target', 'sctrd'))": 0.31342486,
    "(('miller2_vertical_50_ac3_ev_source', 'Project number'), ('miller2_vertical_50_ac3_ev_target', 'prjctnmbr'))": 0.31102198,
    "(('miller2_vertical_50_ac3_ev_source', 'Fiscal year'), ('miller2_vertical_50_ac3_ev_target', 'fsclr'))": 0.3081617,
    "(('miller2_vertical_50_ac3_ev_source', 'CountryRegion ID'), ('miller2_vertical_50_ac3_ev_target', 'cntrrgnd'))": 0.30550063,
    "(('miller2_vertical_50_ac3_ev_source', 'CountryRegion percent'), ('miller2_vertical_50_ac3_ev_target', 'cntrrgnprcnt'))": 0.3039823,
    "(('miller2_vertical_50_ac3_ev_source', 'IRTC percent'), ('miller2_vertical_50_ac3_ev_target', 'mntspnt'))": 0.2951182,
    "(('miller2_vertical_50_ac3_ev_source', 'Organisation sub-class'), ('miller2_vertical_50_ac3_ev_target', 'rgnstnsb-clss'))": 0.2945016,
    "(('miller2_vertical_50_ac3_ev_source', 'Biodiversity (marker)'), ('miller2_vertical_50_ac3_ev_target', 'bdvrst(mrkr)'))": 0.26803064,
    "(('miller2_vertical_50_ac3_ev_source', 'CIDA business delivery model (old)'), ('miller2_vertical_50_ac3_ev_target', 'cdbsnssdlvrmdl(ld)'))": 0.24312854
  },
  "metrics": {
    "precision": 0.8461538461538461,
    "recall": 0.44,
    "f1_score": 0.5789473684210525,
    "precision_at_10_percent": 1.0,
    "precision_at_20_percent": 1.0,
    "precision_at_30_percent": 1.0,
    "precision_at_40_percent": 0.8333333333333334,
    "precision_at_50_percent": 0.8571428571428571,
    "precision_at_60_percent": 0.875,
    "precision_at_70_percent": 0.8,
    "precision_at_80_percent": 0.8181818181818182,
    "precision_at_90_percent": 0.8333333333333334,
    "recall_at_sizeof_ground_truth": 0.44
  },
  "run_times": {
    "total_time": 2.7681966861709952,
    "algorithm_time": 2.7681710820179433
  }
}