{
  "name": "miller2_horizontal_100_ac4_ev__Coma{'max_n': 0, 'strategy': 'COMA_OPT'}",
  "matches": {
    "(('miller2_horizontal_100_ac4_ev_source', 'Sector name'), ('miller2_horizontal_100_ac4_ev_target', 'Sector name'))": 0.76753354,
    "(('miller2_horizontal_100_ac4_ev_source', 'Sector ID'), ('miller2_horizontal_100_ac4_ev_target', 'Sector ID'))": 0.7660537,
    "(('miller2_horizontal_100_ac4_ev_source', 'Organisation class'), ('miller2_horizontal_100_ac4_ev_target', 'miller2_OrganiS'))": 0.3931072,
    "(('miller2_horizontal_100_ac4_ev_source', 'Division ID'), ('miller2_horizontal_100_ac4_ev_target', 'miller2_DivID'))": 0.3847901,
    "(('miller2_horizontal_100_ac4_ev_source', 'Trade development (marker)'), ('miller2_horizontal_100_ac4_ev_target', 'miller2_TraDevelo'))": 0.3694948,
    "(('miller2_horizontal_100_ac4_ev_source', 'FSTC percent'), ('miller2_horizontal_100_ac4_ev_target', 'miller2_FSTCPerc'))": 0.3564599,
    "(('miller2_horizontal_100_ac4_ev_source', 'Project Browser country ID'), ('miller2_horizontal_100_ac4_ev_target', 'miller2_ProjBrCounID'))": 0.33252746,
    "(('miller2_horizontal_100_ac4_ev_source', 'Programming process (new)'), ('miller2_horizontal_100_ac4_ev_target', 'miller2_PrograProc'))": 0.32739747,
    "(('miller2_horizontal_100_ac4_ev_source', 'Participatory development and good governance'), ('miller2_horizontal_100_ac4_ev_target', 'miller2_PartDeveloAnGGove'))": 0.324105,
    "(('miller2_horizontal_100_ac4_ev_source', 'Desertification (marker)'), ('miller2_horizontal_100_ac4_ev_target', 'miller2_Desert'))": 0.30999026,
    "(('miller2_horizontal_100_ac4_ev_source', 'Enviromental sustainability (marker)'), ('miller2_horizontal_100_ac4_ev_target', 'miller2_EnviroSust'))": 0.30871767,
    "(('miller2_horizontal_100_ac4_ev_source', 'PBA type'), ('miller2_horizontal_100_ac4_ev_target', 'miller2_IRTCPe'))": 0.30719247,
    "(('miller2_horizontal_100_ac4_ev_source', 'PBA type'), ('miller2_horizontal_100_ac4_ev_target', 'miller2_AmoSpe'))": 0.30719247,
    "(('miller2_horizontal_100_ac4_ev_source', 'Biodiversity (marker)'), ('miller2_horizontal_100_ac4_ev_target', 'miller2_Biodi'))": 0.29493105,
    "(('miller2_horizontal_100_ac4_ev_source', 'CFLI (marker)'), ('miller2_horizontal_100_ac4_ev_target', 'miller2_CFLI'))": 0.29413784,
    "(('miller2_horizontal_100_ac4_ev_source', 'Project number'), ('miller2_horizontal_100_ac4_ev_target', 'miller2_ProNum'))": 0.28645217,
    "(('miller2_horizontal_100_ac4_ev_source', 'CIDA business delivery model (old)'), ('miller2_horizontal_100_ac4_ev_target', 'miller2_CIDABusiDeMod'))": 0.28541568,
    "(('miller2_horizontal_100_ac4_ev_source', 'Status'), ('miller2_horizontal_100_ac4_ev_target', 'miller2_St'))": 0.2834329,
    "(('miller2_horizontal_100_ac4_ev_source', 'Fiscal year'), ('miller2_horizontal_100_ac4_ev_target', 'miller2_BilatAiMar'))": 0.27942687,
    "(('miller2_horizontal_100_ac4_ev_source', 'Children issues (marker)'), ('miller2_horizontal_100_ac4_ev_target', 'miller2_ChilIss'))": 0.27888298,
    "(('miller2_horizontal_100_ac4_ev_source', 'Climate change adaptation (marker)'), ('miller2_horizontal_100_ac4_ev_target', 'miller2_ClimChAda'))": 0.2725279,
    "(('miller2_horizontal_100_ac4_ev_source', 'Untied amount(Project-level budget)'), ('miller2_horizontal_100_ac4_ev_target', 'miller2_UntAmoProBud'))": 0.2692731,
    "(('miller2_horizontal_100_ac4_ev_source', 'Knowledge for development (marker)'), ('miller2_horizontal_100_ac4_ev_target', 'miller2_KnoFoDevel'))": 0.26900566,
    "(('miller2_horizontal_100_ac4_ev_source', 'Climate change mitigation (marker)'), ('miller2_horizontal_100_ac4_ev_target', 'miller2_ClChMitig'))": 0.2543461,
    "(('miller2_horizontal_100_ac4_ev_source', 'Gender equality (marker)'), ('miller2_horizontal_100_ac4_ev_target', 'miller2_GenEqu'))": 0.2537505
  },
  "metrics": {
    "precision": 0.84,
    "recall": 0.4117647058823529,
    "f1_score": 0.5526315789473684,
    "precision_at_10_percent": 0.6666666666666666,
    "precision_at_20_percent": 0.8,
    "precision_at_30_percent": 0.875,
    "precision_at_40_percent": 0.9,
    "precision_at_50_percent": 0.7692307692307693,
    "precision_at_60_percent": 0.8,
    "precision_at_70_percent": 0.8333333333333334,
    "precision_at_80_percent": 0.8,
    "precision_at_90_percent": 0.8260869565217391,
    "recall_at_sizeof_ground_truth": 0.4117647058823529
  },
  "run_times": {
    "total_time": 2.846121647000018,
    "algorithm_time": 2.8461071820000825
  }
}