{
  "name": "miller2_vertical_1_ac3_ev__Coma{'max_n': 0, 'strategy': 'COMA_OPT_INST'}",
  "matches": {
    "(('miller2_vertical_1_ac3_ev_source', 'Fiscal year'), ('miller2_vertical_1_ac3_ev_target', 'fsclr'))": 0.4374415,
    "(('miller2_vertical_1_ac3_ev_source', 'CFLI (marker)'), ('miller2_vertical_1_ac3_ev_target', 'chldrnsss(mrkr)'))": 0.41610414,
    "(('miller2_vertical_1_ac3_ev_source', 'Desertification (marker)'), ('miller2_vertical_1_ac3_ev_target', 'dsbltsss(mrkr)'))": 0.39442793,
    "(('miller2_vertical_1_ac3_ev_source', 'FSTC percent'), ('miller2_vertical_1_ac3_ev_target', 'cntrrgnprcnt'))": 0.3640632,
    "(('miller2_vertical_1_ac3_ev_source', 'Fund centre name'), ('miller2_vertical_1_ac3_ev_target', 'cntrrgnnm'))": 0.30975747,
    "(('miller2_vertical_1_ac3_ev_source', 'Section ID'), ('miller2_vertical_1_ac3_ev_target', 'sctrd'))": 0.24165198,
    "(('miller2_vertical_1_ac3_ev_source', 'IRTC percent'), ('miller2_vertical_1_ac3_ev_target', 'mntspnt'))": 0.22705343,
    "(('miller2_vertical_1_ac3_ev_source', 'Fund centre ID'), ('miller2_vertical_1_ac3_ev_target', 'cntrrgnd'))": 0.2136424,
    "(('miller2_vertical_1_ac3_ev_source', 'Programming process (new)'), ('miller2_vertical_1_ac3_ev_target', 'rgnstntp'))": 0.21358737
  },
  "metrics": {
    "precision": 0.1111111111111111,
    "recall": 1.0,
    "f1_score": 0.19999999999999998,
    "precision_at_10_percent": 1.0,
    "precision_at_20_percent": 0.5,
    "precision_at_30_percent": 0.3333333333333333,
    "precision_at_40_percent": 0.25,
    "precision_at_50_percent": 0.2,
    "precision_at_60_percent": 0.16666666666666666,
    "precision_at_70_percent": 0.14285714285714285,
    "precision_at_80_percent": 0.125,
    "precision_at_90_percent": 0.1111111111111111,
    "recall_at_sizeof_ground_truth": 1.0
  },
  "run_times": {
    "total_time": 298.12919564684853,
    "algorithm_time": 298.1291672778316
  }
}