{
  "name": "miller2_vertical_30_ac3_av__Coma{'max_n': 0, 'strategy': 'COMA_OPT_INST'}",
  "matches": {
    "(('miller2_vertical_30_ac3_av_source', 'Fund centre ID'), ('miller2_vertical_30_ac3_av_target', 'fndcntrd'))": 0.4508527,
    "(('miller2_vertical_30_ac3_av_source', 'CountryRegion ID'), ('miller2_vertical_30_ac3_av_target', 'cntrrgnd'))": 0.44174948,
    "(('miller2_vertical_30_ac3_av_source', 'CFLI (marker)'), ('miller2_vertical_30_ac3_av_target', 'chldrnsss(mrkr)'))": 0.4225997,
    "(('miller2_vertical_30_ac3_av_source', 'Project Browser country ID'), ('miller2_vertical_30_ac3_av_target', 'prjctbrwsrcntrd'))": 0.4125805,
    "(('miller2_vertical_30_ac3_av_source', 'Desertification (marker)'), ('miller2_vertical_30_ac3_av_target', 'dsbltsss(mrkr)'))": 0.40096217,
    "(('miller2_vertical_30_ac3_av_source', 'FSTC percent'), ('miller2_vertical_30_ac3_av_target', 'cntrrgnprcnt'))": 0.37050426,
    "(('miller2_vertical_30_ac3_av_source', 'Organisation ID'), ('miller2_vertical_30_ac3_av_target', 'rgnstnd'))": 0.35191423,
    "(('miller2_vertical_30_ac3_av_source', 'Fund centre name'), ('miller2_vertical_30_ac3_av_target', 'cntrrgnnm'))": 0.31663045,
    "(('miller2_vertical_30_ac3_av_source', 'Branch ID'), ('miller2_vertical_30_ac3_av_target', 'brnchnm'))": 0.2881794,
    "(('miller2_vertical_30_ac3_av_source', 'Section ID'), ('miller2_vertical_30_ac3_av_target', 'sctrd'))": 0.24808887,
    "(('miller2_vertical_30_ac3_av_source', 'Project number'), ('miller2_vertical_30_ac3_av_target', 'prjctnmbr'))": 0.24616656,
    "(('miller2_vertical_30_ac3_av_source', 'Fiscal year'), ('miller2_vertical_30_ac3_av_target', 'fsclr'))": 0.24387833,
    "(('miller2_vertical_30_ac3_av_source', 'IRTC percent'), ('miller2_vertical_30_ac3_av_target', 'mntspnt'))": 0.23344354,
    "(('miller2_vertical_30_ac3_av_source', 'Amount spent'), ('miller2_vertical_30_ac3_av_target', 'mntspnt'))": 0.23206897,
    "(('miller2_vertical_30_ac3_av_source', 'Programming process (new)'), ('miller2_vertical_30_ac3_av_target', 'prgrmmngprcss(nw)'))": 0.2135205
  },
  "metrics": {
    "precision": 0.5333333333333333,
    "recall": 0.5333333333333333,
    "f1_score": 0.5333333333333333,
    "precision_at_10_percent": 1.0,
    "precision_at_20_percent": 0.6666666666666666,
    "precision_at_30_percent": 0.6,
    "precision_at_40_percent": 0.5,
    "precision_at_50_percent": 0.5,
    "precision_at_60_percent": 0.4444444444444444,
    "precision_at_70_percent": 0.45454545454545453,
    "precision_at_80_percent": 0.5,
    "precision_at_90_percent": 0.5,
    "recall_at_sizeof_ground_truth": 0.5333333333333333
  },
  "run_times": {
    "total_time": 1404.279256803,
    "algorithm_time": 1404.2792375930003
  }
}