{
  "name": "miller2_both_50_50_ac5_av__Coma{'max_n': 0, 'strategy': 'COMA_OPT'}",
  "matches": {
    "(('miller2_both_50_50_ac5_av_source', 'CFLI (marker)'), ('miller2_both_50_50_ac5_av_target', 'miller2_cfl(mrkr)'))": 0.26825574,
    "(('miller2_both_50_50_ac5_av_source', 'Untied amount(Project-level budget)'), ('miller2_both_50_50_ac5_av_target', 'miller2_ntdmnt(prjct-lvlbdgt)'))": 0.263907,
    "(('miller2_both_50_50_ac5_av_source', 'Branch ID'), ('miller2_both_50_50_ac5_av_target', 'miller2_brnchd'))": 0.26261726,
    "(('miller2_both_50_50_ac5_av_source', 'Organisation sub-class'), ('miller2_both_50_50_ac5_av_target', 'miller2_rgnstnsb-clss'))": 0.25107867,
    "(('miller2_both_50_50_ac5_av_source', 'Maximum CIDA contribution (project-level)'), ('miller2_both_50_50_ac5_av_target', 'miller2_mxmmcdcntrbtn(prjct-lvl)'))": 0.23424476
  },
  "metrics": {
    "precision": 1.0,
    "recall": 0.2,
    "f1_score": 0.33333333333333337,
    "precision_at_10_percent": 1.0,
    "precision_at_20_percent": 1.0,
    "precision_at_30_percent": 1.0,
    "precision_at_40_percent": 1.0,
    "precision_at_50_percent": 1.0,
    "precision_at_60_percent": 1.0,
    "precision_at_70_percent": 1.0,
    "precision_at_80_percent": 1.0,
    "precision_at_90_percent": 1.0,
    "recall_at_sizeof_ground_truth": 0.2
  },
  "run_times": {
    "total_time": 9.91444328599755,
    "algorithm_time": 9.914426480998372
  }
}