{
  "name": "miller2_vertical_30_ac5_av__Coma{'max_n': 0, 'strategy': 'COMA_OPT'}",
  "matches": {
    "(('miller2_vertical_30_ac5_av_source', 'Untied amount(Project-level budget)'), ('miller2_vertical_30_ac5_av_target', 'miller2_ntdmnt(prjct-lvlbdgt)'))": 0.2668575,
    "(('miller2_vertical_30_ac5_av_source', 'Maximum CIDA contribution (project-level)'), ('miller2_vertical_30_ac5_av_target', 'miller2_mxmmcdcntrbtn(prjct-lvl)'))": 0.23754823
  },
  "metrics": {
    "precision": 1.0,
    "recall": 0.13333333333333333,
    "f1_score": 0.23529411764705882,
    "precision_at_10_percent": 1.0,
    "precision_at_20_percent": 1.0,
    "precision_at_30_percent": 1.0,
    "precision_at_40_percent": 1.0,
    "precision_at_50_percent": 1.0,
    "precision_at_60_percent": 1.0,
    "precision_at_70_percent": 1.0,
    "precision_at_80_percent": 1.0,
    "precision_at_90_percent": 1.0,
    "recall_at_sizeof_ground_truth": 0.13333333333333333
  },
  "run_times": {
    "total_time": 14.205291401999602,
    "algorithm_time": 14.205275952999727
  }
}