{
  "name": "miller2_vertical_1_ac1_av__Coma{'max_n': 0, 'strategy': 'COMA_OPT_INST'}",
  "matches": {
    "(('miller2_vertical_1_ac1_av_source', 'CFLI (marker)'), ('miller2_vertical_1_ac1_av_target', 'miller2_UrbanIssues(marker)'))": 0.5314456,
    "(('miller2_vertical_1_ac1_av_source', 'CFLI (marker)'), ('miller2_vertical_1_ac1_av_target', 'miller2_YouthIssues(marker)'))": 0.5302456,
    "(('miller2_vertical_1_ac1_av_source', 'CFLI (marker)'), ('miller2_vertical_1_ac1_av_target', 'miller2_Biodiversity(marker)'))": 0.52811325,
    "(('miller2_vertical_1_ac1_av_source', 'Enviromental sustainability (marker)'), ('miller2_vertical_1_ac1_av_target', 'miller2_DisabilityIssues(marker)'))": 0.51769036,
    "(('miller2_vertical_1_ac1_av_source', 'FSTC percent'), ('miller2_vertical_1_ac1_av_target', 'miller2_SectorPercent'))": 0.47920904,
    "(('miller2_vertical_1_ac1_av_source', 'Fund centre name'), ('miller2_vertical_1_ac1_av_target', 'miller2_CountryRegionName'))": 0.3992501,
    "(('miller2_vertical_1_ac1_av_source', 'Fiscal year'), ('miller2_vertical_1_ac1_av_target', 'miller2_FiscalYear'))": 0.39396554,
    "(('miller2_vertical_1_ac1_av_source', 'Branch name'), ('miller2_vertical_1_ac1_av_target', 'miller2_ContinentName'))": 0.3192973,
    "(('miller2_vertical_1_ac1_av_source', 'Section ID'), ('miller2_vertical_1_ac1_av_target', 'miller2_SectorID'))": 0.29549462,
    "(('miller2_vertical_1_ac1_av_source', 'PBA type'), ('miller2_vertical_1_ac1_av_target', 'miller2_OrganisationType'))": 0.2695466,
    "(('miller2_vertical_1_ac1_av_source', 'Project number'), ('miller2_vertical_1_ac1_av_target', 'miller2_ProjectBrowserCountryID'))": 0.25110453
  },
  "metrics": {
    "precision": 0.09090909090909091,
    "recall": 1.0,
    "f1_score": 0.16666666666666669,
    "precision_at_10_percent": 0.0,
    "precision_at_20_percent": 0.0,
    "precision_at_30_percent": 0.0,
    "precision_at_40_percent": 0.0,
    "precision_at_50_percent": 0.0,
    "precision_at_60_percent": 0.14285714285714285,
    "precision_at_70_percent": 0.125,
    "precision_at_80_percent": 0.1111111111111111,
    "precision_at_90_percent": 0.1,
    "recall_at_sizeof_ground_truth": 0.0
  },
  "run_times": {
    "total_time": 702.523478739,
    "algorithm_time": 702.5234609269996
  }
}