{
  "name": "miller2_both_50_70_ac3_av__Coma{'max_n': 0, 'strategy': 'COMA_OPT_INST'}",
  "matches": {
    "(('miller2_both_50_70_ac3_av_source', 'Children issues (marker)'), ('miller2_both_50_70_ac3_av_target', 'chldrnsss(mrkr)'))": 0.44134122,
    "(('miller2_both_50_70_ac3_av_source', 'Continent ID'), ('miller2_both_50_70_ac3_av_target', 'cntnntd'))": 0.41991633,
    "(('miller2_both_50_70_ac3_av_source', 'Biodiversity (marker)'), ('miller2_both_50_70_ac3_av_target', 'bdvrst(mrkr)'))": 0.4112617,
    "(('miller2_both_50_70_ac3_av_source', 'Gender equality (marker)'), ('miller2_both_50_70_ac3_av_target', 'gndrqlt(mrkr)'))": 0.40180644,
    "(('miller2_both_50_70_ac3_av_source', 'Sector ID'), ('miller2_both_50_70_ac3_av_target', 'sctrd'))": 0.37345758,
    "(('miller2_both_50_70_ac3_av_source', 'FSTC percent'), ('miller2_both_50_70_ac3_av_target', 'fstcprcnt'))": 0.367202,
    "(('miller2_both_50_70_ac3_av_source', 'Status'), ('miller2_both_50_70_ac3_av_target', 'stts'))": 0.31105477,
    "(('miller2_both_50_70_ac3_av_source', 'Branch ID'), ('miller2_both_50_70_ac3_av_target', 'brnchnm'))": 0.2897991,
    "(('miller2_both_50_70_ac3_av_source', 'Organisation sub-class'), ('miller2_both_50_70_ac3_av_target', 'rgnstnsb-clss'))": 0.2860634,
    "(('miller2_both_50_70_ac3_av_source', 'PBA type'), ('miller2_both_50_70_ac3_av_target', 'pbtp'))": 0.27656567,
    "(('miller2_both_50_70_ac3_av_source', 'IRTC percent'), ('miller2_both_50_70_ac3_av_target', 'rtcprcnt'))": 0.26827222,
    "(('miller2_both_50_70_ac3_av_source', 'Fund centre ID'), ('miller2_both_50_70_ac3_av_target', 'fndcntrd'))": 0.25237367,
    "(('miller2_both_50_70_ac3_av_source', 'Project number'), ('miller2_both_50_70_ac3_av_target', 'prjctnmbr'))": 0.24767677,
    "(('miller2_both_50_70_ac3_av_source', 'Fiscal year'), ('miller2_both_50_70_ac3_av_target', 'fsclr'))": 0.24397016,
    "(('miller2_both_50_70_ac3_av_source', 'CountryRegion percent'), ('miller2_both_50_70_ac3_av_target', 'cntrrgnprcnt'))": 0.24205041,
    "(('miller2_both_50_70_ac3_av_source', 'Amount spent'), ('miller2_both_50_70_ac3_av_target', 'mntspnt'))": 0.23362689,
    "(('miller2_both_50_70_ac3_av_source', 'Organisation ID'), ('miller2_both_50_70_ac3_av_target', 'rgnstnd'))": 0.23075357,
    "(('miller2_both_50_70_ac3_av_source', 'Division name'), ('miller2_both_50_70_ac3_av_target', 'cntnntnm'))": 0.21943147,
    "(('miller2_both_50_70_ac3_av_source', 'CountryRegion name'), ('miller2_both_50_70_ac3_av_target', 'cntrrgnnm'))": 0.20609531
  },
  "metrics": {
    "precision": 0.8947368421052632,
    "recall": 0.4857142857142857,
    "f1_score": 0.6296296296296297,
    "precision_at_10_percent": 1.0,
    "precision_at_20_percent": 1.0,
    "precision_at_30_percent": 1.0,
    "precision_at_40_percent": 0.875,
    "precision_at_50_percent": 0.9,
    "precision_at_60_percent": 0.9166666666666666,
    "precision_at_70_percent": 0.9285714285714286,
    "precision_at_80_percent": 0.9375,
    "precision_at_90_percent": 0.8888888888888888,
    "recall_at_sizeof_ground_truth": 0.4857142857142857
  },
  "run_times": {
    "total_time": 1926.5118993710003,
    "algorithm_time": 1926.511884789
  }
}