{
  "name": "miller2_vertical_50_ac4_av__Coma{'max_n': 0, 'strategy': 'COMA_OPT_INST'}",
  "matches": {
    "(('miller2_vertical_50_ac4_av_source', 'CountryRegion ID'), ('miller2_vertical_50_ac4_av_target', 'miller2_CounReID'))": 0.446532,
    "(('miller2_vertical_50_ac4_av_source', 'Enviromental sustainability (marker)'), ('miller2_vertical_50_ac4_av_target', 'miller2_EnvirSustai'))": 0.4383246,
    "(('miller2_vertical_50_ac4_av_source', 'Biodiversity (marker)'), ('miller2_vertical_50_ac4_av_target', 'miller2_Biodi'))": 0.41574606,
    "(('miller2_vertical_50_ac4_av_source', 'Indigenous issues (marker)'), ('miller2_vertical_50_ac4_av_target', 'miller2_IndigIss'))": 0.41573733,
    "(('miller2_vertical_50_ac4_av_source', 'Trade development (marker)'), ('miller2_vertical_50_ac4_av_target', 'miller2_TrDevelo'))": 0.41573733,
    "(('miller2_vertical_50_ac4_av_source', 'CFLI (marker)'), ('miller2_vertical_50_ac4_av_target', 'miller2_CFLI'))": 0.41400504,
    "(('miller2_vertical_50_ac4_av_source', 'Climate change mitigation (marker)'), ('miller2_vertical_50_ac4_av_target', 'miller2_ClChaMitig'))": 0.39783788,
    "(('miller2_vertical_50_ac4_av_source', 'Children issues (marker)'), ('miller2_vertical_50_ac4_av_target', 'miller2_ChiIss'))": 0.38133276,
    "(('miller2_vertical_50_ac4_av_source', 'Bilateral aid (international marker)'), ('miller2_vertical_50_ac4_av_target', 'miller2_BilatAiMa'))": 0.37782735,
    "(('miller2_vertical_50_ac4_av_source', 'Section ID'), ('miller2_vertical_50_ac4_av_target', 'miller2_SectID'))": 0.31556433,
    "(('miller2_vertical_50_ac4_av_source', 'Fund centre name'), ('miller2_vertical_50_ac4_av_target', 'miller2_CounRegNa'))": 0.27821797,
    "(('miller2_vertical_50_ac4_av_source', 'IRTC percent'), ('miller2_vertical_50_ac4_av_target', 'miller2_FSTCPe'))": 0.25578523,
    "(('miller2_vertical_50_ac4_av_source', 'Continent name'), ('miller2_vertical_50_ac4_av_target', 'miller2_ConN'))": 0.23187116,
    "(('miller2_vertical_50_ac4_av_source', 'Programming process (new)'), ('miller2_vertical_50_ac4_av_target', 'miller2_ProgrProc'))": 0.22212367,
    "(('miller2_vertical_50_ac4_av_source', 'Organisation type'), ('miller2_vertical_50_ac4_av_target', 'miller2_OrganTy'))": 0.22046363,
    "(('miller2_vertical_50_ac4_av_source', 'Organisation type'), ('miller2_vertical_50_ac4_av_target', 'miller2_OrganCl'))": 0.22046363,
    "(('miller2_vertical_50_ac4_av_source', 'Organisation name'), ('miller2_vertical_50_ac4_av_target', 'miller2_OrganTy'))": 0.22046363,
    "(('miller2_vertical_50_ac4_av_source', 'Organisation name'), ('miller2_vertical_50_ac4_av_target', 'miller2_OrganCl'))": 0.22046363,
    "(('miller2_vertical_50_ac4_av_source', 'Sector percent'), ('miller2_vertical_50_ac4_av_target', 'miller2_SecPer'))": 0.20616682,
    "(('miller2_vertical_50_ac4_av_source', 'Project number'), ('miller2_vertical_50_ac4_av_target', 'miller2_SecPer'))": 0.20487387
  },
  "metrics": {
    "precision": 0.7,
    "recall": 0.56,
    "f1_score": 0.6222222222222222,
    "precision_at_10_percent": 1.0,
    "precision_at_20_percent": 1.0,
    "precision_at_30_percent": 1.0,
    "precision_at_40_percent": 1.0,
    "precision_at_50_percent": 1.0,
    "precision_at_60_percent": 0.8333333333333334,
    "precision_at_70_percent": 0.8571428571428571,
    "precision_at_80_percent": 0.8125,
    "precision_at_90_percent": 0.7222222222222222,
    "recall_at_sizeof_ground_truth": 0.56
  },
  "run_times": {
    "total_time": 2433.556822058,
    "algorithm_time": 2433.5568040160006
  }
}