{
  "name": "miller2_both_50_1_ec_av__Coma{'max_n': 0, 'strategy': 'COMA_OPT_INST'}",
  "matches": {
    "(('miller2_both_50_1_ec_av_source', 'Fiscal year'), ('miller2_both_50_1_ec_av_target', 'Fiscal year'))": 0.648081,
    "(('miller2_both_50_1_ec_av_source', 'CFLI (marker)'), ('miller2_both_50_1_ec_av_target', 'Children issues (marker)'))": 0.6081556,
    "(('miller2_both_50_1_ec_av_source', 'CFLI (marker)'), ('miller2_both_50_1_ec_av_target', 'Biodiversity (marker)'))": 0.6074463,
    "(('miller2_both_50_1_ec_av_source', 'CFLI (marker)'), ('miller2_both_50_1_ec_av_target', 'Urban issues (marker)'))": 0.6074463,
    "(('miller2_both_50_1_ec_av_source', 'CFLI (marker)'), ('miller2_both_50_1_ec_av_target', 'Youth issues (marker)'))": 0.6074463,
    "(('miller2_both_50_1_ec_av_source', 'Enviromental sustainability (marker)'), ('miller2_both_50_1_ec_av_target', 'Disability issues (marker)'))": 0.5893149,
    "(('miller2_both_50_1_ec_av_source', 'FSTC percent'), ('miller2_both_50_1_ec_av_target', 'Sector percent'))": 0.5525868,
    "(('miller2_both_50_1_ec_av_source', 'Section name'), ('miller2_both_50_1_ec_av_target', 'Sector name'))": 0.49615866,
    "(('miller2_both_50_1_ec_av_source', 'Section ID'), ('miller2_both_50_1_ec_av_target', 'Sector ID'))": 0.47065672,
    "(('miller2_both_50_1_ec_av_source', 'Branch name'), ('miller2_both_50_1_ec_av_target', 'Continent name'))": 0.40868792,
    "(('miller2_both_50_1_ec_av_source', 'PBA type'), ('miller2_both_50_1_ec_av_target', 'Organisation type'))": 0.35201335,
    "(('miller2_both_50_1_ec_av_source', 'Project number'), ('miller2_both_50_1_ec_av_target', 'Project Browser country ID'))": 0.3490067
  },
  "metrics": {
    "precision": 0.08333333333333333,
    "recall": 1.0,
    "f1_score": 0.15384615384615385,
    "precision_at_10_percent": 0.5,
    "precision_at_20_percent": 0.3333333333333333,
    "precision_at_30_percent": 0.25,
    "precision_at_40_percent": 0.2,
    "precision_at_50_percent": 0.16666666666666666,
    "precision_at_60_percent": 0.125,
    "precision_at_70_percent": 0.1111111111111111,
    "precision_at_80_percent": 0.1,
    "precision_at_90_percent": 0.09090909090909091,
    "recall_at_sizeof_ground_truth": 1.0
  },
  "run_times": {
    "total_time": 201.1174937959986,
    "algorithm_time": 201.1174693339999
  }
}