{
  "name": "miller2_horizontal_0_ac2_ev__Coma{'max_n': 0, 'strategy': 'COMA_OPT'}",
  "matches": {
    "(('miller2_horizontal_0_ac2_ev_source', 'Sector ID'), ('miller2_horizontal_0_ac2_ev_target', 'Sector ID'))": 0.7964776,
    "(('miller2_horizontal_0_ac2_ev_source', 'CountryRegion ID'), ('miller2_horizontal_0_ac2_ev_target', 'CounRegID'))": 0.5441084,
    "(('miller2_horizontal_0_ac2_ev_source', 'Division ID'), ('miller2_horizontal_0_ac2_ev_target', 'DiviID'))": 0.53601885,
    "(('miller2_horizontal_0_ac2_ev_source', 'Organisation ID'), ('miller2_horizontal_0_ac2_ev_target', 'OrganiSu'))": 0.5261648,
    "(('miller2_horizontal_0_ac2_ev_source', 'Continent ID'), ('miller2_horizontal_0_ac2_ev_target', 'ConID'))": 0.50768083,
    "(('miller2_horizontal_0_ac2_ev_source', 'Branch ID'), ('miller2_horizontal_0_ac2_ev_target', 'BrID'))": 0.50538373,
    "(('miller2_horizontal_0_ac2_ev_source', 'Status'), ('miller2_horizontal_0_ac2_ev_target', 'St'))": 0.46911213,
    "(('miller2_horizontal_0_ac2_ev_source', 'Fund centre ID'), ('miller2_horizontal_0_ac2_ev_target', 'FuCenID'))": 0.46056128,
    "(('miller2_horizontal_0_ac2_ev_source', 'Project Browser country ID'), ('miller2_horizontal_0_ac2_ev_target', 'ProjBrowCouID'))": 0.46046183,
    "(('miller2_horizontal_0_ac2_ev_source', 'PBA type'), ('miller2_horizontal_0_ac2_ev_target', 'PBAT'))": 0.45414177,
    "(('miller2_horizontal_0_ac2_ev_source', 'CFLI (marker)'), ('miller2_horizontal_0_ac2_ev_target', 'CFLI'))": 0.45302787,
    "(('miller2_horizontal_0_ac2_ev_source', 'FSTC percent'), ('miller2_horizontal_0_ac2_ev_target', 'FSTCPe'))": 0.44436985,
    "(('miller2_horizontal_0_ac2_ev_source', 'IRTC percent'), ('miller2_horizontal_0_ac2_ev_target', 'IRTCPe'))": 0.44436985,
    "(('miller2_horizontal_0_ac2_ev_source', 'Biodiversity (marker)'), ('miller2_horizontal_0_ac2_ev_target', 'Biodi'))": 0.41905499,
    "(('miller2_horizontal_0_ac2_ev_source', 'CIDA business delivery model (old)'), ('miller2_horizontal_0_ac2_ev_target', 'CIDABusiDeliMod'))": 0.41271463,
    "(('miller2_horizontal_0_ac2_ev_source', 'Fiscal year'), ('miller2_horizontal_0_ac2_ev_target', 'FisYe'))": 0.40916896,
    "(('miller2_horizontal_0_ac2_ev_source', 'Trade development (marker)'), ('miller2_horizontal_0_ac2_ev_target', 'TrDevelo'))": 0.4030834,
    "(('miller2_horizontal_0_ac2_ev_source', 'Indigenous issues (marker)'), ('miller2_horizontal_0_ac2_ev_target', 'IndigIss'))": 0.4030834,
    "(('miller2_horizontal_0_ac2_ev_source', 'Knowledge for development (marker)'), ('miller2_horizontal_0_ac2_ev_target', 'KnowlFDevel'))": 0.40255925,
    "(('miller2_horizontal_0_ac2_ev_source', 'Participatory development and good governance'), ('miller2_horizontal_0_ac2_ev_target', 'ParticiDevAnGoGove'))": 0.40191478,
    "(('miller2_horizontal_0_ac2_ev_source', 'Enviromental sustainability (marker)'), ('miller2_horizontal_0_ac2_ev_target', 'EnviSustai'))": 0.40051976,
    "(('miller2_horizontal_0_ac2_ev_source', 'Desertification (marker)'), ('miller2_horizontal_0_ac2_ev_target', 'Deser'))": 0.39935955,
    "(('miller2_horizontal_0_ac2_ev_source', 'Programming process (new)'), ('miller2_horizontal_0_ac2_ev_target', 'ProgrPro'))": 0.389242,
    "(('miller2_horizontal_0_ac2_ev_source', 'Project number'), ('miller2_horizontal_0_ac2_ev_target', 'ProNu'))": 0.3843954,
    "(('miller2_horizontal_0_ac2_ev_source', 'Children issues (marker)'), ('miller2_horizontal_0_ac2_ev_target', 'ChiIss'))": 0.35948646,
    "(('miller2_horizontal_0_ac2_ev_source', 'Climate change mitigation (marker)'), ('miller2_horizontal_0_ac2_ev_target', 'CliChaMiti'))": 0.3586354,
    "(('miller2_horizontal_0_ac2_ev_source', 'Amount spent'), ('miller2_horizontal_0_ac2_ev_target', 'AmSp'))": 0.35396063,
    "(('miller2_horizontal_0_ac2_ev_source', 'ICT as a tool for development (marker)'), ('miller2_horizontal_0_ac2_ev_target', 'ICTAAToFDevelo'))": 0.35244545,
    "(('miller2_horizontal_0_ac2_ev_source', 'Maximum CIDA contribution (project-level)'), ('miller2_horizontal_0_ac2_ev_target', 'MaxCIDACont'))": 0.35075548,
    "(('miller2_horizontal_0_ac2_ev_source', 'Youth issues (marker)'), ('miller2_horizontal_0_ac2_ev_target', 'YoIss'))": 0.34295434,
    "(('miller2_horizontal_0_ac2_ev_source', 'Bilateral aid (international marker)'), ('miller2_horizontal_0_ac2_ev_target', 'BilaAMar'))": 0.3394322,
    "(('miller2_horizontal_0_ac2_ev_source', 'Climate change adaptation (marker)'), ('miller2_horizontal_0_ac2_ev_target', 'ClChaAdap'))": 0.33711955,
    "(('miller2_horizontal_0_ac2_ev_source', 'Gender equality (marker)'), ('miller2_horizontal_0_ac2_ev_target', 'GenEq'))": 0.32957917
  },
  "metrics": {
    "precision": 0.9696969696969697,
    "recall": 0.6274509803921569,
    "f1_score": 0.761904761904762,
    "precision_at_10_percent": 0.75,
    "precision_at_20_percent": 0.8571428571428571,
    "precision_at_30_percent": 0.9,
    "precision_at_40_percent": 0.9285714285714286,
    "precision_at_50_percent": 0.9411764705882353,
    "precision_at_60_percent": 0.95,
    "precision_at_70_percent": 0.9583333333333334,
    "precision_at_80_percent": 0.9629629629629629,
    "precision_at_90_percent": 0.9666666666666667,
    "recall_at_sizeof_ground_truth": 0.6274509803921569
  },
  "run_times": {
    "total_time": 3.896646959999998,
    "algorithm_time": 3.896629012000062
  }
}