{
  "name": "miller2_horizontal_0_ac2_av__Coma{'max_n': 0, 'strategy': 'COMA_OPT'}",
  "matches": {
    "(('miller2_horizontal_0_ac2_av_source', 'Sector ID'), ('miller2_horizontal_0_ac2_av_target', 'Sector ID'))": 0.7981133,
    "(('miller2_horizontal_0_ac2_av_source', 'Continent ID'), ('miller2_horizontal_0_ac2_av_target', 'ContID'))": 0.5946114,
    "(('miller2_horizontal_0_ac2_av_source', 'Branch ID'), ('miller2_horizontal_0_ac2_av_target', 'BraID'))": 0.5528776,
    "(('miller2_horizontal_0_ac2_av_source', 'Organisation class'), ('miller2_horizontal_0_ac2_av_target', 'OrganiS'))": 0.54574406,
    "(('miller2_horizontal_0_ac2_av_source', 'CountryRegion ID'), ('miller2_horizontal_0_ac2_av_target', 'CounRegID'))": 0.54574406,
    "(('miller2_horizontal_0_ac2_av_source', 'Status'), ('miller2_horizontal_0_ac2_av_target', 'Sta'))": 0.52432287,
    "(('miller2_horizontal_0_ac2_av_source', 'FSTC percent'), ('miller2_horizontal_0_ac2_av_target', 'FSTCPerc'))": 0.5207478,
    "(('miller2_horizontal_0_ac2_av_source', 'Project number'), ('miller2_horizontal_0_ac2_av_target', 'ProjNum'))": 0.46392956,
    "(('miller2_horizontal_0_ac2_av_source', 'Fund centre ID'), ('miller2_horizontal_0_ac2_av_target', 'FuCenID'))": 0.4621969,
    "(('miller2_horizontal_0_ac2_av_source', 'PBA type'), ('miller2_horizontal_0_ac2_av_target', 'PBAT'))": 0.45577738,
    "(('miller2_horizontal_0_ac2_av_source', 'CFLI (marker)'), ('miller2_horizontal_0_ac2_av_target', 'CFLI'))": 0.4546635,
    "(('miller2_horizontal_0_ac2_av_source', 'IRTC percent'), ('miller2_horizontal_0_ac2_av_target', 'IRTCPe'))": 0.44600546,
    "(('miller2_horizontal_0_ac2_av_source', 'Division ID'), ('miller2_horizontal_0_ac2_av_target', 'DiID'))": 0.44434753,
    "(('miller2_horizontal_0_ac2_av_source', 'Participatory development and good governance'), ('miller2_horizontal_0_ac2_av_target', 'ParticDevelAGoGover'))": 0.41863507,
    "(('miller2_horizontal_0_ac2_av_source', 'Programming process (new)'), ('miller2_horizontal_0_ac2_av_target', 'ProgrProc'))": 0.4177584,
    "(('miller2_horizontal_0_ac2_av_source', 'Fiscal year'), ('miller2_horizontal_0_ac2_av_target', 'FisYe'))": 0.41080457,
    "(('miller2_horizontal_0_ac2_av_source', 'Trade development (marker)'), ('miller2_horizontal_0_ac2_av_target', 'TrDevelo'))": 0.40471902,
    "(('miller2_horizontal_0_ac2_av_source', 'Indigenous issues (marker)'), ('miller2_horizontal_0_ac2_av_target', 'IndigIss'))": 0.40471902,
    "(('miller2_horizontal_0_ac2_av_source', 'Knowledge for development (marker)'), ('miller2_horizontal_0_ac2_av_target', 'KnoFDevelo'))": 0.38395643,
    "(('miller2_horizontal_0_ac2_av_source', 'Enviromental sustainability (marker)'), ('miller2_horizontal_0_ac2_av_target', 'EnvirSust'))": 0.3821932,
    "(('miller2_horizontal_0_ac2_av_source', 'Climate change mitigation (marker)'), ('miller2_horizontal_0_ac2_av_target', 'ClimChMitig'))": 0.38098025,
    "(('miller2_horizontal_0_ac2_av_source', 'Disability issues (marker)'), ('miller2_horizontal_0_ac2_av_target', 'DisaIss'))": 0.37893194,
    "(('miller2_horizontal_0_ac2_av_source', 'Desertification (marker)'), ('miller2_horizontal_0_ac2_av_target', 'Dese'))": 0.37133697,
    "(('miller2_horizontal_0_ac2_av_source', 'Maximum CIDA contribution (project-level)'), ('miller2_horizontal_0_ac2_av_target', 'MaxCIDAContr'))": 0.37050182,
    "(('miller2_horizontal_0_ac2_av_source', 'Regional program (marker)'), ('miller2_horizontal_0_ac2_av_target', 'RegiPr'))": 0.35972977,
    "(('miller2_horizontal_0_ac2_av_source', 'Amount spent'), ('miller2_horizontal_0_ac2_av_target', 'AmSp'))": 0.35559624,
    "(('miller2_horizontal_0_ac2_av_source', 'CIDA business delivery model (old)'), ('miller2_horizontal_0_ac2_av_target', 'CIDABuDelMod'))": 0.35537854,
    "(('miller2_horizontal_0_ac2_av_source', 'Biodiversity (marker)'), ('miller2_horizontal_0_ac2_av_target', 'Bio'))": 0.35472625,
    "(('miller2_horizontal_0_ac2_av_source', 'Urban issues (marker)'), ('miller2_horizontal_0_ac2_av_target', 'UrIss'))": 0.34458995,
    "(('miller2_horizontal_0_ac2_av_source', 'Youth issues (marker)'), ('miller2_horizontal_0_ac2_av_target', 'YoIss'))": 0.34458995,
    "(('miller2_horizontal_0_ac2_av_source', 'Climate change adaptation (marker)'), ('miller2_horizontal_0_ac2_av_target', 'CliChaAda'))": 0.33875516,
    "(('miller2_horizontal_0_ac2_av_source', 'ICT as a tool for development (marker)'), ('miller2_horizontal_0_ac2_av_target', 'ICTAATFDevel'))": 0.33850223,
    "(('miller2_horizontal_0_ac2_av_source', 'Untied amount(Project-level budget)'), ('miller2_horizontal_0_ac2_av_target', 'UntAmPrBud'))": 0.31453934,
    "(('miller2_horizontal_0_ac2_av_source', 'Gender equality (marker)'), ('miller2_horizontal_0_ac2_av_target', 'GeEq'))": 0.2995777
  },
  "metrics": {
    "precision": 0.9705882352941176,
    "recall": 0.6470588235294118,
    "f1_score": 0.7764705882352942,
    "precision_at_10_percent": 0.75,
    "precision_at_20_percent": 0.8571428571428571,
    "precision_at_30_percent": 0.9090909090909091,
    "precision_at_40_percent": 0.9285714285714286,
    "precision_at_50_percent": 0.9411764705882353,
    "precision_at_60_percent": 0.9523809523809523,
    "precision_at_70_percent": 0.9583333333333334,
    "precision_at_80_percent": 0.9642857142857143,
    "precision_at_90_percent": 0.967741935483871,
    "recall_at_sizeof_ground_truth": 0.6470588235294118
  },
  "run_times": {
    "total_time": 4.23332842100001,
    "algorithm_time": 4.2333099150000635
  }
}