{
  "name": "miller2_horizontal_0_ac5_av__Coma{'max_n': 0, 'strategy': 'COMA_OPT'}",
  "matches": {
    "(('miller2_horizontal_0_ac5_av_source', 'FSTC percent'), ('miller2_horizontal_0_ac5_av_target', 'miller2_fstcprcnt'))": 0.31695685,
    "(('miller2_horizontal_0_ac5_av_source', 'IRTC percent'), ('miller2_horizontal_0_ac5_av_target', 'miller2_rtcprcnt'))": 0.28624293,
    "(('miller2_horizontal_0_ac5_av_source', 'CFLI (marker)'), ('miller2_horizontal_0_ac5_av_target', 'miller2_cfl(mrkr)'))": 0.27587292,
    "(('miller2_horizontal_0_ac5_av_source', 'Untied amount(Project-level budget)'), ('miller2_horizontal_0_ac5_av_target', 'miller2_ntdmnt(prjct-lvlbdgt)'))": 0.27098948,
    "(('miller2_horizontal_0_ac5_av_source', 'Branch ID'), ('miller2_horizontal_0_ac5_av_target', 'miller2_brnchd'))": 0.26835325,
    "(('miller2_horizontal_0_ac5_av_source', 'Organisation sub-class'), ('miller2_horizontal_0_ac5_av_target', 'miller2_rgnstnsb-clss'))": 0.25885513,
    "(('miller2_horizontal_0_ac5_av_source', 'CountryRegion percent'), ('miller2_horizontal_0_ac5_av_target', 'miller2_cntrrgnprcnt'))": 0.2428004,
    "(('miller2_horizontal_0_ac5_av_source', 'Maximum CIDA contribution (project-level)'), ('miller2_horizontal_0_ac5_av_target', 'miller2_mxmmcdcntrbtn(prjct-lvl)'))": 0.2426714,
    "(('miller2_horizontal_0_ac5_av_source', 'Children issues (marker)'), ('miller2_horizontal_0_ac5_av_target', 'miller2_chldrnsss(mrkr)'))": 0.2234955
  },
  "metrics": {
    "precision": 1.0,
    "recall": 0.17647058823529413,
    "f1_score": 0.3,
    "precision_at_10_percent": 1.0,
    "precision_at_20_percent": 1.0,
    "precision_at_30_percent": 1.0,
    "precision_at_40_percent": 1.0,
    "precision_at_50_percent": 1.0,
    "precision_at_60_percent": 1.0,
    "precision_at_70_percent": 1.0,
    "precision_at_80_percent": 1.0,
    "precision_at_90_percent": 1.0,
    "recall_at_sizeof_ground_truth": 0.17647058823529413
  },
  "run_times": {
    "total_time": 3.3192001129999653,
    "algorithm_time": 3.319183215999942
  }
}