{
  "name": "miller2_both_0_50_ac4_av__Coma{'max_n': 0, 'strategy': 'COMA_OPT'}",
  "matches": {
    "(('miller2_both_0_50_ac4_av_source', 'Section ID'), ('miller2_both_0_50_ac4_av_target', 'Section ID'))": 0.75326693,
    "(('miller2_both_0_50_ac4_av_source', 'Organisation name'), ('miller2_both_0_50_ac4_av_target', 'miller2_OrganID'))": 0.3169312,
    "(('miller2_both_0_50_ac4_av_source', 'Organisation type'), ('miller2_both_0_50_ac4_av_target', 'miller2_OrganID'))": 0.3169312,
    "(('miller2_both_0_50_ac4_av_source', 'Programming process (new)'), ('miller2_both_0_50_ac4_av_target', 'miller2_PrograPr'))": 0.30898917,
    "(('miller2_both_0_50_ac4_av_source', 'IRTC percent'), ('miller2_both_0_50_ac4_av_target', 'miller2_IRTCPer'))": 0.30748788,
    "(('miller2_both_0_50_ac4_av_source', 'PBA type'), ('miller2_both_0_50_ac4_av_target', 'miller2_FSTCPe'))": 0.28940982,
    "(('miller2_both_0_50_ac4_av_source', 'Enviromental sustainability (marker)'), ('miller2_both_0_50_ac4_av_target', 'miller2_EnviSustai'))": 0.2886126,
    "(('miller2_both_0_50_ac4_av_source', 'Maximum CIDA contribution (project-level)'), ('miller2_both_0_50_ac4_av_target', 'miller2_MaxCIDAContr'))": 0.2863249,
    "(('miller2_both_0_50_ac4_av_source', 'CFLI (marker)'), ('miller2_both_0_50_ac4_av_target', 'miller2_CFLI'))": 0.27607593,
    "(('miller2_both_0_50_ac4_av_source', 'Climate change adaptation (marker)'), ('miller2_both_0_50_ac4_av_target', 'miller2_ClimChaAdap'))": 0.27103937,
    "(('miller2_both_0_50_ac4_av_source', 'CountryRegion name'), ('miller2_both_0_50_ac4_av_target', 'miller2_CouRegPerc'))": 0.26985854,
    "(('miller2_both_0_50_ac4_av_source', 'Status'), ('miller2_both_0_50_ac4_av_target', 'miller2_Sta'))": 0.26640832,
    "(('miller2_both_0_50_ac4_av_source', 'Indigenous issues (marker)'), ('miller2_both_0_50_ac4_av_target', 'miller2_IndiIss'))": 0.2546886,
    "(('miller2_both_0_50_ac4_av_source', 'Untied amount(Project-level budget)'), ('miller2_both_0_50_ac4_av_target', 'miller2_UntAmoProBud'))": 0.25003153
  },
  "metrics": {
    "precision": 0.7142857142857143,
    "recall": 0.4,
    "f1_score": 0.5128205128205129,
    "precision_at_10_percent": 0.5,
    "precision_at_20_percent": 0.3333333333333333,
    "precision_at_30_percent": 0.6,
    "precision_at_40_percent": 0.5,
    "precision_at_50_percent": 0.5714285714285714,
    "precision_at_60_percent": 0.6666666666666666,
    "precision_at_70_percent": 0.7,
    "precision_at_80_percent": 0.6666666666666666,
    "precision_at_90_percent": 0.6923076923076923,
    "recall_at_sizeof_ground_truth": 0.4
  },
  "run_times": {
    "total_time": 1.8974031420002575,
    "algorithm_time": 1.8973889139997482
  }
}