{
  "name": "miller2_both_50_70_ac1_av__Coma{'max_n': 0, 'strategy': 'COMA_OPT_INST'}",
  "matches": {
    "(('miller2_both_50_70_ac1_av_source', 'Enviromental sustainability (marker)'), ('miller2_both_50_70_ac1_av_target', 'miller2_EnviromentalSustainability(marker)'))": 0.7603222,
    "(('miller2_both_50_70_ac1_av_source', 'Desertification (marker)'), ('miller2_both_50_70_ac1_av_target', 'miller2_Desertification(marker)'))": 0.7529257,
    "(('miller2_both_50_70_ac1_av_source', 'Climate change mitigation (marker)'), ('miller2_both_50_70_ac1_av_target', 'miller2_ClimateChangeMitigation(marker)'))": 0.7231497,
    "(('miller2_both_50_70_ac1_av_source', 'Disability issues (marker)'), ('miller2_both_50_70_ac1_av_target', 'miller2_DisabilityIssues(marker)'))": 0.71966934,
    "(('miller2_both_50_70_ac1_av_source', 'Indigenous issues (marker)'), ('miller2_both_50_70_ac1_av_target', 'miller2_IndigenousIssues(marker)'))": 0.7192694,
    "(('miller2_both_50_70_ac1_av_source', 'Knowledge for development (marker)'), ('miller2_both_50_70_ac1_av_target', 'miller2_KnowledgeForDevelopment(marker)'))": 0.7192691,
    "(('miller2_both_50_70_ac1_av_source', 'Gender equality (marker)'), ('miller2_both_50_70_ac1_av_target', 'miller2_GenderEquality(marker)'))": 0.70836866,
    "(('miller2_both_50_70_ac1_av_source', 'Children issues (marker)'), ('miller2_both_50_70_ac1_av_target', 'miller2_ChildrenIssues(marker)'))": 0.70836866,
    "(('miller2_both_50_70_ac1_av_source', 'Urban issues (marker)'), ('miller2_both_50_70_ac1_av_target', 'miller2_UrbanIssues(marker)'))": 0.68840164,
    "(('miller2_both_50_70_ac1_av_source', 'Climate change adaptation (marker)'), ('miller2_both_50_70_ac1_av_target', 'miller2_ClimateChangeAdaptation(marker)'))": 0.6882328,
    "(('miller2_both_50_70_ac1_av_source', 'Bilateral aid (international marker)'), ('miller2_both_50_70_ac1_av_target', 'miller2_BilateralAid(internationalMarker)'))": 0.68319273,
    "(('miller2_both_50_70_ac1_av_source', 'CFLI (marker)'), ('miller2_both_50_70_ac1_av_target', 'miller2_CFLI(marker)'))": 0.6760524,
    "(('miller2_both_50_70_ac1_av_source', 'Regional program (marker)'), ('miller2_both_50_70_ac1_av_target', 'miller2_RegionalProgram(marker)'))": 0.6665942,
    "(('miller2_both_50_70_ac1_av_source', 'Continent ID'), ('miller2_both_50_70_ac1_av_target', 'miller2_ContinentID'))": 0.66274464,
    "(('miller2_both_50_70_ac1_av_source', 'Organisation sub-class'), ('miller2_both_50_70_ac1_av_target', 'miller2_OrganisationSub-class'))": 0.595083,
    "(('miller2_both_50_70_ac1_av_source', 'CountryRegion ID'), ('miller2_both_50_70_ac1_av_target', 'miller2_CountryRegionID'))": 0.5834478,
    "(('miller2_both_50_70_ac1_av_source', 'Untied amount(Project-level budget)'), ('miller2_both_50_70_ac1_av_target', 'miller2_UntiedAmount(Project-levelBudget)'))": 0.5550999,
    "(('miller2_both_50_70_ac1_av_source', 'Maximum CIDA contribution (project-level)'), ('miller2_both_50_70_ac1_av_target', 'miller2_MaximumCIDAContribution(project-level)'))": 0.555,
    "(('miller2_both_50_70_ac1_av_source', 'Organisation ID'), ('miller2_both_50_70_ac1_av_target', 'miller2_OrganisationID'))": 0.53989726,
    "(('miller2_both_50_70_ac1_av_source', 'CountryRegion percent'), ('miller2_both_50_70_ac1_av_target', 'miller2_CountryRegionPercent'))": 0.53950006,
    "(('miller2_both_50_70_ac1_av_source', 'Sector ID'), ('miller2_both_50_70_ac1_av_target', 'miller2_SectorID'))": 0.53906554,
    "(('miller2_both_50_70_ac1_av_source', 'Continent name'), ('miller2_both_50_70_ac1_av_target', 'miller2_ContinentName'))": 0.5331019,
    "(('miller2_both_50_70_ac1_av_source', 'Branch ID'), ('miller2_both_50_70_ac1_av_target', 'miller2_BranchID'))": 0.52373326,
    "(('miller2_both_50_70_ac1_av_source', 'CountryRegion name'), ('miller2_both_50_70_ac1_av_target', 'miller2_CountryRegionName'))": 0.5228512,
    "(('miller2_both_50_70_ac1_av_source', 'Sector percent'), ('miller2_both_50_70_ac1_av_target', 'miller2_SectorPercent'))": 0.48796707,
    "(('miller2_both_50_70_ac1_av_source', 'CIDA business delivery model (old)'), ('miller2_both_50_70_ac1_av_target', 'miller2_CIDABusinessDeliveryModel(old)'))": 0.47836408,
    "(('miller2_both_50_70_ac1_av_source', 'Division name'), ('miller2_both_50_70_ac1_av_target', 'miller2_DivisionName'))": 0.47615236,
    "(('miller2_both_50_70_ac1_av_source', 'Status'), ('miller2_both_50_70_ac1_av_target', 'miller2_Status'))": 0.4727311,
    "(('miller2_both_50_70_ac1_av_source', 'FSTC percent'), ('miller2_both_50_70_ac1_av_target', 'miller2_FSTCPercent'))": 0.4661942,
    "(('miller2_both_50_70_ac1_av_source', 'IRTC percent'), ('miller2_both_50_70_ac1_av_target', 'miller2_IRTCPercent'))": 0.4661942,
    "(('miller2_both_50_70_ac1_av_source', 'Amount spent'), ('miller2_both_50_70_ac1_av_target', 'miller2_AmountSpent'))": 0.46468925,
    "(('miller2_both_50_70_ac1_av_source', 'Fiscal year'), ('miller2_both_50_70_ac1_av_target', 'miller2_FiscalYear'))": 0.45191422,
    "(('miller2_both_50_70_ac1_av_source', 'Sector name'), ('miller2_both_50_70_ac1_av_target', 'miller2_SectorName'))": 0.45191422,
    "(('miller2_both_50_70_ac1_av_source', 'Section ID'), ('miller2_both_50_70_ac1_av_target', 'miller2_SectionID'))": 0.43757862,
    "(('miller2_both_50_70_ac1_av_source', 'Fund centre ID'), ('miller2_both_50_70_ac1_av_target', 'miller2_FundCentreID'))": 0.41920862
  },
  "metrics": {
    "precision": 1.0,
    "recall": 1.0,
    "f1_score": 1.0,
    "precision_at_10_percent": 1.0,
    "precision_at_20_percent": 1.0,
    "precision_at_30_percent": 1.0,
    "precision_at_40_percent": 1.0,
    "precision_at_50_percent": 1.0,
    "precision_at_60_percent": 1.0,
    "precision_at_70_percent": 1.0,
    "precision_at_80_percent": 1.0,
    "precision_at_90_percent": 1.0,
    "recall_at_sizeof_ground_truth": 1.0
  },
  "run_times": {
    "total_time": 1711.4218644100001,
    "algorithm_time": 1711.4218506500001
  }
}