{
  "name": "miller2_both_50_1_ac4_ev__Coma{'max_n': 0, 'strategy': 'COMA_OPT_INST'}",
  "matches": {
    "(('miller2_both_50_1_ac4_ev_source', 'Fiscal year'), ('miller2_both_50_1_ac4_ev_target', 'miller2_FisY'))": 0.3740724,
    "(('miller2_both_50_1_ac4_ev_source', 'Participatory development and good governance'), ('miller2_both_50_1_ac4_ev_target', 'miller2_TraDevelo'))": 0.36617026,
    "(('miller2_both_50_1_ac4_ev_source', 'CFLI (marker)'), ('miller2_both_50_1_ac4_ev_target', 'miller2_Biodi'))": 0.33740038,
    "(('miller2_both_50_1_ac4_ev_source', 'CFLI (marker)'), ('miller2_both_50_1_ac4_ev_target', 'miller2_UrIs'))": 0.33740038,
    "(('miller2_both_50_1_ac4_ev_source', 'CFLI (marker)'), ('miller2_both_50_1_ac4_ev_target', 'miller2_YoIss'))": 0.33611917,
    "(('miller2_both_50_1_ac4_ev_source', 'CFLI (marker)'), ('miller2_both_50_1_ac4_ev_target', 'miller2_IndIss'))": 0.334865,
    "(('miller2_both_50_1_ac4_ev_source', 'FSTC percent'), ('miller2_both_50_1_ac4_ev_target', 'miller2_CouRePer'))": 0.27128604,
    "(('miller2_both_50_1_ac4_ev_source', 'Section ID'), ('miller2_both_50_1_ac4_ev_target', 'miller2_SecID'))": 0.24212289
  },
  "metrics": {
    "precision": 0.125,
    "recall": 1.0,
    "f1_score": 0.2222222222222222,
    "precision_at_10_percent": 1.0,
    "precision_at_20_percent": 0.5,
    "precision_at_30_percent": 0.3333333333333333,
    "precision_at_40_percent": 0.25,
    "precision_at_50_percent": 0.25,
    "precision_at_60_percent": 0.2,
    "precision_at_70_percent": 0.16666666666666666,
    "precision_at_80_percent": 0.14285714285714285,
    "precision_at_90_percent": 0.125,
    "recall_at_sizeof_ground_truth": 1.0
  },
  "run_times": {
    "total_time": 191.2502769511193,
    "algorithm_time": 191.25025233719498
  }
}