{
  "name": "miller2_vertical_30_ac5_av__Coma{'max_n': 0, 'strategy': 'COMA_OPT_INST'}",
  "matches": {
    "(('miller2_vertical_30_ac5_av_source', 'CFLI (marker)'), ('miller2_vertical_30_ac5_av_target', 'miller2_thsss(mrkr)'))": 0.3836327,
    "(('miller2_vertical_30_ac5_av_source', 'CFLI (marker)'), ('miller2_vertical_30_ac5_av_target', 'miller2_rbnsss(mrkr)'))": 0.38245934,
    "(('miller2_vertical_30_ac5_av_source', 'CFLI (marker)'), ('miller2_vertical_30_ac5_av_target', 'miller2_bdvrst(mrkr)'))": 0.38235933,
    "(('miller2_vertical_30_ac5_av_source', 'Gender equality (marker)'), ('miller2_vertical_30_ac5_av_target', 'miller2_gndrqlt(mrkr)'))": 0.3593661,
    "(('miller2_vertical_30_ac5_av_source', 'Project Browser country ID'), ('miller2_vertical_30_ac5_av_target', 'miller2_prjctbrwsrcntrd'))": 0.3532851,
    "(('miller2_vertical_30_ac5_av_source', 'FSTC percent'), ('miller2_vertical_30_ac5_av_target', 'miller2_cntrrgnprcnt'))": 0.3412158,
    "(('miller2_vertical_30_ac5_av_source', 'IRTC percent'), ('miller2_vertical_30_ac5_av_target', 'miller2_ntdmnt(prjct-lvlbdgt)'))": 0.25415418,
    "(('miller2_vertical_30_ac5_av_source', 'Programming process (new)'), ('miller2_vertical_30_ac5_av_target', 'miller2_rgnstntp'))": 0.20140696,
    "(('miller2_vertical_30_ac5_av_source', 'Maximum CIDA contribution (project-level)'), ('miller2_vertical_30_ac5_av_target', 'miller2_mxmmcdcntrbtn(prjct-lvl)'))": 0.19003859
  },
  "metrics": {
    "precision": 0.3333333333333333,
    "recall": 0.2,
    "f1_score": 0.25,
    "precision_at_10_percent": 0.0,
    "precision_at_20_percent": 0.0,
    "precision_at_30_percent": 0.0,
    "precision_at_40_percent": 0.25,
    "precision_at_50_percent": 0.4,
    "precision_at_60_percent": 0.3333333333333333,
    "precision_at_70_percent": 0.2857142857142857,
    "precision_at_80_percent": 0.25,
    "precision_at_90_percent": 0.3333333333333333,
    "recall_at_sizeof_ground_truth": 0.2
  },
  "run_times": {
    "total_time": 1687.7933423550003,
    "algorithm_time": 1687.7933258120001
  }
}