{
  "name": "miller2_both_0_50_ac5_av__Coma{'max_n': 0, 'strategy': 'COMA_OPT_INST'}",
  "matches": {
    "(('miller2_both_0_50_ac5_av_source', 'CFLI (marker)'), ('miller2_both_0_50_ac5_av_target', 'miller2_cfl(mrkr)'))": 0.41537276,
    "(('miller2_both_0_50_ac5_av_source', 'Children issues (marker)'), ('miller2_both_0_50_ac5_av_target', 'miller2_chldrnsss(mrkr)'))": 0.3732388,
    "(('miller2_both_0_50_ac5_av_source', 'Youth issues (marker)'), ('miller2_both_0_50_ac5_av_target', 'miller2_gndrqlt(mrkr)'))": 0.3621274,
    "(('miller2_both_0_50_ac5_av_source', 'Continent ID'), ('miller2_both_0_50_ac5_av_target', 'miller2_cntnntd'))": 0.3567656,
    "(('miller2_both_0_50_ac5_av_source', 'Branch ID'), ('miller2_both_0_50_ac5_av_target', 'miller2_brnchd'))": 0.3115465,
    "(('miller2_both_0_50_ac5_av_source', 'Organisation sub-class'), ('miller2_both_0_50_ac5_av_target', 'miller2_rgnstnsb-clss'))": 0.25334328,
    "(('miller2_both_0_50_ac5_av_source', 'FSTC percent'), ('miller2_both_0_50_ac5_av_target', 'miller2_fstcprcnt'))": 0.24865694,
    "(('miller2_both_0_50_ac5_av_source', 'Untied amount(Project-level budget)'), ('miller2_both_0_50_ac5_av_target', 'miller2_rtcprcnt'))": 0.24635896,
    "(('miller2_both_0_50_ac5_av_source', 'Fund centre name'), ('miller2_both_0_50_ac5_av_target', 'miller2_cntrrgnnm'))": 0.2249692,
    "(('miller2_both_0_50_ac5_av_source', 'Organisation ID'), ('miller2_both_0_50_ac5_av_target', 'miller2_rgnstnd'))": 0.20425066
  },
  "metrics": {
    "precision": 0.7,
    "recall": 0.28,
    "f1_score": 0.4,
    "precision_at_10_percent": 1.0,
    "precision_at_20_percent": 1.0,
    "precision_at_30_percent": 0.6666666666666666,
    "precision_at_40_percent": 0.75,
    "precision_at_50_percent": 0.8,
    "precision_at_60_percent": 0.8333333333333334,
    "precision_at_70_percent": 0.8571428571428571,
    "precision_at_80_percent": 0.75,
    "precision_at_90_percent": 0.6666666666666666,
    "recall_at_sizeof_ground_truth": 0.28
  },
  "run_times": {
    "total_time": 426.3212035510005,
    "algorithm_time": 426.32118943500245
  }
}