{
  "name": "miller2_vertical_50_ac3_av__Coma{'max_n': 0, 'strategy': 'COMA_OPT'}",
  "matches": {
    "(('miller2_vertical_50_ac3_av_source', 'Branch ID'), ('miller2_vertical_50_ac3_av_target', 'brnchd'))": 0.42937765,
    "(('miller2_vertical_50_ac3_av_source', 'CFLI (marker)'), ('miller2_vertical_50_ac3_av_target', 'cfl(mrkr)'))": 0.4037397,
    "(('miller2_vertical_50_ac3_av_source', 'IRTC percent'), ('miller2_vertical_50_ac3_av_target', 'rtcprcnt'))": 0.33653507,
    "(('miller2_vertical_50_ac3_av_source', 'Sector ID'), ('miller2_vertical_50_ac3_av_target', 'sctrd'))": 0.32102138,
    "(('miller2_vertical_50_ac3_av_source', 'Fund centre ID'), ('miller2_vertical_50_ac3_av_target', 'fndcntrd'))": 0.3168166,
    "(('miller2_vertical_50_ac3_av_source', 'Sector percent'), ('miller2_vertical_50_ac3_av_target', 'sctrprcnt'))": 0.3125431,
    "(('miller2_vertical_50_ac3_av_source', 'Project number'), ('miller2_vertical_50_ac3_av_target', 'prjctnmbr'))": 0.31095895,
    "(('miller2_vertical_50_ac3_av_source', 'Fiscal year'), ('miller2_vertical_50_ac3_av_target', 'fsclr'))": 0.30809867,
    "(('miller2_vertical_50_ac3_av_source', 'CountryRegion ID'), ('miller2_vertical_50_ac3_av_target', 'cntrrgnd'))": 0.3054376,
    "(('miller2_vertical_50_ac3_av_source', 'Children issues (marker)'), ('miller2_vertical_50_ac3_av_target', 'chldrnsss(mrkr)'))": 0.30301023,
    "(('miller2_vertical_50_ac3_av_source', 'Continent ID'), ('miller2_vertical_50_ac3_av_target', 'cntnntd'))": 0.28818235,
    "(('miller2_vertical_50_ac3_av_source', 'Programming process (new)'), ('miller2_vertical_50_ac3_av_target', 'prgrmmngprcss(nw)'))": 0.2701514,
    "(('miller2_vertical_50_ac3_av_source', 'Project Browser country ID'), ('miller2_vertical_50_ac3_av_target', 'prjctbrwsrcntrd'))": 0.26897636,
    "(('miller2_vertical_50_ac3_av_source', 'Biodiversity (marker)'), ('miller2_vertical_50_ac3_av_target', 'bdvrst(mrkr)'))": 0.2679676
  },
  "metrics": {
    "precision": 1.0,
    "recall": 0.56,
    "f1_score": 0.717948717948718,
    "precision_at_10_percent": 1.0,
    "precision_at_20_percent": 1.0,
    "precision_at_30_percent": 1.0,
    "precision_at_40_percent": 1.0,
    "precision_at_50_percent": 1.0,
    "precision_at_60_percent": 1.0,
    "precision_at_70_percent": 1.0,
    "precision_at_80_percent": 1.0,
    "precision_at_90_percent": 1.0,
    "recall_at_sizeof_ground_truth": 0.56
  },
  "run_times": {
    "total_time": 9.936942461998115,
    "algorithm_time": 9.936923195000418
  }
}