{
  "name": "miller2_both_0_30_ec_av__Coma{'max_n': 0, 'strategy': 'COMA_OPT'}",
  "matches": {
    "(('miller2_both_0_30_ec_av_source', 'Participatory development and good governance'), ('miller2_both_0_30_ec_av_target', 'Participatory development and good governance'))": 0.90157664,
    "(('miller2_both_0_30_ec_av_source', 'Climate change adaptation (marker)'), ('miller2_both_0_30_ec_av_target', 'Climate change adaptation (marker)'))": 0.89991474,
    "(('miller2_both_0_30_ec_av_source', 'Enviromental sustainability (marker)'), ('miller2_both_0_30_ec_av_target', 'Enviromental sustainability (marker)'))": 0.8991153,
    "(('miller2_both_0_30_ec_av_source', 'CIDA business delivery model (old)'), ('miller2_both_0_30_ec_av_target', 'CIDA business delivery model (old)'))": 0.8979076,
    "(('miller2_both_0_30_ec_av_source', 'Trade development (marker)'), ('miller2_both_0_30_ec_av_target', 'Trade development (marker)'))": 0.8946351,
    "(('miller2_both_0_30_ec_av_source', 'Organisation class'), ('miller2_both_0_30_ec_av_target', 'Organisation class'))": 0.8898561,
    "(('miller2_both_0_30_ec_av_source', 'CountryRegion name'), ('miller2_both_0_30_ec_av_target', 'CountryRegion name'))": 0.8898561,
    "(('miller2_both_0_30_ec_av_source', 'Organisation name'), ('miller2_both_0_30_ec_av_target', 'Organisation name'))": 0.8891573,
    "(('miller2_both_0_30_ec_av_source', 'CountryRegion ID'), ('miller2_both_0_30_ec_av_target', 'CountryRegion ID'))": 0.88843155,
    "(('miller2_both_0_30_ec_av_source', 'FSTC percent'), ('miller2_both_0_30_ec_av_target', 'FSTC percent'))": 0.88741946,
    "(('miller2_both_0_30_ec_av_source', 'Continent ID'), ('miller2_both_0_30_ec_av_target', 'Continent ID'))": 0.8852265,
    "(('miller2_both_0_30_ec_av_source', 'Section name'), ('miller2_both_0_30_ec_av_target', 'Section name'))": 0.8852265,
    "(('miller2_both_0_30_ec_av_source', 'Fiscal year'), ('miller2_both_0_30_ec_av_target', 'Fiscal year'))": 0.8843399,
    "(('miller2_both_0_30_ec_av_source', 'Section ID'), ('miller2_both_0_30_ec_av_target', 'Section ID'))": 0.88341486,
    "(('miller2_both_0_30_ec_av_source', 'Sector ID'), ('miller2_both_0_30_ec_av_target', 'Sector ID'))": 0.8824487,
    "(('miller2_both_0_30_ec_av_source', 'CFLI (marker)'), ('miller2_both_0_30_ec_av_target', 'Children issues (marker)'))": 0.5859332,
    "(('miller2_both_0_30_ec_av_source', 'CFLI (marker)'), ('miller2_both_0_30_ec_av_target', 'Biodiversity (marker)'))": 0.5835466,
    "(('miller2_both_0_30_ec_av_source', 'CFLI (marker)'), ('miller2_both_0_30_ec_av_target', 'Urban issues (marker)'))": 0.5835466,
    "(('miller2_both_0_30_ec_av_source', 'CFLI (marker)'), ('miller2_both_0_30_ec_av_target', 'Youth issues (marker)'))": 0.5835466,
    "(('miller2_both_0_30_ec_av_source', 'Project number'), ('miller2_both_0_30_ec_av_target', 'Project Browser country ID'))": 0.5104971
  },
  "metrics": {
    "precision": 0.75,
    "recall": 1.0,
    "f1_score": 0.8571428571428571,
    "precision_at_10_percent": 1.0,
    "precision_at_20_percent": 1.0,
    "precision_at_30_percent": 1.0,
    "precision_at_40_percent": 1.0,
    "precision_at_50_percent": 1.0,
    "precision_at_60_percent": 1.0,
    "precision_at_70_percent": 1.0,
    "precision_at_80_percent": 0.9375,
    "precision_at_90_percent": 0.8333333333333334,
    "recall_at_sizeof_ground_truth": 1.0
  },
  "run_times": {
    "total_time": 1.8527400889979617,
    "algorithm_time": 1.8527258789981715
  }
}