{
  "name": "miller2_horizontal_100_ac3_ev__Coma{'max_n': 0, 'strategy': 'COMA_OPT'}",
  "matches": {
    "(('miller2_horizontal_100_ac3_ev_source', 'FSTC percent'), ('miller2_horizontal_100_ac3_ev_target', 'fstcprcnt'))": 0.4678244,
    "(('miller2_horizontal_100_ac3_ev_source', 'Branch ID'), ('miller2_horizontal_100_ac3_ev_target', 'brnchd'))": 0.43747663,
    "(('miller2_horizontal_100_ac3_ev_source', 'CFLI (marker)'), ('miller2_horizontal_100_ac3_ev_target', 'cfl(mrkr)'))": 0.4119681,
    "(('miller2_horizontal_100_ac3_ev_source', 'Status'), ('miller2_horizontal_100_ac3_ev_target', 'stts'))": 0.39796898,
    "(('miller2_horizontal_100_ac3_ev_source', 'PBA type'), ('miller2_horizontal_100_ac3_ev_target', 'pbtp'))": 0.35554877,
    "(('miller2_horizontal_100_ac3_ev_source', 'IRTC percent'), ('miller2_horizontal_100_ac3_ev_target', 'rtcprcnt'))": 0.3448894,
    "(('miller2_horizontal_100_ac3_ev_source', 'Sector ID'), ('miller2_horizontal_100_ac3_ev_target', 'sctnd'))": 0.3297126,
    "(('miller2_horizontal_100_ac3_ev_source', 'Sector ID'), ('miller2_horizontal_100_ac3_ev_target', 'sctrd'))": 0.3297126,
    "(('miller2_horizontal_100_ac3_ev_source', 'Fund centre ID'), ('miller2_horizontal_100_ac3_ev_target', 'fndcntrd'))": 0.32561105,
    "(('miller2_horizontal_100_ac3_ev_source', 'Sector percent'), ('miller2_horizontal_100_ac3_ev_target', 'sctrprcnt'))": 0.32133755,
    "(('miller2_horizontal_100_ac3_ev_source', 'Project number'), ('miller2_horizontal_100_ac3_ev_target', 'prjctnmbr'))": 0.31979463,
    "(('miller2_horizontal_100_ac3_ev_source', 'Fiscal year'), ('miller2_horizontal_100_ac3_ev_target', 'fsclr'))": 0.3151321,
    "(('miller2_horizontal_100_ac3_ev_source', 'CountryRegion ID'), ('miller2_horizontal_100_ac3_ev_target', 'cntrrgnd'))": 0.31431198,
    "(('miller2_horizontal_100_ac3_ev_source', 'CountryRegion percent'), ('miller2_horizontal_100_ac3_ev_target', 'cntrrgnprcnt'))": 0.31276494,
    "(('miller2_horizontal_100_ac3_ev_source', 'Children issues (marker)'), ('miller2_horizontal_100_ac3_ev_target', 'chldrnsss(mrkr)'))": 0.31181768,
    "(('miller2_horizontal_100_ac3_ev_source', 'Untied amount(Project-level budget)'), ('miller2_horizontal_100_ac3_ev_target', 'ntdmnt(prjct-lvlbdgt)'))": 0.31125817,
    "(('miller2_horizontal_100_ac3_ev_source', 'Organisation sub-class'), ('miller2_horizontal_100_ac3_ev_target', 'rgnstnsb-clss'))": 0.3031584,
    "(('miller2_horizontal_100_ac3_ev_source', 'Amount spent'), ('miller2_horizontal_100_ac3_ev_target', 'mntspnt'))": 0.30199152,
    "(('miller2_horizontal_100_ac3_ev_source', 'Continent ID'), ('miller2_horizontal_100_ac3_ev_target', 'cntnntd'))": 0.2987553,
    "(('miller2_horizontal_100_ac3_ev_source', 'Programming process (new)'), ('miller2_horizontal_100_ac3_ev_target', 'prgrmmngprcss(nw)'))": 0.27918226,
    "(('miller2_horizontal_100_ac3_ev_source', 'Maximum CIDA contribution (project-level)'), ('miller2_horizontal_100_ac3_ev_target', 'mxmmcdcntrbtn(prjct-lvl)'))": 0.27833813,
    "(('miller2_horizontal_100_ac3_ev_source', 'Project Browser country ID'), ('miller2_horizontal_100_ac3_ev_target', 'prjctbrwsrcntrd'))": 0.27802098,
    "(('miller2_horizontal_100_ac3_ev_source', 'Biodiversity (marker)'), ('miller2_horizontal_100_ac3_ev_target', 'bdvrst(mrkr)'))": 0.27578583,
    "(('miller2_horizontal_100_ac3_ev_source', 'Trade development (marker)'), ('miller2_horizontal_100_ac3_ev_target', 'trddvlpmnt(mrkr)'))": 0.2749458,
    "(('miller2_horizontal_100_ac3_ev_source', 'CIDA business delivery model (old)'), ('miller2_horizontal_100_ac3_ev_target', 'cdbsnssdlvrmdl(ld)'))": 0.2511927
  },
  "metrics": {
    "precision": 0.96,
    "recall": 0.47058823529411764,
    "f1_score": 0.631578947368421,
    "precision_at_10_percent": 1.0,
    "precision_at_20_percent": 1.0,
    "precision_at_30_percent": 0.875,
    "precision_at_40_percent": 0.9,
    "precision_at_50_percent": 0.9230769230769231,
    "precision_at_60_percent": 0.9333333333333333,
    "precision_at_70_percent": 0.9444444444444444,
    "precision_at_80_percent": 0.95,
    "precision_at_90_percent": 0.9565217391304348,
    "recall_at_sizeof_ground_truth": 0.47058823529411764
  },
  "run_times": {
    "total_time": 3.3823516899999504,
    "algorithm_time": 3.3823336299999482
  }
}