{
  "name": "miller2_both_0_1_ac3_ev__Coma{'max_n': 0, 'strategy': 'COMA_OPT'}",
  "matches": {
    "(('miller2_both_0_1_ac3_ev_source', 'Section ID'), ('miller2_both_0_1_ac3_ev_target', 'sctrd'))": 0.29814938,
    "(('miller2_both_0_1_ac3_ev_source', 'Fiscal year'), ('miller2_both_0_1_ac3_ev_target', 'fsclr'))": 0.29105756,
    "(('miller2_both_0_1_ac3_ev_source', 'IRTC percent'), ('miller2_both_0_1_ac3_ev_target', 'mntspnt'))": 0.2800343,
    "(('miller2_both_0_1_ac3_ev_source', 'CFLI (marker)'), ('miller2_both_0_1_ac3_ev_target', 'chldrnsss(mrkr)'))": 0.27071667,
    "(('miller2_both_0_1_ac3_ev_source', 'Fund centre ID'), ('miller2_both_0_1_ac3_ev_target', 'cntrrgnd'))": 0.26314506,
    "(('miller2_both_0_1_ac3_ev_source', 'Project number'), ('miller2_both_0_1_ac3_ev_target', 'rgnstntp'))": 0.25250676
  },
  "metrics": {
    "precision": 0.16666666666666666,
    "recall": 1.0,
    "f1_score": 0.2857142857142857,
    "precision_at_10_percent": 0.0,
    "precision_at_20_percent": 0.5,
    "precision_at_30_percent": 0.5,
    "precision_at_40_percent": 0.3333333333333333,
    "precision_at_50_percent": 0.3333333333333333,
    "precision_at_60_percent": 0.25,
    "precision_at_70_percent": 0.2,
    "precision_at_80_percent": 0.2,
    "precision_at_90_percent": 0.16666666666666666,
    "recall_at_sizeof_ground_truth": 0.0
  },
  "run_times": {
    "total_time": 3.13821554929018,
    "algorithm_time": 3.138178509194404
  }
}