{
  "name": "miller2_both_50_50_ac3_ev__Coma{'max_n': 0, 'strategy': 'COMA_OPT'}",
  "matches": {
    "(('miller2_both_50_50_ac3_ev_source', 'FSTC percent'), ('miller2_both_50_50_ac3_ev_target', 'fstcprcnt'))": 0.4554208,
    "(('miller2_both_50_50_ac3_ev_source', 'Status'), ('miller2_both_50_50_ac3_ev_target', 'stts'))": 0.3850037,
    "(('miller2_both_50_50_ac3_ev_source', 'Branch ID'), ('miller2_both_50_50_ac3_ev_target', 'brnchnm'))": 0.3581744,
    "(('miller2_both_50_50_ac3_ev_source', 'PBA type'), ('miller2_both_50_50_ac3_ev_target', 'pbtp'))": 0.34150776,
    "(('miller2_both_50_50_ac3_ev_source', 'Section ID'), ('miller2_both_50_50_ac3_ev_target', 'sctnd'))": 0.30769047,
    "(('miller2_both_50_50_ac3_ev_source', 'Section ID'), ('miller2_both_50_50_ac3_ev_target', 'sctrd'))": 0.30769047,
    "(('miller2_both_50_50_ac3_ev_source', 'Sector percent'), ('miller2_both_50_50_ac3_ev_target', 'sctrprcnt'))": 0.3068742,
    "(('miller2_both_50_50_ac3_ev_source', 'Fiscal year'), ('miller2_both_50_50_ac3_ev_target', 'fsclr'))": 0.30059865,
    "(('miller2_both_50_50_ac3_ev_source', 'Untied amount(Project-level budget)'), ('miller2_both_50_50_ac3_ev_target', 'ntdmnt(prjct-lvlbdgt)'))": 0.29794708,
    "(('miller2_both_50_50_ac3_ev_source', 'IRTC percent'), ('miller2_both_50_50_ac3_ev_target', 'mntspnt'))": 0.2895754,
    "(('miller2_both_50_50_ac3_ev_source', 'Organisation sub-class'), ('miller2_both_50_50_ac3_ev_target', 'rgnstnsb-clss'))": 0.28893167,
    "(('miller2_both_50_50_ac3_ev_source', 'Amount spent'), ('miller2_both_50_50_ac3_ev_target', 'mntspnt'))": 0.28780496,
    "(('miller2_both_50_50_ac3_ev_source', 'Continent ID'), ('miller2_both_50_50_ac3_ev_target', 'cntnntd'))": 0.28231043,
    "(('miller2_both_50_50_ac3_ev_source', 'CFLI (marker)'), ('miller2_both_50_50_ac3_ev_target', 'chldrnsss(mrkr)'))": 0.28025776,
    "(('miller2_both_50_50_ac3_ev_source', 'Programming process (new)'), ('miller2_both_50_50_ac3_ev_target', 'prgrmmngprcss(nw)'))": 0.2643252,
    "(('miller2_both_50_50_ac3_ev_source', 'Project Browser country ID'), ('miller2_both_50_50_ac3_ev_target', 'prjctbrwsrcntrd'))": 0.26314,
    "(('miller2_both_50_50_ac3_ev_source', 'Project number'), ('miller2_both_50_50_ac3_ev_target', 'rgnstntp'))": 0.26204783,
    "(('miller2_both_50_50_ac3_ev_source', 'CountryRegion name'), ('miller2_both_50_50_ac3_ev_target', 'cntrrgnnm'))": 0.24888103,
    "(('miller2_both_50_50_ac3_ev_source', 'CIDA business delivery model (old)'), ('miller2_both_50_50_ac3_ev_target', 'cdbsnssdlvrmdl(ld)'))": 0.23618624
  },
  "metrics": {
    "precision": 0.7368421052631579,
    "recall": 0.56,
    "f1_score": 0.6363636363636364,
    "precision_at_10_percent": 1.0,
    "precision_at_20_percent": 0.75,
    "precision_at_30_percent": 0.6666666666666666,
    "precision_at_40_percent": 0.75,
    "precision_at_50_percent": 0.7,
    "precision_at_60_percent": 0.75,
    "precision_at_70_percent": 0.7142857142857143,
    "precision_at_80_percent": 0.75,
    "precision_at_90_percent": 0.7222222222222222,
    "recall_at_sizeof_ground_truth": 0.56
  },
  "run_times": {
    "total_time": 2.4566162708215415,
    "algorithm_time": 2.4565915879793465
  }
}