{
  "name": "miller2_vertical_50_ec_ev__Coma{'max_n': 0, 'strategy': 'COMA_OPT'}",
  "matches": {
    "(('miller2_vertical_50_ec_ev_source', 'Maximum CIDA contribution (project-level)'), ('miller2_vertical_50_ec_ev_target', 'Maximum CIDA contribution (project-level)'))": 0.9334353,
    "(('miller2_vertical_50_ec_ev_source', 'Participatory development and good governance'), ('miller2_vertical_50_ec_ev_target', 'Participatory development and good governance'))": 0.9331108,
    "(('miller2_vertical_50_ec_ev_source', 'Untied amount(Project-level budget)'), ('miller2_vertical_50_ec_ev_target', 'Untied amount(Project-level budget)'))": 0.932528,
    "(('miller2_vertical_50_ec_ev_source', 'ICT as a tool for development (marker)'), ('miller2_vertical_50_ec_ev_target', 'ICT as a tool for development (marker)'))": 0.932436,
    "(('miller2_vertical_50_ec_ev_source', 'Bilateral aid (international marker)'), ('miller2_vertical_50_ec_ev_target', 'Bilateral aid (international marker)'))": 0.930974,
    "(('miller2_vertical_50_ec_ev_source', 'Knowledge for development (marker)'), ('miller2_vertical_50_ec_ev_target', 'Knowledge for development (marker)'))": 0.930974,
    "(('miller2_vertical_50_ec_ev_source', 'CIDA business delivery model (old)'), ('miller2_vertical_50_ec_ev_target', 'CIDA business delivery model (old)'))": 0.9301804,
    "(('miller2_vertical_50_ec_ev_source', 'Project Browser country ID'), ('miller2_vertical_50_ec_ev_target', 'Project Browser country ID'))": 0.9275018,
    "(('miller2_vertical_50_ec_ev_source', 'Disability issues (marker)'), ('miller2_vertical_50_ec_ev_target', 'Disability issues (marker)'))": 0.9275018,
    "(('miller2_vertical_50_ec_ev_source', 'Regional program (marker)'), ('miller2_vertical_50_ec_ev_target', 'Regional program (marker)'))": 0.92700577,
    "(('miller2_vertical_50_ec_ev_source', 'CountryRegion percent'), ('miller2_vertical_50_ec_ev_target', 'CountryRegion percent'))": 0.92670053,
    "(('miller2_vertical_50_ec_ev_source', 'Gender equality (marker)'), ('miller2_vertical_50_ec_ev_target', 'Gender equality (marker)'))": 0.92649376,
    "(('miller2_vertical_50_ec_ev_source', 'Organisation sub-class'), ('miller2_vertical_50_ec_ev_target', 'Organisation sub-class'))": 0.9254185,
    "(('miller2_vertical_50_ec_ev_source', 'Urban issues (marker)'), ('miller2_vertical_50_ec_ev_target', 'Urban issues (marker)'))": 0.9248535,
    "(('miller2_vertical_50_ec_ev_source', 'Biodiversity (marker)'), ('miller2_vertical_50_ec_ev_target', 'Biodiversity (marker)'))": 0.924269,
    "(('miller2_vertical_50_ec_ev_source', 'Organisation ID'), ('miller2_vertical_50_ec_ev_target', 'Organisation ID'))": 0.921016,
    "(('miller2_vertical_50_ec_ev_source', 'IRTC percent'), ('miller2_vertical_50_ec_ev_target', 'IRTC percent'))": 0.92087305,
    "(('miller2_vertical_50_ec_ev_source', 'Division name'), ('miller2_vertical_50_ec_ev_target', 'Division name'))": 0.9195361,
    "(('miller2_vertical_50_ec_ev_source', 'Amount spent'), ('miller2_vertical_50_ec_ev_target', 'Amount spent'))": 0.9187518,
    "(('miller2_vertical_50_ec_ev_source', 'Branch name'), ('miller2_vertical_50_ec_ev_target', 'Branch name'))": 0.9179355,
    "(('miller2_vertical_50_ec_ev_source', 'Fiscal year'), ('miller2_vertical_50_ec_ev_target', 'Fiscal year'))": 0.9170851,
    "(('miller2_vertical_50_ec_ev_source', 'Section ID'), ('miller2_vertical_50_ec_ev_target', 'Section ID'))": 0.9170851,
    "(('miller2_vertical_50_ec_ev_source', 'Branch ID'), ('miller2_vertical_50_ec_ev_target', 'Branch ID'))": 0.9161986,
    "(('miller2_vertical_50_ec_ev_source', 'Sector ID'), ('miller2_vertical_50_ec_ev_target', 'Sector ID'))": 0.9161986,
    "(('miller2_vertical_50_ec_ev_source', 'PBA type'), ('miller2_vertical_50_ec_ev_target', 'PBA type'))": 0.91527355,
    "(('miller2_vertical_50_ec_ev_source', 'Section name'), ('miller2_vertical_50_ec_ev_target', 'Sector name'))": 0.72895384,
    "(('miller2_vertical_50_ec_ev_source', 'Fund centre name'), ('miller2_vertical_50_ec_ev_target', 'Continent name'))": 0.5503167,
    "(('miller2_vertical_50_ec_ev_source', 'Fund centre ID'), ('miller2_vertical_50_ec_ev_target', 'Continent ID'))": 0.50384986
  },
  "metrics": {
    "precision": 0.8928571428571429,
    "recall": 1.0,
    "f1_score": 0.9433962264150945,
    "precision_at_10_percent": 1.0,
    "precision_at_20_percent": 1.0,
    "precision_at_30_percent": 1.0,
    "precision_at_40_percent": 1.0,
    "precision_at_50_percent": 1.0,
    "precision_at_60_percent": 1.0,
    "precision_at_70_percent": 1.0,
    "precision_at_80_percent": 1.0,
    "precision_at_90_percent": 0.9615384615384616,
    "recall_at_sizeof_ground_truth": 1.0
  },
  "run_times": {
    "total_time": 2.750274670077488,
    "algorithm_time": 2.7502508580219
  }
}