{
  "name": "miller2_vertical_1_ac4_ev__Coma{'max_n': 0, 'strategy': 'COMA_OPT_INST'}",
  "matches": {
    "(('miller2_vertical_1_ac4_ev_source', 'Participatory development and good governance'), ('miller2_vertical_1_ac4_ev_target', 'miller2_KnoFoDeve'))": 0.35566553,
    "(('miller2_vertical_1_ac4_ev_source', 'Fiscal year'), ('miller2_vertical_1_ac4_ev_target', 'miller2_FiY'))": 0.3448507,
    "(('miller2_vertical_1_ac4_ev_source', 'CFLI (marker)'), ('miller2_vertical_1_ac4_ev_target', 'miller2_YoIs'))": 0.3382834,
    "(('miller2_vertical_1_ac4_ev_source', 'CFLI (marker)'), ('miller2_vertical_1_ac4_ev_target', 'miller2_UrbIs'))": 0.33821148,
    "(('miller2_vertical_1_ac4_ev_source', 'CFLI (marker)'), ('miller2_vertical_1_ac4_ev_target', 'miller2_Biodi'))": 0.33811146,
    "(('miller2_vertical_1_ac4_ev_source', 'CFLI (marker)'), ('miller2_vertical_1_ac4_ev_target', 'miller2_IndIss'))": 0.3365658,
    "(('miller2_vertical_1_ac4_ev_source', 'FSTC percent'), ('miller2_vertical_1_ac4_ev_target', 'miller2_SePer'))": 0.30782393,
    "(('miller2_vertical_1_ac4_ev_source', 'Fund centre name'), ('miller2_vertical_1_ac4_ev_target', 'miller2_CounRegNa'))": 0.26659745,
    "(('miller2_vertical_1_ac4_ev_source', 'Bilateral aid (international marker)'), ('miller2_vertical_1_ac4_ev_target', 'miller2_ConID'))": 0.25832343,
    "(('miller2_vertical_1_ac4_ev_source', 'Branch ID'), ('miller2_vertical_1_ac4_ev_target', 'miller2_SeID'))": 0.21764188,
    "(('miller2_vertical_1_ac4_ev_source', 'PBA type'), ('miller2_vertical_1_ac4_ev_target', 'miller2_AmSpe'))": 0.21764188
  },
  "metrics": {
    "precision": 0.09090909090909091,
    "recall": 1.0,
    "f1_score": 0.16666666666666669,
    "precision_at_10_percent": 0.5,
    "precision_at_20_percent": 0.3333333333333333,
    "precision_at_30_percent": 0.25,
    "precision_at_40_percent": 0.2,
    "precision_at_50_percent": 0.16666666666666666,
    "precision_at_60_percent": 0.14285714285714285,
    "precision_at_70_percent": 0.125,
    "precision_at_80_percent": 0.1111111111111111,
    "precision_at_90_percent": 0.1,
    "recall_at_sizeof_ground_truth": 0.0
  },
  "run_times": {
    "total_time": 300.4136795080267,
    "algorithm_time": 300.4136477159336
  }
}