{
  "name": "miller2_horizontal_100_ac2_av__Coma{'max_n': 0, 'strategy': 'COMA_OPT'}",
  "matches": {
    "(('miller2_horizontal_100_ac2_av_source', 'Sector ID'), ('miller2_horizontal_100_ac2_av_target', 'Sector ID'))": 0.7967048,
    "(('miller2_horizontal_100_ac2_av_source', 'Continent ID'), ('miller2_horizontal_100_ac2_av_target', 'ContiID'))": 0.57838714,
    "(('miller2_horizontal_100_ac2_av_source', 'Branch ID'), ('miller2_horizontal_100_ac2_av_target', 'BraID'))": 0.5524738,
    "(('miller2_horizontal_100_ac2_av_source', 'CountryRegion ID'), ('miller2_horizontal_100_ac2_av_target', 'CounRegID'))": 0.54526883,
    "(('miller2_horizontal_100_ac2_av_source', 'Division ID'), ('miller2_horizontal_100_ac2_av_target', 'DiviID'))": 0.53719723,
    "(('miller2_horizontal_100_ac2_av_source', 'Organisation ID'), ('miller2_horizontal_100_ac2_av_target', 'OrganiT'))": 0.49593502,
    "(('miller2_horizontal_100_ac2_av_source', 'FSTC percent'), ('miller2_horizontal_100_ac2_av_target', 'FSTCPer'))": 0.48468438,
    "(('miller2_horizontal_100_ac2_av_source', 'Status'), ('miller2_horizontal_100_ac2_av_target', 'St'))": 0.47070312,
    "(('miller2_horizontal_100_ac2_av_source', 'PBA type'), ('miller2_horizontal_100_ac2_av_target', 'PBAT'))": 0.4557122,
    "(('miller2_horizontal_100_ac2_av_source', 'CFLI (marker)'), ('miller2_horizontal_100_ac2_av_target', 'CFLI'))": 0.45461452,
    "(('miller2_horizontal_100_ac2_av_source', 'IRTC percent'), ('miller2_horizontal_100_ac2_av_target', 'IRTCPe'))": 0.44595653,
    "(('miller2_horizontal_100_ac2_av_source', 'Desertification (marker)'), ('miller2_horizontal_100_ac2_av_target', 'Desert'))": 0.42905778,
    "(('miller2_horizontal_100_ac2_av_source', 'Enviromental sustainability (marker)'), ('miller2_horizontal_100_ac2_av_target', 'EnvirSustai'))": 0.42130584,
    "(('miller2_horizontal_100_ac2_av_source', 'Programming process (new)'), ('miller2_horizontal_100_ac2_av_target', 'PrograPro'))": 0.41780457,
    "(('miller2_horizontal_100_ac2_av_source', 'Trade development (marker)'), ('miller2_horizontal_100_ac2_av_target', 'TraDev'))": 0.4163803,
    "(('miller2_horizontal_100_ac2_av_source', 'Participatory development and good governance'), ('miller2_horizontal_100_ac2_av_target', 'ParticDeveloAGoGov'))": 0.40342715,
    "(('miller2_horizontal_100_ac2_av_source', 'Amount spent'), ('miller2_horizontal_100_ac2_av_target', 'AmSpe'))": 0.40204498,
    "(('miller2_horizontal_100_ac2_av_source', 'Fund centre ID'), ('miller2_horizontal_100_ac2_av_target', 'FCeID'))": 0.38625818,
    "(('miller2_horizontal_100_ac2_av_source', 'Fund centre ID'), ('miller2_horizontal_100_ac2_av_target', 'FuCeN'))": 0.38625818,
    "(('miller2_horizontal_100_ac2_av_source', 'Knowledge for development (marker)'), ('miller2_horizontal_100_ac2_av_target', 'KnoFDevelo'))": 0.38409758,
    "(('miller2_horizontal_100_ac2_av_source', 'Indigenous issues (marker)'), ('miller2_horizontal_100_ac2_av_target', 'IndigIs'))": 0.3791753,
    "(('miller2_horizontal_100_ac2_av_source', 'Maximum CIDA contribution (project-level)'), ('miller2_horizontal_100_ac2_av_target', 'MaxiCIDACont'))": 0.37071586,
    "(('miller2_horizontal_100_ac2_av_source', 'Climate change adaptation (marker)'), ('miller2_horizontal_100_ac2_av_target', 'CliChAdap'))": 0.36437374,
    "(('miller2_horizontal_100_ac2_av_source', 'Fiscal year'), ('miller2_horizontal_100_ac2_av_target', 'FiYe'))": 0.36290085,
    "(('miller2_horizontal_100_ac2_av_source', 'Gender equality (marker)'), ('miller2_horizontal_100_ac2_av_target', 'GenEqu'))": 0.3614623,
    "(('miller2_horizontal_100_ac2_av_source', 'CIDA business delivery model (old)'), ('miller2_horizontal_100_ac2_av_target', 'CIDABuDeliMo'))": 0.35565633,
    "(('miller2_horizontal_100_ac2_av_source', 'Biodiversity (marker)'), ('miller2_horizontal_100_ac2_av_target', 'Bio'))": 0.3551004,
    "(('miller2_horizontal_100_ac2_av_source', 'ICT as a tool for development (marker)'), ('miller2_horizontal_100_ac2_av_target', 'ICTAAToFDevelo'))": 0.35430288,
    "(('miller2_horizontal_100_ac2_av_source', 'Bilateral aid (international marker)'), ('miller2_horizontal_100_ac2_av_target', 'BilAMar'))": 0.34503162,
    "(('miller2_horizontal_100_ac2_av_source', 'Urban issues (marker)'), ('miller2_horizontal_100_ac2_av_target', 'UrbIs'))": 0.3450114,
    "(('miller2_horizontal_100_ac2_av_source', 'Youth issues (marker)'), ('miller2_horizontal_100_ac2_av_target', 'YoIss'))": 0.3450114,
    "(('miller2_horizontal_100_ac2_av_source', 'Climate change mitigation (marker)'), ('miller2_horizontal_100_ac2_av_target', 'ClChMiti'))": 0.31687704,
    "(('miller2_horizontal_100_ac2_av_source', 'Untied amount(Project-level budget)'), ('miller2_horizontal_100_ac2_av_target', 'UntAmPrBud'))": 0.31492314
  },
  "metrics": {
    "precision": 0.9393939393939394,
    "recall": 0.6078431372549019,
    "f1_score": 0.738095238095238,
    "precision_at_10_percent": 1.0,
    "precision_at_20_percent": 0.8571428571428571,
    "precision_at_30_percent": 0.9,
    "precision_at_40_percent": 0.9285714285714286,
    "precision_at_50_percent": 0.9411764705882353,
    "precision_at_60_percent": 0.9,
    "precision_at_70_percent": 0.9166666666666666,
    "precision_at_80_percent": 0.9259259259259259,
    "precision_at_90_percent": 0.9333333333333333,
    "recall_at_sizeof_ground_truth": 0.6078431372549019
  },
  "run_times": {
    "total_time": 3.3128502670000444,
    "algorithm_time": 3.3128304219999336
  }
}