{
  "name": "miller2_both_0_70_ac3_ev__Coma{'max_n': 0, 'strategy': 'COMA_OPT'}",
  "matches": {
    "(('miller2_both_0_70_ac3_ev_source', 'FSTC percent'), ('miller2_both_0_70_ac3_ev_target', 'fstcprcnt'))": 0.45821726,
    "(('miller2_both_0_70_ac3_ev_source', 'CFLI (marker)'), ('miller2_both_0_70_ac3_ev_target', 'cfl(mrkr)'))": 0.40165973,
    "(('miller2_both_0_70_ac3_ev_source', 'Status'), ('miller2_both_0_70_ac3_ev_target', 'stts'))": 0.38792348,
    "(('miller2_both_0_70_ac3_ev_source', 'Branch ID'), ('miller2_both_0_70_ac3_ev_target', 'brnchnm'))": 0.3612247,
    "(('miller2_both_0_70_ac3_ev_source', 'IRTC percent'), ('miller2_both_0_70_ac3_ev_target', 'rtcprcnt'))": 0.33435208,
    "(('miller2_both_0_70_ac3_ev_source', 'Sector ID'), ('miller2_both_0_70_ac3_ev_target', 'sctnd'))": 0.31856924,
    "(('miller2_both_0_70_ac3_ev_source', 'Sector ID'), ('miller2_both_0_70_ac3_ev_target', 'sctrd'))": 0.31856924,
    "(('miller2_both_0_70_ac3_ev_source', 'Fund centre ID'), ('miller2_both_0_70_ac3_ev_target', 'fndcntrd'))": 0.31431997,
    "(('miller2_both_0_70_ac3_ev_source', 'Fiscal year'), ('miller2_both_0_70_ac3_ev_target', 'fsclr'))": 0.30379647,
    "(('miller2_both_0_70_ac3_ev_source', 'Untied amount(Project-level budget)'), ('miller2_both_0_70_ac3_ev_target', 'ntdmnt(prjct-lvlbdgt)'))": 0.30086434,
    "(('miller2_both_0_70_ac3_ev_source', 'Organisation sub-class'), ('miller2_both_0_70_ac3_ev_target', 'rgnstnsb-clss'))": 0.29203844,
    "(('miller2_both_0_70_ac3_ev_source', 'Amount spent'), ('miller2_both_0_70_ac3_ev_target', 'mntspnt'))": 0.29093224,
    "(('miller2_both_0_70_ac3_ev_source', 'Programming process (new)'), ('miller2_both_0_70_ac3_ev_target', 'prgrmmngprcss(nw)'))": 0.26753917,
    "(('miller2_both_0_70_ac3_ev_source', 'Maximum CIDA contribution (project-level)'), ('miller2_both_0_70_ac3_ev_target', 'mxmmcdcntrbtn(prjct-lvl)'))": 0.26643682,
    "(('miller2_both_0_70_ac3_ev_source', 'Project Browser country ID'), ('miller2_both_0_70_ac3_ev_target', 'prjctbrwsrcntrd'))": 0.2663569,
    "(('miller2_both_0_70_ac3_ev_source', 'Project number'), ('miller2_both_0_70_ac3_ev_target', 'rgnstntp'))": 0.26544178,
    "(('miller2_both_0_70_ac3_ev_source', 'Biodiversity (marker)'), ('miller2_both_0_70_ac3_ev_target', 'bdvrst(mrkr)'))": 0.2639534,
    "(('miller2_both_0_70_ac3_ev_source', 'Trade development (marker)'), ('miller2_both_0_70_ac3_ev_target', 'trddvlpmnt(mrkr)'))": 0.2632626,
    "(('miller2_both_0_70_ac3_ev_source', 'CountryRegion name'), ('miller2_both_0_70_ac3_ev_target', 'cntrrgnnm'))": 0.2522015
  },
  "metrics": {
    "precision": 0.8421052631578947,
    "recall": 0.45714285714285713,
    "f1_score": 0.5925925925925926,
    "precision_at_10_percent": 1.0,
    "precision_at_20_percent": 0.75,
    "precision_at_30_percent": 0.6666666666666666,
    "precision_at_40_percent": 0.75,
    "precision_at_50_percent": 0.8,
    "precision_at_60_percent": 0.8333333333333334,
    "precision_at_70_percent": 0.8571428571428571,
    "precision_at_80_percent": 0.8125,
    "precision_at_90_percent": 0.8333333333333334,
    "recall_at_sizeof_ground_truth": 0.45714285714285713
  },
  "run_times": {
    "total_time": 5.224981507999473,
    "algorithm_time": 5.224956815000041
  }
}