{
  "name": "miller2_both_0_50_ac2_av__Coma{'max_n': 0, 'strategy': 'COMA_OPT_INST'}",
  "matches": {
    "(('miller2_both_0_50_ac2_av_source', 'Sector ID'), ('miller2_both_0_50_ac2_av_target', 'SecID'))": 0.54073596,
    "(('miller2_both_0_50_ac2_av_source', 'Gender equality (marker)'), ('miller2_both_0_50_ac2_av_target', 'GenEqua'))": 0.49154967,
    "(('miller2_both_0_50_ac2_av_source', 'Indigenous issues (marker)'), ('miller2_both_0_50_ac2_av_target', 'IndIss'))": 0.486825,
    "(('miller2_both_0_50_ac2_av_source', 'Branch ID'), ('miller2_both_0_50_ac2_av_target', 'BrID'))": 0.48682323,
    "(('miller2_both_0_50_ac2_av_source', 'Trade development (marker)'), ('miller2_both_0_50_ac2_av_target', 'TraDevel'))": 0.48670983,
    "(('miller2_both_0_50_ac2_av_source', 'Desertification (marker)'), ('miller2_both_0_50_ac2_av_target', 'Dese'))": 0.47662783,
    "(('miller2_both_0_50_ac2_av_source', 'Project Browser country ID'), ('miller2_both_0_50_ac2_av_target', 'ProBroCouID'))": 0.45047912,
    "(('miller2_both_0_50_ac2_av_source', 'Regional program (marker)'), ('miller2_both_0_50_ac2_av_target', 'RegProg'))": 0.43962502,
    "(('miller2_both_0_50_ac2_av_source', 'ICT as a tool for development (marker)'), ('miller2_both_0_50_ac2_av_target', 'ICTAAToFoDeve'))": 0.43028647,
    "(('miller2_both_0_50_ac2_av_source', 'Urban issues (marker)'), ('miller2_both_0_50_ac2_av_target', 'UrIs'))": 0.42770332,
    "(('miller2_both_0_50_ac2_av_source', 'Climate change adaptation (marker)'), ('miller2_both_0_50_ac2_av_target', 'ClChaAdap'))": 0.41871038,
    "(('miller2_both_0_50_ac2_av_source', 'CFLI (marker)'), ('miller2_both_0_50_ac2_av_target', 'ChIss'))": 0.41226196,
    "(('miller2_both_0_50_ac2_av_source', 'CFLI (marker)'), ('miller2_both_0_50_ac2_av_target', 'BilaAMar'))": 0.40946445,
    "(('miller2_both_0_50_ac2_av_source', 'Bilateral aid (international marker)'), ('miller2_both_0_50_ac2_av_target', 'BilaAMar'))": 0.40686053,
    "(('miller2_both_0_50_ac2_av_source', 'Organisation sub-class'), ('miller2_both_0_50_ac2_av_target', 'OrganiSu'))": 0.40242743,
    "(('miller2_both_0_50_ac2_av_source', 'Status'), ('miller2_both_0_50_ac2_av_target', 'Sta'))": 0.39993748,
    "(('miller2_both_0_50_ac2_av_source', 'IRTC percent'), ('miller2_both_0_50_ac2_av_target', 'IRTCPerc'))": 0.39729467,
    "(('miller2_both_0_50_ac2_av_source', 'FSTC percent'), ('miller2_both_0_50_ac2_av_target', 'SecPerc'))": 0.36815917,
    "(('miller2_both_0_50_ac2_av_source', 'Division ID'), ('miller2_both_0_50_ac2_av_target', 'DivN'))": 0.32352397,
    "(('miller2_both_0_50_ac2_av_source', 'Project number'), ('miller2_both_0_50_ac2_av_target', 'ProjNu'))": 0.3206074,
    "(('miller2_both_0_50_ac2_av_source', 'Fund centre ID'), ('miller2_both_0_50_ac2_av_target', 'FCeID'))": 0.28873926,
    "(('miller2_both_0_50_ac2_av_source', 'Fiscal year'), ('miller2_both_0_50_ac2_av_target', 'FiY'))": 0.27606624
  },
  "metrics": {
    "precision": 0.8181818181818182,
    "recall": 0.72,
    "f1_score": 0.7659574468085107,
    "precision_at_10_percent": 1.0,
    "precision_at_20_percent": 1.0,
    "precision_at_30_percent": 1.0,
    "precision_at_40_percent": 1.0,
    "precision_at_50_percent": 1.0,
    "precision_at_60_percent": 0.8571428571428571,
    "precision_at_70_percent": 0.875,
    "precision_at_80_percent": 0.8333333333333334,
    "precision_at_90_percent": 0.8,
    "recall_at_sizeof_ground_truth": 0.72
  },
  "run_times": {
    "total_time": 422.25124579899784,
    "algorithm_time": 422.2512297159992
  }
}