{
  "name": "miller2_both_0_30_ac5_av__Coma{'max_n': 0, 'strategy': 'COMA_OPT_INST'}",
  "matches": {
    "(('miller2_both_0_30_ac5_av_source', 'CFLI (marker)'), ('miller2_both_0_30_ac5_av_target', 'miller2_thsss(mrkr)'))": 0.3831809,
    "(('miller2_both_0_30_ac5_av_source', 'CFLI (marker)'), ('miller2_both_0_30_ac5_av_target', 'miller2_rbnsss(mrkr)'))": 0.38079157,
    "(('miller2_both_0_30_ac5_av_source', 'Gender equality (marker)'), ('miller2_both_0_30_ac5_av_target', 'miller2_gndrqlt(mrkr)'))": 0.35758418,
    "(('miller2_both_0_30_ac5_av_source', 'Continent ID'), ('miller2_both_0_30_ac5_av_target', 'miller2_cntnntd'))": 0.35714814,
    "(('miller2_both_0_30_ac5_av_source', 'Branch ID'), ('miller2_both_0_30_ac5_av_target', 'miller2_brnchd'))": 0.31272903,
    "(('miller2_both_0_30_ac5_av_source', 'FSTC percent'), ('miller2_both_0_30_ac5_av_target', 'miller2_sctrprcnt'))": 0.3050213,
    "(('miller2_both_0_30_ac5_av_source', 'Organisation sub-class'), ('miller2_both_0_30_ac5_av_target', 'miller2_rgnstnsb-clss'))": 0.25368226,
    "(('miller2_both_0_30_ac5_av_source', 'Fund centre name'), ('miller2_both_0_30_ac5_av_target', 'miller2_cntrrgnnm'))": 0.2251579,
    "(('miller2_both_0_30_ac5_av_source', 'Untied amount(Project-level budget)'), ('miller2_both_0_30_ac5_av_target', 'miller2_ntdmnt(prjct-lvlbdgt)'))": 0.2122422,
    "(('miller2_both_0_30_ac5_av_source', 'Maximum CIDA contribution (project-level)'), ('miller2_both_0_30_ac5_av_target', 'miller2_mxmmcdcntrbtn(prjct-lvl)'))": 0.18860656
  },
  "metrics": {
    "precision": 0.6,
    "recall": 0.4,
    "f1_score": 0.48,
    "precision_at_10_percent": 0.0,
    "precision_at_20_percent": 0.0,
    "precision_at_30_percent": 0.3333333333333333,
    "precision_at_40_percent": 0.5,
    "precision_at_50_percent": 0.6,
    "precision_at_60_percent": 0.5,
    "precision_at_70_percent": 0.5714285714285714,
    "precision_at_80_percent": 0.5,
    "precision_at_90_percent": 0.5555555555555556,
    "recall_at_sizeof_ground_truth": 0.4
  },
  "run_times": {
    "total_time": 319.8294546020006,
    "algorithm_time": 319.8294407249996
  }
}