{
  "name": "miller2_both_50_70_ac2_av__Coma{'max_n': 0, 'strategy': 'COMA_OPT_INST'}",
  "matches": {
    "(('miller2_both_50_70_ac2_av_source', 'Continent ID'), ('miller2_both_50_70_ac2_av_target', 'ContID'))": 0.657133,
    "(('miller2_both_50_70_ac2_av_source', 'CFLI (marker)'), ('miller2_both_50_70_ac2_av_target', 'CFLI'))": 0.55306685,
    "(('miller2_both_50_70_ac2_av_source', 'Branch ID'), ('miller2_both_50_70_ac2_av_target', 'BraID'))": 0.53354037,
    "(('miller2_both_50_70_ac2_av_source', 'Children issues (marker)'), ('miller2_both_50_70_ac2_av_target', 'ChilIss'))": 0.5008017,
    "(('miller2_both_50_70_ac2_av_source', 'Enviromental sustainability (marker)'), ('miller2_both_50_70_ac2_av_target', 'EnviSusta'))": 0.49283972,
    "(('miller2_both_50_70_ac2_av_source', 'CountryRegion ID'), ('miller2_both_50_70_ac2_av_target', 'CouRegID'))": 0.48613042,
    "(('miller2_both_50_70_ac2_av_source', 'Climate change adaptation (marker)'), ('miller2_both_50_70_ac2_av_target', 'ClimChAdapt'))": 0.4816637,
    "(('miller2_both_50_70_ac2_av_source', 'Participatory development and good governance'), ('miller2_both_50_70_ac2_av_target', 'PartDevAGoGove'))": 0.47554016,
    "(('miller2_both_50_70_ac2_av_source', 'Biodiversity (marker)'), ('miller2_both_50_70_ac2_av_target', 'Bio'))": 0.4719658,
    "(('miller2_both_50_70_ac2_av_source', 'Indigenous issues (marker)'), ('miller2_both_50_70_ac2_av_target', 'IndiIs'))": 0.47015887,
    "(('miller2_both_50_70_ac2_av_source', 'Urban issues (marker)'), ('miller2_both_50_70_ac2_av_target', 'UrbIs'))": 0.46472016,
    "(('miller2_both_50_70_ac2_av_source', 'Climate change mitigation (marker)'), ('miller2_both_50_70_ac2_av_target', 'ClimChMit'))": 0.4601223,
    "(('miller2_both_50_70_ac2_av_source', 'ICT as a tool for development (marker)'), ('miller2_both_50_70_ac2_av_target', 'ICTAAToFoDevel'))": 0.45491576,
    "(('miller2_both_50_70_ac2_av_source', 'Section ID'), ('miller2_both_50_70_ac2_av_target', 'Sector ID'))": 0.45399815,
    "(('miller2_both_50_70_ac2_av_source', 'Knowledge for development (marker)'), ('miller2_both_50_70_ac2_av_target', 'KnoFDev'))": 0.44366425,
    "(('miller2_both_50_70_ac2_av_source', 'Youth issues (marker)'), ('miller2_both_50_70_ac2_av_target', 'YoIs'))": 0.4359358,
    "(('miller2_both_50_70_ac2_av_source', 'Regional program (marker)'), ('miller2_both_50_70_ac2_av_target', 'RegPro'))": 0.42660618,
    "(('miller2_both_50_70_ac2_av_source', 'Trade development (marker)'), ('miller2_both_50_70_ac2_av_target', 'TrDevel'))": 0.42566052,
    "(('miller2_both_50_70_ac2_av_source', 'Division ID'), ('miller2_both_50_70_ac2_av_target', 'DiviID'))": 0.41991434,
    "(('miller2_both_50_70_ac2_av_source', 'Status'), ('miller2_both_50_70_ac2_av_target', 'Sta'))": 0.40903386,
    "(('miller2_both_50_70_ac2_av_source', 'IRTC percent'), ('miller2_both_50_70_ac2_av_target', 'IRTCPerc'))": 0.40630943,
    "(('miller2_both_50_70_ac2_av_source', 'Desertification (marker)'), ('miller2_both_50_70_ac2_av_target', 'DisaIs'))": 0.39611486,
    "(('miller2_both_50_70_ac2_av_source', 'Continent name'), ('miller2_both_50_70_ac2_av_target', 'ContNa'))": 0.37641817,
    "(('miller2_both_50_70_ac2_av_source', 'Organisation name'), ('miller2_both_50_70_ac2_av_target', 'OrganiT'))": 0.37058005,
    "(('miller2_both_50_70_ac2_av_source', 'Organisation name'), ('miller2_both_50_70_ac2_av_target', 'OrganID'))": 0.37058005,
    "(('miller2_both_50_70_ac2_av_source', 'Organisation type'), ('miller2_both_50_70_ac2_av_target', 'OrganiT'))": 0.37058005,
    "(('miller2_both_50_70_ac2_av_source', 'Organisation type'), ('miller2_both_50_70_ac2_av_target', 'OrganID'))": 0.37058005,
    "(('miller2_both_50_70_ac2_av_source', 'PBA type'), ('miller2_both_50_70_ac2_av_target', 'PBAT'))": 0.3540606,
    "(('miller2_both_50_70_ac2_av_source', 'FSTC percent'), ('miller2_both_50_70_ac2_av_target', 'FSTCPe'))": 0.34624043,
    "(('miller2_both_50_70_ac2_av_source', 'Fiscal year'), ('miller2_both_50_70_ac2_av_target', 'FisYe'))": 0.3179341
  },
  "metrics": {
    "precision": 0.8333333333333334,
    "recall": 0.7142857142857143,
    "f1_score": 0.7692307692307692,
    "precision_at_10_percent": 1.0,
    "precision_at_20_percent": 1.0,
    "precision_at_30_percent": 1.0,
    "precision_at_40_percent": 1.0,
    "precision_at_50_percent": 0.9333333333333333,
    "precision_at_60_percent": 0.9444444444444444,
    "precision_at_70_percent": 0.9523809523809523,
    "precision_at_80_percent": 0.875,
    "precision_at_90_percent": 0.8148148148148148,
    "recall_at_sizeof_ground_truth": 0.7142857142857143
  },
  "run_times": {
    "total_time": 2125.120639321,
    "algorithm_time": 2125.1206248979997
  }
}