{
  "name": "miller2_both_0_30_ac2_av__Coma{'max_n': 0, 'strategy': 'COMA_OPT'}",
  "matches": {
    "(('miller2_both_0_30_ac2_av_source', 'Section ID'), ('miller2_both_0_30_ac2_av_target', 'SecID'))": 0.5003893,
    "(('miller2_both_0_30_ac2_av_source', 'FSTC percent'), ('miller2_both_0_30_ac2_av_target', 'FSTCPer'))": 0.44876045,
    "(('miller2_both_0_30_ac2_av_source', 'IRTC percent'), ('miller2_both_0_30_ac2_av_target', 'IRTCPer'))": 0.44876045,
    "(('miller2_both_0_30_ac2_av_source', 'PBA type'), ('miller2_both_0_30_ac2_av_target', 'PBAT'))": 0.4193747,
    "(('miller2_both_0_30_ac2_av_source', 'CFLI (marker)'), ('miller2_both_0_30_ac2_av_target', 'CFLI'))": 0.41826198,
    "(('miller2_both_0_30_ac2_av_source', 'Project number'), ('miller2_both_0_30_ac2_av_target', 'ProjNu'))": 0.3890164,
    "(('miller2_both_0_30_ac2_av_source', 'Fiscal year'), ('miller2_both_0_30_ac2_av_target', 'FisY'))": 0.38389018,
    "(('miller2_both_0_30_ac2_av_source', 'Division ID'), ('miller2_both_0_30_ac2_av_target', 'DisIs'))": 0.38201752,
    "(('miller2_both_0_30_ac2_av_source', 'Amount spent'), ('miller2_both_0_30_ac2_av_target', 'AmoSp'))": 0.36514843,
    "(('miller2_both_0_30_ac2_av_source', 'Desertification (marker)'), ('miller2_both_0_30_ac2_av_target', 'Deser'))": 0.36431107,
    "(('miller2_both_0_30_ac2_av_source', 'Sector percent'), ('miller2_both_0_30_ac2_av_target', 'SePer'))": 0.35093436,
    "(('miller2_both_0_30_ac2_av_source', 'Knowledge for development (marker)'), ('miller2_both_0_30_ac2_av_target', 'KnowFDeve'))": 0.32614133,
    "(('miller2_both_0_30_ac2_av_source', 'CIDA business delivery model (old)'), ('miller2_both_0_30_ac2_av_target', 'CIDABuDeliMo'))": 0.31856057,
    "(('miller2_both_0_30_ac2_av_source', 'Status'), ('miller2_both_0_30_ac2_av_target', 'ChIs'))": 0.30699822,
    "(('miller2_both_0_30_ac2_av_source', 'Climate change adaptation (marker)'), ('miller2_both_0_30_ac2_av_target', 'ClChAdap'))": 0.30528218,
    "(('miller2_both_0_30_ac2_av_source', 'Untied amount(Project-level budget)'), ('miller2_both_0_30_ac2_av_target', 'UntAmoProBu'))": 0.30027822,
    "(('miller2_both_0_30_ac2_av_source', 'Trade development (marker)'), ('miller2_both_0_30_ac2_av_target', 'ICTAAToFDevelo'))": 0.28871608,
    "(('miller2_both_0_30_ac2_av_source', 'Biodiversity (marker)'), ('miller2_both_0_30_ac2_av_target', 'OrganiTy'))": 0.22853582
  },
  "metrics": {
    "precision": 0.7222222222222222,
    "recall": 0.8666666666666667,
    "f1_score": 0.7878787878787877,
    "precision_at_10_percent": 0.5,
    "precision_at_20_percent": 0.75,
    "precision_at_30_percent": 0.8333333333333334,
    "precision_at_40_percent": 0.75,
    "precision_at_50_percent": 0.7777777777777778,
    "precision_at_60_percent": 0.8181818181818182,
    "precision_at_70_percent": 0.8461538461538461,
    "precision_at_80_percent": 0.8,
    "precision_at_90_percent": 0.7647058823529411,
    "recall_at_sizeof_ground_truth": 0.8
  },
  "run_times": {
    "total_time": 1.698510668000381,
    "algorithm_time": 1.698496173001331
  }
}