{
  "name": "miller2_vertical_30_ac1_ev__Coma{'max_n': 0, 'strategy': 'COMA_OPT'}",
  "matches": {
    "(('miller2_vertical_30_ac1_ev_source', 'Enviromental sustainability (marker)'), ('miller2_vertical_30_ac1_ev_target', 'miller2_EnviromentalSustainability(marker)'))": 0.67532885,
    "(('miller2_vertical_30_ac1_ev_source', 'Untied amount(Project-level budget)'), ('miller2_vertical_30_ac1_ev_target', 'miller2_UntiedAmount(Project-levelBudget)'))": 0.6684495,
    "(('miller2_vertical_30_ac1_ev_source', 'Organisation sub-class'), ('miller2_vertical_30_ac1_ev_target', 'miller2_OrganisationSub-class'))": 0.65411675,
    "(('miller2_vertical_30_ac1_ev_source', 'Climate change mitigation (marker)'), ('miller2_vertical_30_ac1_ev_target', 'miller2_ClimateChangeMitigation(marker)'))": 0.6285949,
    "(('miller2_vertical_30_ac1_ev_source', 'Disability issues (marker)'), ('miller2_vertical_30_ac1_ev_target', 'miller2_DisabilityIssues(marker)'))": 0.6243634,
    "(('miller2_vertical_30_ac1_ev_source', 'Organisation type'), ('miller2_vertical_30_ac1_ev_target', 'miller2_OrganisationType'))": 0.6152766,
    "(('miller2_vertical_30_ac1_ev_source', 'Children issues (marker)'), ('miller2_vertical_30_ac1_ev_target', 'miller2_ChildrenIssues(marker)'))": 0.61029613,
    "(('miller2_vertical_30_ac1_ev_source', 'CountryRegion ID'), ('miller2_vertical_30_ac1_ev_target', 'miller2_CountryRegionID'))": 0.6054945,
    "(('miller2_vertical_30_ac1_ev_source', 'Urban issues (marker)'), ('miller2_vertical_30_ac1_ev_target', 'miller2_UrbanIssues(marker)'))": 0.5854367,
    "(('miller2_vertical_30_ac1_ev_source', 'CIDA business delivery model (old)'), ('miller2_vertical_30_ac1_ev_target', 'miller2_CIDABusinessDeliveryModel(old)'))": 0.5718304,
    "(('miller2_vertical_30_ac1_ev_source', 'Division name'), ('miller2_vertical_30_ac1_ev_target', 'miller2_DivisionName'))": 0.57022166,
    "(('miller2_vertical_30_ac1_ev_source', 'Sector name'), ('miller2_vertical_30_ac1_ev_target', 'miller2_SectorName'))": 0.5400182,
    "(('miller2_vertical_30_ac1_ev_source', 'Fiscal year'), ('miller2_vertical_30_ac1_ev_target', 'miller2_FiscalYear'))": 0.53876805,
    "(('miller2_vertical_30_ac1_ev_source', 'Section ID'), ('miller2_vertical_30_ac1_ev_target', 'miller2_SectionID'))": 0.5221503,
    "(('miller2_vertical_30_ac1_ev_source', 'PBA type'), ('miller2_vertical_30_ac1_ev_target', 'miller2_PBAType'))": 0.47887087,
    "(('miller2_vertical_30_ac1_ev_source', 'FSTC percent'), ('miller2_vertical_30_ac1_ev_target', 'miller2_SectorPercent'))": 0.47654897,
    "(('miller2_vertical_30_ac1_ev_source', 'IRTC percent'), ('miller2_vertical_30_ac1_ev_target', 'miller2_SectorPercent'))": 0.47654897,
    "(('miller2_vertical_30_ac1_ev_source', 'CFLI (marker)'), ('miller2_vertical_30_ac1_ev_target', 'miller2_Biodiversity(marker)'))": 0.4568958,
    "(('miller2_vertical_30_ac1_ev_source', 'Fund centre name'), ('miller2_vertical_30_ac1_ev_target', 'miller2_ContinentName'))": 0.39197686,
    "(('miller2_vertical_30_ac1_ev_source', 'Fund centre ID'), ('miller2_vertical_30_ac1_ev_target', 'miller2_ContinentID'))": 0.35146236
  },
  "metrics": {
    "precision": 0.75,
    "recall": 1.0,
    "f1_score": 0.8571428571428571,
    "precision_at_10_percent": 1.0,
    "precision_at_20_percent": 1.0,
    "precision_at_30_percent": 1.0,
    "precision_at_40_percent": 1.0,
    "precision_at_50_percent": 1.0,
    "precision_at_60_percent": 1.0,
    "precision_at_70_percent": 1.0,
    "precision_at_80_percent": 0.9375,
    "precision_at_90_percent": 0.8333333333333334,
    "recall_at_sizeof_ground_truth": 1.0
  },
  "run_times": {
    "total_time": 2.5837242817506194,
    "algorithm_time": 2.5836997907608747
  }
}