{
  "name": "miller2_both_50_1_ac2_av__Coma{'max_n': 0, 'strategy': 'COMA_OPT'}",
  "matches": {
    "(('miller2_both_50_1_ac2_av_source', 'Section ID'), ('miller2_both_50_1_ac2_av_target', 'SecID'))": 0.4808327,
    "(('miller2_both_50_1_ac2_av_source', 'Fiscal year'), ('miller2_both_50_1_ac2_av_target', 'FisY'))": 0.3643336,
    "(('miller2_both_50_1_ac2_av_source', 'PBA type'), ('miller2_both_50_1_ac2_av_target', 'AmoSpe'))": 0.3194652,
    "(('miller2_both_50_1_ac2_av_source', 'Status'), ('miller2_both_50_1_ac2_av_target', 'OrgS'))": 0.28744164,
    "(('miller2_both_50_1_ac2_av_source', 'FSTC percent'), ('miller2_both_50_1_ac2_av_target', 'OrgT'))": 0.25082088,
    "(('miller2_both_50_1_ac2_av_source', 'IRTC percent'), ('miller2_both_50_1_ac2_av_target', 'OrgT'))": 0.25082088,
    "(('miller2_both_50_1_ac2_av_source', 'Participatory development and good governance'), ('miller2_both_50_1_ac2_av_target', 'TrDevelo'))": 0.2386268,
    "(('miller2_both_50_1_ac2_av_source', 'CFLI (marker)'), ('miller2_both_50_1_ac2_av_target', 'ContNa'))": 0.23191541,
    "(('miller2_both_50_1_ac2_av_source', 'Untied amount(Project-level budget)'), ('miller2_both_50_1_ac2_av_target', 'KnoFDevel'))": 0.21293135
  },
  "metrics": {
    "precision": 0.1111111111111111,
    "recall": 1.0,
    "f1_score": 0.19999999999999998,
    "precision_at_10_percent": 0.0,
    "precision_at_20_percent": 0.5,
    "precision_at_30_percent": 0.3333333333333333,
    "precision_at_40_percent": 0.25,
    "precision_at_50_percent": 0.2,
    "precision_at_60_percent": 0.16666666666666666,
    "precision_at_70_percent": 0.14285714285714285,
    "precision_at_80_percent": 0.125,
    "precision_at_90_percent": 0.1111111111111111,
    "recall_at_sizeof_ground_truth": 0.0
  },
  "run_times": {
    "total_time": 1.4993285429991374,
    "algorithm_time": 1.4993151550006587
  }
}