{
  "name": "miller2_both_50_30_ac5_av__Coma{'max_n': 0, 'strategy': 'COMA_OPT'}",
  "matches": {
    "(('miller2_both_50_30_ac5_av_source', 'IRTC percent'), ('miller2_both_50_30_ac5_av_target', 'miller2_rtcprcnt'))": 0.27966556
  },
  "metrics": {
    "precision": 1.0,
    "recall": 0.06666666666666667,
    "f1_score": 0.125,
    "precision_at_10_percent": 1.0,
    "precision_at_20_percent": 1.0,
    "precision_at_30_percent": 1.0,
    "precision_at_40_percent": 1.0,
    "precision_at_50_percent": 1.0,
    "precision_at_60_percent": 1.0,
    "precision_at_70_percent": 1.0,
    "precision_at_80_percent": 1.0,
    "precision_at_90_percent": 1.0,
    "recall_at_sizeof_ground_truth": 0.06666666666666667
  },
  "run_times": {
    "total_time": 1.6007690650003497,
    "algorithm_time": 1.6007541830003902
  }
}