{
  "name": "miller2_horizontal_50_ac4_ev__Coma{'max_n': 0, 'strategy': 'COMA_OPT'}",
  "matches": {
    "(('miller2_horizontal_50_ac4_ev_source', 'Sector name'), ('miller2_horizontal_50_ac4_ev_target', 'Sector name'))": 0.75917095,
    "(('miller2_horizontal_50_ac4_ev_source', 'Section ID'), ('miller2_horizontal_50_ac4_ev_target', 'miller2_SectID'))": 0.41120398,
    "(('miller2_horizontal_50_ac4_ev_source', 'Continent ID'), ('miller2_horizontal_50_ac4_ev_target', 'miller2_ContiID'))": 0.38714063,
    "(('miller2_horizontal_50_ac4_ev_source', 'CountryRegion ID'), ('miller2_horizontal_50_ac4_ev_target', 'miller2_CouRegID'))": 0.36244732,
    "(('miller2_horizontal_50_ac4_ev_source', 'IRTC percent'), ('miller2_horizontal_50_ac4_ev_target', 'miller2_IRTCPerc'))": 0.34738982,
    "(('miller2_horizontal_50_ac4_ev_source', 'Branch ID'), ('miller2_horizontal_50_ac4_ev_target', 'miller2_BraID'))": 0.34158856,
    "(('miller2_horizontal_50_ac4_ev_source', 'Organisation ID'), ('miller2_horizontal_50_ac4_ev_target', 'miller2_OrganiTy'))": 0.33014253,
    "(('miller2_horizontal_50_ac4_ev_source', 'Enviromental sustainability (marker)'), ('miller2_horizontal_50_ac4_ev_target', 'miller2_EnviSustain'))": 0.31743938,
    "(('miller2_horizontal_50_ac4_ev_source', 'FSTC percent'), ('miller2_horizontal_50_ac4_ev_target', 'miller2_FSTCPer'))": 0.31597534,
    "(('miller2_horizontal_50_ac4_ev_source', 'Project number'), ('miller2_horizontal_50_ac4_ev_target', 'miller2_ProPr'))": 0.30945525,
    "(('miller2_horizontal_50_ac4_ev_source', 'PBA type'), ('miller2_horizontal_50_ac4_ev_target', 'miller2_SePe'))": 0.30804917,
    "(('miller2_horizontal_50_ac4_ev_source', 'CFLI (marker)'), ('miller2_horizontal_50_ac4_ev_target', 'miller2_CFLI'))": 0.28491485,
    "(('miller2_horizontal_50_ac4_ev_source', 'Knowledge for development (marker)'), ('miller2_horizontal_50_ac4_ev_target', 'miller2_KnowlFoDeve'))": 0.27876264,
    "(('miller2_horizontal_50_ac4_ev_source', 'CIDA business delivery model (old)'), ('miller2_horizontal_50_ac4_ev_target', 'miller2_CIDABuDeliMod'))": 0.27614713,
    "(('miller2_horizontal_50_ac4_ev_source', 'Status'), ('miller2_horizontal_50_ac4_ev_target', 'miller2_St'))": 0.27417713,
    "(('miller2_horizontal_50_ac4_ev_source', 'Participatory development and good governance'), ('miller2_horizontal_50_ac4_ev_target', 'miller2_ParticDevAnGGov'))": 0.2671496,
    "(('miller2_horizontal_50_ac4_ev_source', 'Climate change mitigation (marker)'), ('miller2_horizontal_50_ac4_ev_target', 'miller2_CliChaMiti'))": 0.26473036,
    "(('miller2_horizontal_50_ac4_ev_source', 'Maximum CIDA contribution (project-level)'), ('miller2_horizontal_50_ac4_ev_target', 'miller2_MaxCIDACon'))": 0.26233593,
    "(('miller2_horizontal_50_ac4_ev_source', 'Untied amount(Project-level budget)'), ('miller2_horizontal_50_ac4_ev_target', 'miller2_UntAmoProBud'))": 0.26000887,
    "(('miller2_horizontal_50_ac4_ev_source', 'Biodiversity (marker)'), ('miller2_horizontal_50_ac4_ev_target', 'miller2_Biod'))": 0.25764987
  },
  "metrics": {
    "precision": 0.85,
    "recall": 0.3333333333333333,
    "f1_score": 0.4788732394366197,
    "precision_at_10_percent": 1.0,
    "precision_at_20_percent": 1.0,
    "precision_at_30_percent": 1.0,
    "precision_at_40_percent": 0.875,
    "precision_at_50_percent": 0.8,
    "precision_at_60_percent": 0.75,
    "precision_at_70_percent": 0.7857142857142857,
    "precision_at_80_percent": 0.8125,
    "precision_at_90_percent": 0.8333333333333334,
    "recall_at_sizeof_ground_truth": 0.3333333333333333
  },
  "run_times": {
    "total_time": 3.5598440690000643,
    "algorithm_time": 3.5598250729999563
  }
}