{
  "name": "miller2_both_0_70_ac3_av__Coma{'max_n': 0, 'strategy': 'COMA_OPT'}",
  "matches": {
    "(('miller2_both_0_70_ac3_av_source', 'FSTC percent'), ('miller2_both_0_70_ac3_av_target', 'fstcprcnt'))": 0.4584606,
    "(('miller2_both_0_70_ac3_av_source', 'Branch ID'), ('miller2_both_0_70_ac3_av_target', 'brnchnm'))": 0.36146802,
    "(('miller2_both_0_70_ac3_av_source', 'PBA type'), ('miller2_both_0_70_ac3_av_target', 'pbtp'))": 0.3448667,
    "(('miller2_both_0_70_ac3_av_source', 'IRTC percent'), ('miller2_both_0_70_ac3_av_target', 'rtcprcnt'))": 0.33459538,
    "(('miller2_both_0_70_ac3_av_source', 'Sector ID'), ('miller2_both_0_70_ac3_av_target', 'sctrd'))": 0.31881255,
    "(('miller2_both_0_70_ac3_av_source', 'Sector ID'), ('miller2_both_0_70_ac3_av_target', 'sctnd'))": 0.31881255,
    "(('miller2_both_0_70_ac3_av_source', 'Sector percent'), ('miller2_both_0_70_ac3_av_target', 'sctrprcnt'))": 0.3102898,
    "(('miller2_both_0_70_ac3_av_source', 'Project number'), ('miller2_both_0_70_ac3_av_target', 'prjctnmbr'))": 0.30867898,
    "(('miller2_both_0_70_ac3_av_source', 'Fiscal year'), ('miller2_both_0_70_ac3_av_target', 'fsclr'))": 0.3040398,
    "(('miller2_both_0_70_ac3_av_source', 'CountryRegion percent'), ('miller2_both_0_70_ac3_av_target', 'cntrrgnprcnt'))": 0.30165887,
    "(('miller2_both_0_70_ac3_av_source', 'Untied amount(Project-level budget)'), ('miller2_both_0_70_ac3_av_target', 'ntdmnt(prjct-lvlbdgt)'))": 0.30110765,
    "(('miller2_both_0_70_ac3_av_source', 'Children issues (marker)'), ('miller2_both_0_70_ac3_av_target', 'chldrnsss(mrkr)'))": 0.30080068,
    "(('miller2_both_0_70_ac3_av_source', 'Organisation sub-class'), ('miller2_both_0_70_ac3_av_target', 'rgnstnsb-clss'))": 0.29228178,
    "(('miller2_both_0_70_ac3_av_source', 'Amount spent'), ('miller2_both_0_70_ac3_av_target', 'mntspnt'))": 0.29117554,
    "(('miller2_both_0_70_ac3_av_source', 'Fund centre ID'), ('miller2_both_0_70_ac3_av_target', 'cntrrgnd'))": 0.27610177,
    "(('miller2_both_0_70_ac3_av_source', 'Maximum CIDA contribution (project-level)'), ('miller2_both_0_70_ac3_av_target', 'mxmmcdcntrbtn(prjct-lvl)'))": 0.26668015,
    "(('miller2_both_0_70_ac3_av_source', 'Project Browser country ID'), ('miller2_both_0_70_ac3_av_target', 'prjctbrwsrcntrd'))": 0.2666002,
    "(('miller2_both_0_70_ac3_av_source', 'Biodiversity (marker)'), ('miller2_both_0_70_ac3_av_target', 'bdvrst(mrkr)'))": 0.2641967,
    "(('miller2_both_0_70_ac3_av_source', 'Trade development (marker)'), ('miller2_both_0_70_ac3_av_target', 'trddvlpmnt(mrkr)'))": 0.26350594,
    "(('miller2_both_0_70_ac3_av_source', 'CountryRegion name'), ('miller2_both_0_70_ac3_av_target', 'cntrrgnnm'))": 0.25244483,
    "(('miller2_both_0_70_ac3_av_source', 'CIDA business delivery model (old)'), ('miller2_both_0_70_ac3_av_target', 'cdbsnssdlvrmdl(ld)'))": 0.23965596
  },
  "metrics": {
    "precision": 0.8571428571428571,
    "recall": 0.5142857142857142,
    "f1_score": 0.6428571428571428,
    "precision_at_10_percent": 0.6666666666666666,
    "precision_at_20_percent": 0.8,
    "precision_at_30_percent": 0.7142857142857143,
    "precision_at_40_percent": 0.7777777777777778,
    "precision_at_50_percent": 0.8181818181818182,
    "precision_at_60_percent": 0.8461538461538461,
    "precision_at_70_percent": 0.8,
    "precision_at_80_percent": 0.8235294117647058,
    "precision_at_90_percent": 0.8421052631578947,
    "recall_at_sizeof_ground_truth": 0.5142857142857142
  },
  "run_times": {
    "total_time": 2.115396332999808,
    "algorithm_time": 2.1153823230015405
  }
}