{
  "name": "miller2_both_0_50_ac1_av__Coma{'max_n': 0, 'strategy': 'COMA_OPT'}",
  "matches": {
    "(('miller2_both_0_50_ac1_av_source', 'Enviromental sustainability (marker)'), ('miller2_both_0_50_ac1_av_target', 'miller2_EnviromentalSustainability(marker)'))": 0.6862913,
    "(('miller2_both_0_50_ac1_av_source', 'Organisation sub-class'), ('miller2_both_0_50_ac1_av_target', 'miller2_OrganisationSub-class'))": 0.664741,
    "(('miller2_both_0_50_ac1_av_source', 'Biodiversity (marker)'), ('miller2_both_0_50_ac1_av_target', 'miller2_Biodiversity(marker)'))": 0.65970594,
    "(('miller2_both_0_50_ac1_av_source', 'Disability issues (marker)'), ('miller2_both_0_50_ac1_av_target', 'miller2_DisabilityIssues(marker)'))": 0.63486433,
    "(('miller2_both_0_50_ac1_av_source', 'Trade development (marker)'), ('miller2_both_0_50_ac1_av_target', 'miller2_TradeDevelopment(marker)'))": 0.63486433,
    "(('miller2_both_0_50_ac1_av_source', 'Indigenous issues (marker)'), ('miller2_both_0_50_ac1_av_target', 'miller2_IndigenousIssues(marker)'))": 0.63486433,
    "(('miller2_both_0_50_ac1_av_source', 'CountryRegion name'), ('miller2_both_0_50_ac1_av_target', 'miller2_CountryRegionName'))": 0.63465005,
    "(('miller2_both_0_50_ac1_av_source', 'Programming process (new)'), ('miller2_both_0_50_ac1_av_target', 'miller2_ProgrammingProcess(new)'))": 0.62223494,
    "(('miller2_both_0_50_ac1_av_source', 'Children issues (marker)'), ('miller2_both_0_50_ac1_av_target', 'miller2_ChildrenIssues(marker)'))": 0.6206769,
    "(('miller2_both_0_50_ac1_av_source', 'Gender equality (marker)'), ('miller2_both_0_50_ac1_av_target', 'miller2_GenderEquality(marker)'))": 0.6206769,
    "(('miller2_both_0_50_ac1_av_source', 'CountryRegion ID'), ('miller2_both_0_50_ac1_av_target', 'miller2_CountryRegionID'))": 0.6157218,
    "(('miller2_both_0_50_ac1_av_source', 'Organisation ID'), ('miller2_both_0_50_ac1_av_target', 'miller2_OrganisationID'))": 0.6049666,
    "(('miller2_both_0_50_ac1_av_source', 'Sector percent'), ('miller2_both_0_50_ac1_av_target', 'miller2_SectorPercent'))": 0.59503525,
    "(('miller2_both_0_50_ac1_av_source', 'Project number'), ('miller2_both_0_50_ac1_av_target', 'miller2_ProjectNumber'))": 0.59317917,
    "(('miller2_both_0_50_ac1_av_source', 'CIDA business delivery model (old)'), ('miller2_both_0_50_ac1_av_target', 'miller2_CIDABusinessDeliveryModel(old)'))": 0.5831275,
    "(('miller2_both_0_50_ac1_av_source', 'Project Browser country ID'), ('miller2_both_0_50_ac1_av_target', 'miller2_ProjectBrowserCountryID'))": 0.580496,
    "(('miller2_both_0_50_ac1_av_source', 'FSTC percent'), ('miller2_both_0_50_ac1_av_target', 'miller2_FSTCPercent'))": 0.56772584,
    "(('miller2_both_0_50_ac1_av_source', 'Amount spent'), ('miller2_both_0_50_ac1_av_target', 'miller2_AmountSpent'))": 0.565819,
    "(('miller2_both_0_50_ac1_av_source', 'Section name'), ('miller2_both_0_50_ac1_av_target', 'miller2_SectionName'))": 0.565819,
    "(('miller2_both_0_50_ac1_av_source', 'Branch name'), ('miller2_both_0_50_ac1_av_target', 'miller2_BranchName'))": 0.5517317,
    "(('miller2_both_0_50_ac1_av_source', 'Fiscal year'), ('miller2_both_0_50_ac1_av_target', 'miller2_FiscalYear'))": 0.5497987,
    "(('miller2_both_0_50_ac1_av_source', 'Sector name'), ('miller2_both_0_50_ac1_av_target', 'miller2_SectorName'))": 0.5497987,
    "(('miller2_both_0_50_ac1_av_source', 'Section ID'), ('miller2_both_0_50_ac1_av_target', 'miller2_SectionID'))": 0.5318244,
    "(('miller2_both_0_50_ac1_av_source', 'Branch ID'), ('miller2_both_0_50_ac1_av_target', 'miller2_BranchID'))": 0.5134866,
    "(('miller2_both_0_50_ac1_av_source', 'Fund centre ID'), ('miller2_both_0_50_ac1_av_target', 'miller2_FundCentreID'))": 0.5088044
  },
  "metrics": {
    "precision": 1.0,
    "recall": 1.0,
    "f1_score": 1.0,
    "precision_at_10_percent": 1.0,
    "precision_at_20_percent": 1.0,
    "precision_at_30_percent": 1.0,
    "precision_at_40_percent": 1.0,
    "precision_at_50_percent": 1.0,
    "precision_at_60_percent": 1.0,
    "precision_at_70_percent": 1.0,
    "precision_at_80_percent": 1.0,
    "precision_at_90_percent": 1.0,
    "recall_at_sizeof_ground_truth": 1.0
  },
  "run_times": {
    "total_time": 1.7305827009986388,
    "algorithm_time": 1.7305698380005197
  }
}