{
  "name": "miller2_both_0_1_ac4_av__Coma{'max_n': 0, 'strategy': 'COMA_OPT_INST'}",
  "matches": {
    "(('miller2_both_0_1_ac4_av_source', 'Participatory development and good governance'), ('miller2_both_0_1_ac4_av_target', 'miller2_TrDevel'))": 0.35280377,
    "(('miller2_both_0_1_ac4_av_source', 'Participatory development and good governance'), ('miller2_both_0_1_ac4_av_target', 'miller2_KnoFDevel'))": 0.350858,
    "(('miller2_both_0_1_ac4_av_source', 'CFLI (marker)'), ('miller2_both_0_1_ac4_av_target', 'miller2_Bio'))": 0.3394682,
    "(('miller2_both_0_1_ac4_av_source', 'FSTC percent'), ('miller2_both_0_1_ac4_av_target', 'miller2_SecPerc'))": 0.30861977,
    "(('miller2_both_0_1_ac4_av_source', 'Section ID'), ('miller2_both_0_1_ac4_av_target', 'miller2_SecID'))": 0.24184027,
    "(('miller2_both_0_1_ac4_av_source', 'PBA type'), ('miller2_both_0_1_ac4_av_target', 'miller2_AmSpe'))": 0.21545324
  },
  "metrics": {
    "precision": 0.0,
    "recall": 0.0,
    "f1_score": 0,
    "precision_at_10_percent": 0.0,
    "precision_at_20_percent": 0.0,
    "precision_at_30_percent": 0.0,
    "precision_at_40_percent": 0.0,
    "precision_at_50_percent": 0.0,
    "precision_at_60_percent": 0.0,
    "precision_at_70_percent": 0.0,
    "precision_at_80_percent": 0.0,
    "precision_at_90_percent": 0.0,
    "recall_at_sizeof_ground_truth": 0.0
  },
  "run_times": {
    "total_time": 196.55970613500176,
    "algorithm_time": 196.55969287500193
  }
}