{
  "name": "miller2_vertical_1_ac2_ev__Coma{'max_n': 0, 'strategy': 'COMA_OPT_INST'}",
  "matches": {
    "(('miller2_vertical_1_ac2_ev_source', 'Fiscal year'), ('miller2_vertical_1_ac2_ev_target', 'FiY'))": 0.45298466,
    "(('miller2_vertical_1_ac2_ev_source', 'CFLI (marker)'), ('miller2_vertical_1_ac2_ev_target', 'ChIss'))": 0.3853322,
    "(('miller2_vertical_1_ac2_ev_source', 'Section ID'), ('miller2_vertical_1_ac2_ev_target', 'SecID'))": 0.38484555,
    "(('miller2_vertical_1_ac2_ev_source', 'Participatory development and good governance'), ('miller2_vertical_1_ac2_ev_target', 'KnowFoDeve'))": 0.37295687,
    "(('miller2_vertical_1_ac2_ev_source', 'Participatory development and good governance'), ('miller2_vertical_1_ac2_ev_target', 'ICTAATFDeve'))": 0.37143102,
    "(('miller2_vertical_1_ac2_ev_source', 'Desertification (marker)'), ('miller2_vertical_1_ac2_ev_target', 'DisabIs'))": 0.36365992,
    "(('miller2_vertical_1_ac2_ev_source', 'FSTC percent'), ('miller2_vertical_1_ac2_ev_target', 'SePer'))": 0.33299434,
    "(('miller2_vertical_1_ac2_ev_source', 'Fund centre name'), ('miller2_vertical_1_ac2_ev_target', 'CoReN'))": 0.2854499,
    "(('miller2_vertical_1_ac2_ev_source', 'Bilateral aid (international marker)'), ('miller2_vertical_1_ac2_ev_target', 'ContiID'))": 0.2702096,
    "(('miller2_vertical_1_ac2_ev_source', 'Project number'), ('miller2_vertical_1_ac2_ev_target', 'ProBroCouID'))": 0.23479521
  },
  "metrics": {
    "precision": 0.1,
    "recall": 1.0,
    "f1_score": 0.18181818181818182,
    "precision_at_10_percent": 1.0,
    "precision_at_20_percent": 0.5,
    "precision_at_30_percent": 0.3333333333333333,
    "precision_at_40_percent": 0.25,
    "precision_at_50_percent": 0.2,
    "precision_at_60_percent": 0.16666666666666666,
    "precision_at_70_percent": 0.14285714285714285,
    "precision_at_80_percent": 0.125,
    "precision_at_90_percent": 0.1111111111111111,
    "recall_at_sizeof_ground_truth": 1.0
  },
  "run_times": {
    "total_time": 287.8320671757683,
    "algorithm_time": 287.83203476201743
  }
}