{
  "name": "miller2_vertical_70_ac3_av__Coma{'max_n': 0, 'strategy': 'COMA_OPT_INST'}",
  "matches": {
    "(('miller2_vertical_70_ac3_av_source', 'Fund centre ID'), ('miller2_vertical_70_ac3_av_target', 'fndcntrd'))": 0.45493156,
    "(('miller2_vertical_70_ac3_av_source', 'CountryRegion ID'), ('miller2_vertical_70_ac3_av_target', 'cntrrgnd'))": 0.44582835,
    "(('miller2_vertical_70_ac3_av_source', 'Children issues (marker)'), ('miller2_vertical_70_ac3_av_target', 'chldrnsss(mrkr)'))": 0.44388646,
    "(('miller2_vertical_70_ac3_av_source', 'Project Browser country ID'), ('miller2_vertical_70_ac3_av_target', 'prjctbrwsrcntrd'))": 0.41665936,
    "(('miller2_vertical_70_ac3_av_source', 'Trade development (marker)'), ('miller2_vertical_70_ac3_av_target', 'trddvlpmnt(mrkr)'))": 0.4141891,
    "(('miller2_vertical_70_ac3_av_source', 'Branch ID'), ('miller2_vertical_70_ac3_av_target', 'brnchd'))": 0.40798038,
    "(('miller2_vertical_70_ac3_av_source', 'Desertification (marker)'), ('miller2_vertical_70_ac3_av_target', 'dsbltsss(mrkr)'))": 0.40504107,
    "(('miller2_vertical_70_ac3_av_source', 'Desertification (marker)'), ('miller2_vertical_70_ac3_av_target', 'dsrtfctn(mrkr)'))": 0.40504107,
    "(('miller2_vertical_70_ac3_av_source', 'Gender equality (marker)'), ('miller2_vertical_70_ac3_av_target', 'gndrqlt(mrkr)'))": 0.4044648,
    "(('miller2_vertical_70_ac3_av_source', 'Knowledge for development (marker)'), ('miller2_vertical_70_ac3_av_target', 'knwldgfrdvlpmnt(mrkr)'))": 0.38810927,
    "(('miller2_vertical_70_ac3_av_source', 'Bilateral aid (international marker)'), ('miller2_vertical_70_ac3_av_target', 'bltrld(ntrntnlmrkr)'))": 0.37443906,
    "(('miller2_vertical_70_ac3_av_source', 'FSTC percent'), ('miller2_vertical_70_ac3_av_target', 'fstcprcnt'))": 0.36948103,
    "(('miller2_vertical_70_ac3_av_source', 'Organisation ID'), ('miller2_vertical_70_ac3_av_target', 'rgnstnd'))": 0.35599312,
    "(('miller2_vertical_70_ac3_av_source', 'Untied amount(Project-level budget)'), ('miller2_vertical_70_ac3_av_target', 'mxmmcdcntrbtn(prjct-lvl)'))": 0.32957798,
    "(('miller2_vertical_70_ac3_av_source', 'PBA type'), ('miller2_vertical_70_ac3_av_target', 'pbtp'))": 0.27906832,
    "(('miller2_vertical_70_ac3_av_source', 'IRTC percent'), ('miller2_vertical_70_ac3_av_target', 'rtcprcnt'))": 0.27070636,
    "(('miller2_vertical_70_ac3_av_source', 'Organisation sub-class'), ('miller2_vertical_70_ac3_av_target', 'rgnstnsb-clss'))": 0.26133496,
    "(('miller2_vertical_70_ac3_av_source', 'Section ID'), ('miller2_vertical_70_ac3_av_target', 'sctnd'))": 0.25256774,
    "(('miller2_vertical_70_ac3_av_source', 'Section ID'), ('miller2_vertical_70_ac3_av_target', 'sctrd'))": 0.25216776,
    "(('miller2_vertical_70_ac3_av_source', 'Sector percent'), ('miller2_vertical_70_ac3_av_target', 'sctrprcnt'))": 0.25151277,
    "(('miller2_vertical_70_ac3_av_source', 'Fiscal year'), ('miller2_vertical_70_ac3_av_target', 'fsclr'))": 0.24795723,
    "(('miller2_vertical_70_ac3_av_source', 'Continent name'), ('miller2_vertical_70_ac3_av_target', 'cntnntnm'))": 0.24087286,
    "(('miller2_vertical_70_ac3_av_source', 'Section name'), ('miller2_vertical_70_ac3_av_target', 'cntrrgnnm'))": 0.23765853,
    "(('miller2_vertical_70_ac3_av_source', 'Amount spent'), ('miller2_vertical_70_ac3_av_target', 'mntspnt'))": 0.23614785,
    "(('miller2_vertical_70_ac3_av_source', 'Programming process (new)'), ('miller2_vertical_70_ac3_av_target', 'prgrmmngprcss(nw)'))": 0.21759939,
    "(('miller2_vertical_70_ac3_av_source', 'Division ID'), ('miller2_vertical_70_ac3_av_target', 'dvsnd'))": 0.2164832,
    "(('miller2_vertical_70_ac3_av_source', 'Project number'), ('miller2_vertical_70_ac3_av_target', 'rgnstntp'))": 0.21616235,
    "(('miller2_vertical_70_ac3_av_source', 'CIDA business delivery model (old)'), ('miller2_vertical_70_ac3_av_target', 'cdbsnssdlvrmdl(ld)'))": 0.19593069
  },
  "metrics": {
    "precision": 0.8214285714285714,
    "recall": 0.6571428571428571,
    "f1_score": 0.73015873015873,
    "precision_at_10_percent": 1.0,
    "precision_at_20_percent": 1.0,
    "precision_at_30_percent": 0.8888888888888888,
    "precision_at_40_percent": 0.9166666666666666,
    "precision_at_50_percent": 0.8571428571428571,
    "precision_at_60_percent": 0.8823529411764706,
    "precision_at_70_percent": 0.85,
    "precision_at_80_percent": 0.8260869565217391,
    "precision_at_90_percent": 0.8461538461538461,
    "recall_at_sizeof_ground_truth": 0.6571428571428571
  },
  "run_times": {
    "total_time": 4068.2762592129993,
    "algorithm_time": 4068.276239666
  }
}