{
  "name": "miller2_both_0_50_ec_ev__Coma{'max_n': 0, 'strategy': 'COMA_OPT_INST'}",
  "matches": {
    "(('miller2_both_0_50_ec_ev_source', 'Participatory development and good governance'), ('miller2_both_0_50_ec_ev_target', 'Participatory development and good governance'))": 0.9474441,
    "(('miller2_both_0_50_ec_ev_source', 'ICT as a tool for development (marker)'), ('miller2_both_0_50_ec_ev_target', 'ICT as a tool for development (marker)'))": 0.9466756,
    "(('miller2_both_0_50_ec_ev_source', 'Disability issues (marker)'), ('miller2_both_0_50_ec_ev_target', 'Disability issues (marker)'))": 0.94269073,
    "(('miller2_both_0_50_ec_ev_source', 'Indigenous issues (marker)'), ('miller2_both_0_50_ec_ev_target', 'Indigenous issues (marker)'))": 0.9422908,
    "(('miller2_both_0_50_ec_ev_source', 'Gender equality (marker)'), ('miller2_both_0_50_ec_ev_target', 'Gender equality (marker)'))": 0.9418305,
    "(('miller2_both_0_50_ec_ev_source', 'Biodiversity (marker)'), ('miller2_both_0_50_ec_ev_target', 'Biodiversity (marker)'))": 0.93952703,
    "(('miller2_both_0_50_ec_ev_source', 'Youth issues (marker)'), ('miller2_both_0_50_ec_ev_target', 'Youth issues (marker)'))": 0.939227,
    "(('miller2_both_0_50_ec_ev_source', 'CFLI (marker)'), ('miller2_both_0_50_ec_ev_target', 'CFLI (marker)'))": 0.93574417,
    "(('miller2_both_0_50_ec_ev_source', 'Fiscal year'), ('miller2_both_0_50_ec_ev_target', 'Fiscal year'))": 0.9344546,
    "(('miller2_both_0_50_ec_ev_source', 'Status'), ('miller2_both_0_50_ec_ev_target', 'Status'))": 0.930402,
    "(('miller2_both_0_50_ec_ev_source', 'Organisation type'), ('miller2_both_0_50_ec_ev_target', 'Organisation type'))": 0.93007404,
    "(('miller2_both_0_50_ec_ev_source', 'Continent name'), ('miller2_both_0_50_ec_ev_target', 'Continent name'))": 0.9269972,
    "(('miller2_both_0_50_ec_ev_source', 'Continent ID'), ('miller2_both_0_50_ec_ev_target', 'Continent ID'))": 0.9256638,
    "(('miller2_both_0_50_ec_ev_source', 'Bilateral aid (international marker)'), ('miller2_both_0_50_ec_ev_target', 'Bilateral aid (international marker)'))": 0.89984006,
    "(('miller2_both_0_50_ec_ev_source', 'Regional program (marker)'), ('miller2_both_0_50_ec_ev_target', 'Regional program (marker)'))": 0.89466774,
    "(('miller2_both_0_50_ec_ev_source', 'Organisation class'), ('miller2_both_0_50_ec_ev_target', 'Organisation class'))": 0.8940676,
    "(('miller2_both_0_50_ec_ev_source', 'Project Browser country ID'), ('miller2_both_0_50_ec_ev_target', 'Project Browser country ID'))": 0.8787028,
    "(('miller2_both_0_50_ec_ev_source', 'CountryRegion name'), ('miller2_both_0_50_ec_ev_target', 'CountryRegion name'))": 0.8334476,
    "(('miller2_both_0_50_ec_ev_source', 'CountryRegion percent'), ('miller2_both_0_50_ec_ev_target', 'CountryRegion percent'))": 0.83204854,
    "(('miller2_both_0_50_ec_ev_source', 'Climate change adaptation (marker)'), ('miller2_both_0_50_ec_ev_target', 'Climate change mitigation (marker)'))": 0.8147928,
    "(('miller2_both_0_50_ec_ev_source', 'Amount spent'), ('miller2_both_0_50_ec_ev_target', 'Amount spent'))": 0.74116385,
    "(('miller2_both_0_50_ec_ev_source', 'Project number'), ('miller2_both_0_50_ec_ev_target', 'Project number'))": 0.7364972,
    "(('miller2_both_0_50_ec_ev_source', 'Division name'), ('miller2_both_0_50_ec_ev_target', 'Division name'))": 0.73584414,
    "(('miller2_both_0_50_ec_ev_source', 'Division ID'), ('miller2_both_0_50_ec_ev_target', 'Division ID'))": 0.73445463,
    "(('miller2_both_0_50_ec_ev_source', 'Section ID'), ('miller2_both_0_50_ec_ev_target', 'Section ID'))": 0.7337146,
    "(('miller2_both_0_50_ec_ev_source', 'Branch ID'), ('miller2_both_0_50_ec_ev_target', 'Branch ID'))": 0.7329416,
    "(('miller2_both_0_50_ec_ev_source', 'FSTC percent'), ('miller2_both_0_50_ec_ev_target', 'Sector percent'))": 0.6389605,
    "(('miller2_both_0_50_ec_ev_source', 'Section name'), ('miller2_both_0_50_ec_ev_target', 'Sector name'))": 0.5825323
  },
  "metrics": {
    "precision": 0.8928571428571429,
    "recall": 1.0,
    "f1_score": 0.9433962264150945,
    "precision_at_10_percent": 1.0,
    "precision_at_20_percent": 1.0,
    "precision_at_30_percent": 1.0,
    "precision_at_40_percent": 1.0,
    "precision_at_50_percent": 1.0,
    "precision_at_60_percent": 1.0,
    "precision_at_70_percent": 0.95,
    "precision_at_80_percent": 0.9565217391304348,
    "precision_at_90_percent": 0.9615384615384616,
    "recall_at_sizeof_ground_truth": 0.96
  },
  "run_times": {
    "total_time": 637.1015281599975,
    "algorithm_time": 637.1014978429957
  }
}