{
  "name": "miller2_vertical_30_ac5_ev__Coma{'max_n': 0, 'strategy': 'COMA_OPT_INST'}",
  "matches": {
    "(('miller2_vertical_30_ac5_ev_source', 'FSTC percent'), ('miller2_vertical_30_ac5_ev_target', 'miller2_fstcprcnt'))": 0.45123148,
    "(('miller2_vertical_30_ac5_ev_source', 'Untied amount(Project-level budget)'), ('miller2_vertical_30_ac5_ev_target', 'miller2_ntdmnt(prjct-lvlbdgt)'))": 0.41443643,
    "(('miller2_vertical_30_ac5_ev_source', 'Maximum CIDA contribution (project-level)'), ('miller2_vertical_30_ac5_ev_target', 'miller2_mxmmcdcntrbtn(prjct-lvl)'))": 0.39098904,
    "(('miller2_vertical_30_ac5_ev_source', 'CFLI (marker)'), ('miller2_vertical_30_ac5_ev_target', 'miller2_thsss(mrkr)'))": 0.38458312,
    "(('miller2_vertical_30_ac5_ev_source', 'CFLI (marker)'), ('miller2_vertical_30_ac5_ev_target', 'miller2_rbnsss(mrkr)'))": 0.38340977,
    "(('miller2_vertical_30_ac5_ev_source', 'CFLI (marker)'), ('miller2_vertical_30_ac5_ev_target', 'miller2_bdvrst(mrkr)'))": 0.38330975,
    "(('miller2_vertical_30_ac5_ev_source', 'Sector ID'), ('miller2_vertical_30_ac5_ev_target', 'miller2_sctrd'))": 0.38094586,
    "(('miller2_vertical_30_ac5_ev_source', 'Fiscal year'), ('miller2_vertical_30_ac5_ev_target', 'miller2_fsclr'))": 0.37735948,
    "(('miller2_vertical_30_ac5_ev_source', 'Gender equality (marker)'), ('miller2_vertical_30_ac5_ev_target', 'miller2_gndrqlt(mrkr)'))": 0.36031651,
    "(('miller2_vertical_30_ac5_ev_source', 'Programming process (new)'), ('miller2_vertical_30_ac5_ev_target', 'miller2_prgrmmngprcss(nw)'))": 0.3551171,
    "(('miller2_vertical_30_ac5_ev_source', 'Project Browser country ID'), ('miller2_vertical_30_ac5_ev_target', 'miller2_prjctbrwsrcntrd'))": 0.35423553,
    "(('miller2_vertical_30_ac5_ev_source', 'Division name'), ('miller2_vertical_30_ac5_ev_target', 'miller2_dvsnnm'))": 0.3407107,
    "(('miller2_vertical_30_ac5_ev_source', 'Fund centre name'), ('miller2_vertical_30_ac5_ev_target', 'miller2_cntrrgnnm'))": 0.29641968
  },
  "metrics": {
    "precision": 0.6923076923076923,
    "recall": 0.6,
    "f1_score": 0.6428571428571429,
    "precision_at_10_percent": 1.0,
    "precision_at_20_percent": 1.0,
    "precision_at_30_percent": 0.75,
    "precision_at_40_percent": 0.5,
    "precision_at_50_percent": 0.5714285714285714,
    "precision_at_60_percent": 0.625,
    "precision_at_70_percent": 0.7,
    "precision_at_80_percent": 0.7272727272727273,
    "precision_at_90_percent": 0.75,
    "recall_at_sizeof_ground_truth": 0.6
  },
  "run_times": {
    "total_time": 394.42558884900063,
    "algorithm_time": 394.42556910030544
  }
}