{
  "name": "Musicians_semjoinable__Coma{'max_n': 0, 'strategy': 'COMA_OPT'}",
  "matches": {
    "(('musicians_semjoinable_source', 'musician'), ('musicians_semjoinable_target', 'musicianID'))": 0.6307211,
    "(('musicians_semjoinable_source', 'genderLabel'), ('musicians_semjoinable_target', 'genderType'))": 0.49914822,
    "(('musicians_semjoinable_source', 'fatherLabel'), ('musicians_semjoinable_target', 'fatherName'))": 0.49914822,
    "(('musicians_semjoinable_source', 'motherLabel'), ('musicians_semjoinable_target', 'motherName'))": 0.49914822,
    "(('musicians_semjoinable_source', 'cityLabel'), ('musicians_semjoinable_target', 'city'))": 0.49905697,
    "(('musicians_semjoinable_source', 'religionLabel'), ('musicians_semjoinable_target', 'residence'))": 0.31549627,
    "(('musicians_semjoinable_source', 'recordLabelLabel'), ('musicians_semjoinable_target', 'residence'))": 0.31549627
  },
  "metrics": {
    "precision": 0.7142857142857143,
    "recall": 0.625,
    "f1_score": 0.6666666666666666,
    "precision_at_10_percent": 1.0,
    "precision_at_20_percent": 1.0,
    "precision_at_30_percent": 1.0,
    "precision_at_40_percent": 1.0,
    "precision_at_50_percent": 1.0,
    "precision_at_60_percent": 1.0,
    "precision_at_70_percent": 1.0,
    "precision_at_80_percent": 0.8333333333333334,
    "precision_at_90_percent": 0.7142857142857143,
    "recall_at_sizeof_ground_truth": 0.625
  },
  "run_times": {
    "total_time": 1.3769656722433865,
    "algorithm_time": 1.3769453158602118
  }
}