{
  "name": "Musicians_joinable__Coma{'max_n': 0, 'strategy': 'COMA_OPT'}",
  "matches": {
    "(('musicians_joinable_source', 'birthDate'), ('musicians_joinable_target', 'birthDate'))": 0.79799294,
    "(('musicians_joinable_source', 'musician'), ('musicians_joinable_target', 'musicianID'))": 0.6387063,
    "(('musicians_joinable_source', 'familyNameLabel'), ('musicians_joinable_target', 'familyName'))": 0.6246941,
    "(('musicians_joinable_source', 'numberOfChildren'), ('musicians_joinable_target', 'NChildren'))": 0.57130843,
    "(('musicians_joinable_source', 'twitterNameLabel'), ('musicians_joinable_target', 'fatherName'))": 0.38734096,
    "(('musicians_joinable_source', 'twitterNameLabel'), ('musicians_joinable_target', 'motherName'))": 0.38734096,
    "(('musicians_joinable_source', 'websiteLabel'), ('musicians_joinable_target', 'webpage'))": 0.38592935,
    "(('musicians_joinable_source', 'ethnicityLabel'), ('musicians_joinable_target', 'city'))": 0.34987628,
    "(('musicians_joinable_source', 'geniusNameLabel'), ('musicians_joinable_target', 'genderType'))": 0.34933418
  },
  "metrics": {
    "precision": 0.5555555555555556,
    "recall": 0.8333333333333334,
    "f1_score": 0.6666666666666667,
    "precision_at_10_percent": 1.0,
    "precision_at_20_percent": 1.0,
    "precision_at_30_percent": 1.0,
    "precision_at_40_percent": 1.0,
    "precision_at_50_percent": 0.8,
    "precision_at_60_percent": 0.6666666666666666,
    "precision_at_70_percent": 0.7142857142857143,
    "precision_at_80_percent": 0.625,
    "precision_at_90_percent": 0.5555555555555556,
    "recall_at_sizeof_ground_truth": 0.6666666666666666
  },
  "run_times": {
    "total_time": 3.196994079000035,
    "algorithm_time": 3.1969727690000127
  }
}