{
  "name": "Musicians_joinable__Coma{'max_n': 0, 'strategy': 'COMA_OPT_INST'}",
  "matches": {
    "(('musicians_joinable_source', 'birthDate'), ('musicians_joinable_target', 'birthDate'))": 0.83839434,
    "(('musicians_joinable_source', 'musician'), ('musicians_joinable_target', 'musicianID'))": 0.71096504,
    "(('musicians_joinable_source', 'familyNameLabel'), ('musicians_joinable_target', 'familyName'))": 0.6997553,
    "(('musicians_joinable_source', 'websiteLabel'), ('musicians_joinable_target', 'webpage'))": 0.50874346,
    "(('musicians_joinable_source', 'givenNameLabel'), ('musicians_joinable_target', 'forename'))": 0.46180478,
    "(('musicians_joinable_source', 'numberOfChildren'), ('musicians_joinable_target', 'NChildren'))": 0.45704675,
    "(('musicians_joinable_source', 'twitterNameLabel'), ('musicians_joinable_target', 'motherName'))": 0.31059727,
    "(('musicians_joinable_source', 'residenceLabel'), ('musicians_joinable_target', 'city'))": 0.2850061,
    "(('musicians_joinable_source', 'recordLabelLabel'), ('musicians_joinable_target', 'kind'))": 0.2422699
  },
  "metrics": {
    "precision": 0.6666666666666666,
    "recall": 1.0,
    "f1_score": 0.8,
    "precision_at_10_percent": 1.0,
    "precision_at_20_percent": 1.0,
    "precision_at_30_percent": 1.0,
    "precision_at_40_percent": 1.0,
    "precision_at_50_percent": 1.0,
    "precision_at_60_percent": 1.0,
    "precision_at_70_percent": 0.8571428571428571,
    "precision_at_80_percent": 0.75,
    "precision_at_90_percent": 0.6666666666666666,
    "recall_at_sizeof_ground_truth": 1.0
  },
  "run_times": {
    "total_time": 601.981894393,
    "algorithm_time": 601.98187733
  }
}