{
  "name": "prospect_horizontal_50_ac3_av__Coma{'max_n': 0, 'strategy': 'COMA_OPT'}",
  "matches": {
    "(('prospect_horizontal_50_ac3_av_source', 'NetWorth'), ('prospect_horizontal_50_ac3_av_target', 'ntwrth'))": 0.46847615,
    "(('prospect_horizontal_50_ac3_av_source', 'State'), ('prospect_horizontal_50_ac3_av_target', 'stt'))": 0.41402975,
    "(('prospect_horizontal_50_ac3_av_source', 'Phone'), ('prospect_horizontal_50_ac3_av_target', 'phn'))": 0.41402975,
    "(('prospect_horizontal_50_ac3_av_source', 'CreditRating'), ('prospect_horizontal_50_ac3_av_target', 'crdtrtng'))": 0.40232408,
    "(('prospect_horizontal_50_ac3_av_source', 'FirstName'), ('prospect_horizontal_50_ac3_av_target', 'frstnm'))": 0.39724287,
    "(('prospect_horizontal_50_ac3_av_source', 'Gender'), ('prospect_horizontal_50_ac3_av_target', 'gndr'))": 0.38628867,
    "(('prospect_horizontal_50_ac3_av_source', 'NumberCreditCards'), ('prospect_horizontal_50_ac3_av_target', 'nmbrcrdtcrds'))": 0.38400903,
    "(('prospect_horizontal_50_ac3_av_source', 'NumberCars'), ('prospect_horizontal_50_ac3_av_target', 'nmbrcrs'))": 0.37870494,
    "(('prospect_horizontal_50_ac3_av_source', 'Country'), ('prospect_horizontal_50_ac3_av_target', 'cntr'))": 0.37486118,
    "(('prospect_horizontal_50_ac3_av_source', 'Employer'), ('prospect_horizontal_50_ac3_av_target', 'mplr'))": 0.36987215,
    "(('prospect_horizontal_50_ac3_av_source', 'AddressLine1'), ('prospect_horizontal_50_ac3_av_target', 'ddrssln1'))": 0.3606574,
    "(('prospect_horizontal_50_ac3_av_source', 'AddressLine2'), ('prospect_horizontal_50_ac3_av_target', 'ddrssln2'))": 0.3606574,
    "(('prospect_horizontal_50_ac3_av_source', 'City'), ('prospect_horizontal_50_ac3_av_target', 'ct'))": 0.3570249,
    "(('prospect_horizontal_50_ac3_av_source', 'MiddleInitial'), ('prospect_horizontal_50_ac3_av_target', 'mddlntl'))": 0.35584968,
    "(('prospect_horizontal_50_ac3_av_source', 'LastName'), ('prospect_horizontal_50_ac3_av_target', 'lstnm'))": 0.35548526,
    "(('prospect_horizontal_50_ac3_av_source', 'MaritalStatus'), ('prospect_horizontal_50_ac3_av_target', 'mrtlstts'))": 0.3508497,
    "(('prospect_horizontal_50_ac3_av_source', 'OwnOrRentFlag'), ('prospect_horizontal_50_ac3_av_target', 'wnrrntflg'))": 0.3477764,
    "(('prospect_horizontal_50_ac3_av_source', 'NumberChildren'), ('prospect_horizontal_50_ac3_av_target', 'nmbrchldrn'))": 0.34463176
  },
  "metrics": {
    "precision": 1.0,
    "recall": 0.8181818181818182,
    "f1_score": 0.9,
    "precision_at_10_percent": 1.0,
    "precision_at_20_percent": 1.0,
    "precision_at_30_percent": 1.0,
    "precision_at_40_percent": 1.0,
    "precision_at_50_percent": 1.0,
    "precision_at_60_percent": 1.0,
    "precision_at_70_percent": 1.0,
    "precision_at_80_percent": 1.0,
    "precision_at_90_percent": 1.0,
    "recall_at_sizeof_ground_truth": 0.8181818181818182
  },
  "run_times": {
    "total_time": 2.45979960799923,
    "algorithm_time": 2.4597813509990374
  }
}