{
  "name": "prospect_vertical_70_ac4_av__Coma{'max_n': 0, 'strategy': 'COMA_OPT'}",
  "matches": {
    "(('prospect_vertical_70_ac4_av_source', 'Phone'), ('prospect_vertical_70_ac4_av_target', 'prospect_Ge'))": 0.31000823,
    "(('prospect_vertical_70_ac4_av_source', 'NumberChildren'), ('prospect_vertical_70_ac4_av_target', 'prospect_NumChil'))": 0.28619057,
    "(('prospect_vertical_70_ac4_av_source', 'AgencyID'), ('prospect_vertical_70_ac4_av_target', 'prospect_AgID'))": 0.28576484,
    "(('prospect_vertical_70_ac4_av_source', 'OwnOrRentFlag'), ('prospect_vertical_70_ac4_av_target', 'prospect_Ag'))": 0.2717646,
    "(('prospect_vertical_70_ac4_av_source', 'AddressLine2'), ('prospect_vertical_70_ac4_av_target', 'prospect_AddL2'))": 0.2635663,
    "(('prospect_vertical_70_ac4_av_source', 'NumberCars'), ('prospect_vertical_70_ac4_av_target', 'prospect_NumCrCa'))": 0.2635663
  },
  "metrics": {
    "precision": 0.5,
    "recall": 0.2,
    "f1_score": 0.28571428571428575,
    "precision_at_10_percent": 0.0,
    "precision_at_20_percent": 0.5,
    "precision_at_30_percent": 0.5,
    "precision_at_40_percent": 0.6666666666666666,
    "precision_at_50_percent": 0.6666666666666666,
    "precision_at_60_percent": 0.5,
    "precision_at_70_percent": 0.6,
    "precision_at_80_percent": 0.6,
    "precision_at_90_percent": 0.5,
    "recall_at_sizeof_ground_truth": 0.2
  },
  "run_times": {
    "total_time": 3.438105336999797,
    "algorithm_time": 3.438087558999541
  }
}