{
  "name": "prospect_both_50_1_ac2_ev__Coma{'max_n': 0, 'strategy': 'COMA_OPT_INST'}",
  "matches": {
    "(('prospect_both_50_1_ac2_ev_source', 'AgencyID'), ('prospect_both_50_1_ac2_ev_target', 'AgID'))": 0.3789566,
    "(('prospect_both_50_1_ac2_ev_source', 'MiddleInitial'), ('prospect_both_50_1_ac2_ev_target', 'MaSta'))": 0.34680375,
    "(('prospect_both_50_1_ac2_ev_source', 'PostalCode'), ('prospect_both_50_1_ac2_ev_target', 'Emp'))": 0.25943786,
    "(('prospect_both_50_1_ac2_ev_source', 'City'), ('prospect_both_50_1_ac2_ev_target', 'CreRat'))": 0.22552863
  },
  "metrics": {
    "precision": 0.25,
    "recall": 1.0,
    "f1_score": 0.4,
    "precision_at_10_percent": 1.0,
    "precision_at_20_percent": 1.0,
    "precision_at_30_percent": 0.5,
    "precision_at_40_percent": 0.5,
    "precision_at_50_percent": 0.5,
    "precision_at_60_percent": 0.3333333333333333,
    "precision_at_70_percent": 0.3333333333333333,
    "precision_at_80_percent": 0.25,
    "precision_at_90_percent": 0.25,
    "recall_at_sizeof_ground_truth": 1.0
  },
  "run_times": {
    "total_time": 108.28676425572485,
    "algorithm_time": 108.2867342159152
  }
}