{
  "name": "prospect_vertical_1_ac2_ev__Coma{'max_n': 0, 'strategy': 'COMA_OPT_INST'}",
  "matches": {
    "(('prospect_vertical_1_ac2_ev_source', 'AgencyID'), ('prospect_vertical_1_ac2_ev_target', 'AgeID'))": 0.6219598,
    "(('prospect_vertical_1_ac2_ev_source', 'MiddleInitial'), ('prospect_vertical_1_ac2_ev_target', 'MaSta'))": 0.35186678,
    "(('prospect_vertical_1_ac2_ev_source', 'LastName'), ('prospect_vertical_1_ac2_ev_target', 'Empl'))": 0.27265215,
    "(('prospect_vertical_1_ac2_ev_source', 'City'), ('prospect_vertical_1_ac2_ev_target', 'Inc'))": 0.2511189,
    "(('prospect_vertical_1_ac2_ev_source', 'PostalCode'), ('prospect_vertical_1_ac2_ev_target', 'Pho'))": 0.21614209
  },
  "metrics": {
    "precision": 0.2,
    "recall": 1.0,
    "f1_score": 0.33333333333333337,
    "precision_at_10_percent": 1.0,
    "precision_at_20_percent": 1.0,
    "precision_at_30_percent": 0.5,
    "precision_at_40_percent": 0.5,
    "precision_at_50_percent": 0.3333333333333333,
    "precision_at_60_percent": 0.3333333333333333,
    "precision_at_70_percent": 0.25,
    "precision_at_80_percent": 0.25,
    "precision_at_90_percent": 0.2,
    "recall_at_sizeof_ground_truth": 1.0
  },
  "run_times": {
    "total_time": 143.04018570499466,
    "algorithm_time": 143.04015465799603
  }
}