{
  "name": "prospect_both_50_30_ec_ev__Coma{'max_n': 0, 'strategy': 'COMA_OPT_INST'}",
  "matches": {
    "(('prospect_both_50_30_ec_ev_source', 'OwnOrRentFlag'), ('prospect_both_50_30_ec_ev_target', 'OwnOrRentFlag'))": 0.8781911,
    "(('prospect_both_50_30_ec_ev_source', 'Age'), ('prospect_both_50_30_ec_ev_target', 'Age'))": 0.8705392,
    "(('prospect_both_50_30_ec_ev_source', 'CreditRating'), ('prospect_both_50_30_ec_ev_target', 'CreditRating'))": 0.8474425,
    "(('prospect_both_50_30_ec_ev_source', 'FirstName'), ('prospect_both_50_30_ec_ev_target', 'FirstName'))": 0.675521,
    "(('prospect_both_50_30_ec_ev_source', 'AgencyID'), ('prospect_both_50_30_ec_ev_target', 'AgencyID'))": 0.67478096,
    "(('prospect_both_50_30_ec_ev_source', 'Phone'), ('prospect_both_50_30_ec_ev_target', 'Phone'))": 0.6723543,
    "(('prospect_both_50_30_ec_ev_source', 'MiddleInitial'), ('prospect_both_50_30_ec_ev_target', 'MaritalStatus'))": 0.40348965,
    "(('prospect_both_50_30_ec_ev_source', 'City'), ('prospect_both_50_30_ec_ev_target', 'Country'))": 0.35416132
  },
  "metrics": {
    "precision": 0.75,
    "recall": 1.0,
    "f1_score": 0.8571428571428571,
    "precision_at_10_percent": 1.0,
    "precision_at_20_percent": 1.0,
    "precision_at_30_percent": 1.0,
    "precision_at_40_percent": 1.0,
    "precision_at_50_percent": 1.0,
    "precision_at_60_percent": 1.0,
    "precision_at_70_percent": 1.0,
    "precision_at_80_percent": 0.8571428571428571,
    "precision_at_90_percent": 0.75,
    "recall_at_sizeof_ground_truth": 1.0
  },
  "run_times": {
    "total_time": 254.64562459336594,
    "algorithm_time": 254.6455967593938
  }
}