{
  "name": "prospect_vertical_70_ac3_av__Coma{'max_n': 0, 'strategy': 'COMA_OPT_INST'}",
  "matches": {
    "(('prospect_vertical_70_ac3_av_source', 'Gender'), ('prospect_vertical_70_ac3_av_target', 'gndr'))": 0.49984494,
    "(('prospect_vertical_70_ac3_av_source', 'State'), ('prospect_vertical_70_ac3_av_target', 'stt'))": 0.48672485,
    "(('prospect_vertical_70_ac3_av_source', 'NumberCreditCards'), ('prospect_vertical_70_ac3_av_target', 'nmbrcrdtcrds'))": 0.47748083,
    "(('prospect_vertical_70_ac3_av_source', 'MaritalStatus'), ('prospect_vertical_70_ac3_av_target', 'mrtlstts'))": 0.47003,
    "(('prospect_vertical_70_ac3_av_source', 'OwnOrRentFlag'), ('prospect_vertical_70_ac3_av_target', 'wnrrntflg'))": 0.468978,
    "(('prospect_vertical_70_ac3_av_source', 'MiddleInitial'), ('prospect_vertical_70_ac3_av_target', 'mddlntl'))": 0.46650583,
    "(('prospect_vertical_70_ac3_av_source', 'PostalCode'), ('prospect_vertical_70_ac3_av_target', 'pstlcd'))": 0.33690366,
    "(('prospect_vertical_70_ac3_av_source', 'Phone'), ('prospect_vertical_70_ac3_av_target', 'phn'))": 0.3221249,
    "(('prospect_vertical_70_ac3_av_source', 'Country'), ('prospect_vertical_70_ac3_av_target', 'cntr'))": 0.290663,
    "(('prospect_vertical_70_ac3_av_source', 'LastName'), ('prospect_vertical_70_ac3_av_target', 'lstnm'))": 0.29036132,
    "(('prospect_vertical_70_ac3_av_source', 'City'), ('prospect_vertical_70_ac3_av_target', 'ct'))": 0.2814137,
    "(('prospect_vertical_70_ac3_av_source', 'AddressLine2'), ('prospect_vertical_70_ac3_av_target', 'ddrssln2'))": 0.279337,
    "(('prospect_vertical_70_ac3_av_source', 'AddressLine1'), ('prospect_vertical_70_ac3_av_target', 'ddrssln1'))": 0.279337
  },
  "metrics": {
    "precision": 1.0,
    "recall": 0.8666666666666667,
    "f1_score": 0.9285714285714286,
    "precision_at_10_percent": 1.0,
    "precision_at_20_percent": 1.0,
    "precision_at_30_percent": 1.0,
    "precision_at_40_percent": 1.0,
    "precision_at_50_percent": 1.0,
    "precision_at_60_percent": 1.0,
    "precision_at_70_percent": 1.0,
    "precision_at_80_percent": 1.0,
    "precision_at_90_percent": 1.0,
    "recall_at_sizeof_ground_truth": 0.8666666666666667
  },
  "run_times": {
    "total_time": 584.6154283659998,
    "algorithm_time": 584.6154062919995
  }
}