{
  "name": "prospect_vertical_70_ec_av__Coma{'max_n': 0, 'strategy': 'COMA_OPT_INST'}",
  "matches": {
    "(('prospect_vertical_70_ec_av_source', 'OwnOrRentFlag'), ('prospect_vertical_70_ec_av_target', 'OwnOrRentFlag'))": 0.9473279,
    "(('prospect_vertical_70_ec_av_source', 'Gender'), ('prospect_vertical_70_ec_av_target', 'Gender'))": 0.9425416,
    "(('prospect_vertical_70_ec_av_source', 'MiddleInitial'), ('prospect_vertical_70_ec_av_target', 'MiddleInitial'))": 0.93849677,
    "(('prospect_vertical_70_ec_av_source', 'NumberCreditCards'), ('prospect_vertical_70_ec_av_target', 'NumberCreditCards'))": 0.92513293,
    "(('prospect_vertical_70_ec_av_source', 'PostalCode'), ('prospect_vertical_70_ec_av_target', 'PostalCode'))": 0.86984414,
    "(('prospect_vertical_70_ec_av_source', 'CreditRating'), ('prospect_vertical_70_ec_av_target', 'CreditRating'))": 0.8277267,
    "(('prospect_vertical_70_ec_av_source', 'FirstName'), ('prospect_vertical_70_ec_av_target', 'FirstName'))": 0.784632,
    "(('prospect_vertical_70_ec_av_source', 'LastName'), ('prospect_vertical_70_ec_av_target', 'LastName'))": 0.7593269,
    "(('prospect_vertical_70_ec_av_source', 'Employer'), ('prospect_vertical_70_ec_av_target', 'Employer'))": 0.754979,
    "(('prospect_vertical_70_ec_av_source', 'AddressLine1'), ('prospect_vertical_70_ec_av_target', 'AddressLine1'))": 0.74672467,
    "(('prospect_vertical_70_ec_av_source', 'AgencyID'), ('prospect_vertical_70_ec_av_target', 'AgencyID'))": 0.74605465,
    "(('prospect_vertical_70_ec_av_source', 'City'), ('prospect_vertical_70_ec_av_target', 'City'))": 0.7458898,
    "(('prospect_vertical_70_ec_av_source', 'Country'), ('prospect_vertical_70_ec_av_target', 'Country'))": 0.7433146,
    "(('prospect_vertical_70_ec_av_source', 'Income'), ('prospect_vertical_70_ec_av_target', 'Income'))": 0.7427531,
    "(('prospect_vertical_70_ec_av_source', 'Phone'), ('prospect_vertical_70_ec_av_target', 'Phone'))": 0.74173355,
    "(('prospect_vertical_70_ec_av_source', 'NumberCars'), ('prospect_vertical_70_ec_av_target', 'NumberChildren'))": 0.7266811
  },
  "metrics": {
    "precision": 0.9375,
    "recall": 1.0,
    "f1_score": 0.967741935483871,
    "precision_at_10_percent": 1.0,
    "precision_at_20_percent": 1.0,
    "precision_at_30_percent": 1.0,
    "precision_at_40_percent": 1.0,
    "precision_at_50_percent": 1.0,
    "precision_at_60_percent": 1.0,
    "precision_at_70_percent": 1.0,
    "precision_at_80_percent": 1.0,
    "precision_at_90_percent": 1.0,
    "recall_at_sizeof_ground_truth": 1.0
  },
  "run_times": {
    "total_time": 703.4558447640011,
    "algorithm_time": 703.4558260510003
  }
}