{
  "name": "prospect_both_0_30_ac3_av__Coma{'max_n': 0, 'strategy': 'COMA_OPT_INST'}",
  "matches": {
    "(('prospect_both_0_30_ac3_av_source', 'OwnOrRentFlag'), ('prospect_both_0_30_ac3_av_target', 'wnrrntflg'))": 0.45254984,
    "(('prospect_both_0_30_ac3_av_source', 'MiddleInitial'), ('prospect_both_0_30_ac3_av_target', 'mddlntl'))": 0.44883132,
    "(('prospect_both_0_30_ac3_av_source', 'Employer'), ('prospect_both_0_30_ac3_av_target', 'mplr'))": 0.27935788,
    "(('prospect_both_0_30_ac3_av_source', 'Country'), ('prospect_both_0_30_ac3_av_target', 'cntr'))": 0.2742276,
    "(('prospect_both_0_30_ac3_av_source', 'LastName'), ('prospect_both_0_30_ac3_av_target', 'lstnm'))": 0.25857902,
    "(('prospect_both_0_30_ac3_av_source', 'State'), ('prospect_both_0_30_ac3_av_target', 'nmbrcrs'))": 0.2114481
  },
  "metrics": {
    "precision": 0.8333333333333334,
    "recall": 0.8333333333333334,
    "f1_score": 0.8333333333333334,
    "precision_at_10_percent": 1.0,
    "precision_at_20_percent": 1.0,
    "precision_at_30_percent": 1.0,
    "precision_at_40_percent": 1.0,
    "precision_at_50_percent": 1.0,
    "precision_at_60_percent": 1.0,
    "precision_at_70_percent": 1.0,
    "precision_at_80_percent": 1.0,
    "precision_at_90_percent": 0.8333333333333334,
    "recall_at_sizeof_ground_truth": 0.8333333333333334
  },
  "run_times": {
    "total_time": 2091.966868112,
    "algorithm_time": 2091.96685249
  }
}