{
  "name": "prospect_both_50_70_ac3_ev__Coma{'max_n': 0, 'strategy': 'COMA_OPT_INST'}",
  "matches": {
    "(('prospect_both_50_70_ac3_ev_source', 'Gender'), ('prospect_both_50_70_ac3_ev_target', 'gndr'))": 0.49631435,
    "(('prospect_both_50_70_ac3_ev_source', 'Country'), ('prospect_both_50_70_ac3_ev_target', 'cntr'))": 0.49077582,
    "(('prospect_both_50_70_ac3_ev_source', 'CreditRating'), ('prospect_both_50_70_ac3_ev_target', 'crdtrtng'))": 0.48268938,
    "(('prospect_both_50_70_ac3_ev_source', 'City'), ('prospect_both_50_70_ac3_ev_target', 'ct'))": 0.46945173,
    "(('prospect_both_50_70_ac3_ev_source', 'OwnOrRentFlag'), ('prospect_both_50_70_ac3_ev_target', 'wnrrntflg'))": 0.469091,
    "(('prospect_both_50_70_ac3_ev_source', 'MiddleInitial'), ('prospect_both_50_70_ac3_ev_target', 'mddlntl'))": 0.46821132,
    "(('prospect_both_50_70_ac3_ev_source', 'NumberChildren'), ('prospect_both_50_70_ac3_ev_target', 'nmbrchldrn'))": 0.46650276,
    "(('prospect_both_50_70_ac3_ev_source', 'Employer'), ('prospect_both_50_70_ac3_ev_target', 'mplr'))": 0.42306834,
    "(('prospect_both_50_70_ac3_ev_source', 'NetWorth'), ('prospect_both_50_70_ac3_ev_target', 'ntwrth'))": 0.36603934,
    "(('prospect_both_50_70_ac3_ev_source', 'Phone'), ('prospect_both_50_70_ac3_ev_target', 'phn'))": 0.3223027,
    "(('prospect_both_50_70_ac3_ev_source', 'AddressLine1'), ('prospect_both_50_70_ac3_ev_target', 'ddrssln1'))": 0.27947718,
    "(('prospect_both_50_70_ac3_ev_source', 'LastName'), ('prospect_both_50_70_ac3_ev_target', 'lstnm'))": 0.2751647
  },
  "metrics": {
    "precision": 1.0,
    "recall": 0.8,
    "f1_score": 0.888888888888889,
    "precision_at_10_percent": 1.0,
    "precision_at_20_percent": 1.0,
    "precision_at_30_percent": 1.0,
    "precision_at_40_percent": 1.0,
    "precision_at_50_percent": 1.0,
    "precision_at_60_percent": 1.0,
    "precision_at_70_percent": 1.0,
    "precision_at_80_percent": 1.0,
    "precision_at_90_percent": 1.0,
    "recall_at_sizeof_ground_truth": 0.8
  },
  "run_times": {
    "total_time": 276.2673897650093,
    "algorithm_time": 276.2673596520908
  }
}