{
  "name": "prospect_horizontal_0_ac1_av__Coma{'max_n': 0, 'strategy': 'COMA_OPT'}",
  "matches": {
    "(('prospect_horizontal_0_ac1_av_source', 'NumberCreditCards'), ('prospect_horizontal_0_ac1_av_target', 'prospect_NumberCreditCards'))": 0.7120724,
    "(('prospect_horizontal_0_ac1_av_source', 'NumberChildren'), ('prospect_horizontal_0_ac1_av_target', 'prospect_NumberChildren'))": 0.6981003,
    "(('prospect_horizontal_0_ac1_av_source', 'MiddleInitial'), ('prospect_horizontal_0_ac1_av_target', 'prospect_MiddleInitial'))": 0.680622,
    "(('prospect_horizontal_0_ac1_av_source', 'OwnOrRentFlag'), ('prospect_horizontal_0_ac1_av_target', 'prospect_OwnOrRentFlag'))": 0.680622,
    "(('prospect_horizontal_0_ac1_av_source', 'MaritalStatus'), ('prospect_horizontal_0_ac1_av_target', 'prospect_MaritalStatus'))": 0.67978024,
    "(('prospect_horizontal_0_ac1_av_source', 'PostalCode'), ('prospect_horizontal_0_ac1_av_target', 'prospect_PostalCode'))": 0.67904687,
    "(('prospect_horizontal_0_ac1_av_source', 'AddressLine1'), ('prospect_horizontal_0_ac1_av_target', 'prospect_AddressLine1'))": 0.67077124,
    "(('prospect_horizontal_0_ac1_av_source', 'AddressLine2'), ('prospect_horizontal_0_ac1_av_target', 'prospect_AddressLine2'))": 0.67077124,
    "(('prospect_horizontal_0_ac1_av_source', 'CreditRating'), ('prospect_horizontal_0_ac1_av_target', 'prospect_CreditRating'))": 0.67077124,
    "(('prospect_horizontal_0_ac1_av_source', 'NumberCars'), ('prospect_horizontal_0_ac1_av_target', 'prospect_NumberCars'))": 0.6476966,
    "(('prospect_horizontal_0_ac1_av_source', 'FirstName'), ('prospect_horizontal_0_ac1_av_target', 'prospect_FirstName'))": 0.6340462,
    "(('prospect_horizontal_0_ac1_av_source', 'AgencyID'), ('prospect_horizontal_0_ac1_av_target', 'prospect_AgencyID'))": 0.61860526,
    "(('prospect_horizontal_0_ac1_av_source', 'LastName'), ('prospect_horizontal_0_ac1_av_target', 'prospect_LastName'))": 0.61860526,
    "(('prospect_horizontal_0_ac1_av_source', 'Employer'), ('prospect_horizontal_0_ac1_av_target', 'prospect_Employer'))": 0.61860526,
    "(('prospect_horizontal_0_ac1_av_source', 'NetWorth'), ('prospect_horizontal_0_ac1_av_target', 'prospect_NetWorth'))": 0.61860526,
    "(('prospect_horizontal_0_ac1_av_source', 'Phone'), ('prospect_horizontal_0_ac1_av_target', 'prospect_Phone'))": 0.6025375,
    "(('prospect_horizontal_0_ac1_av_source', 'Country'), ('prospect_horizontal_0_ac1_av_target', 'prospect_Country'))": 0.60098207,
    "(('prospect_horizontal_0_ac1_av_source', 'Gender'), ('prospect_horizontal_0_ac1_av_target', 'prospect_Gender'))": 0.58065987,
    "(('prospect_horizontal_0_ac1_av_source', 'Income'), ('prospect_horizontal_0_ac1_av_target', 'prospect_Income'))": 0.58065987,
    "(('prospect_horizontal_0_ac1_av_source', 'State'), ('prospect_horizontal_0_ac1_av_target', 'prospect_State'))": 0.55694306,
    "(('prospect_horizontal_0_ac1_av_source', 'City'), ('prospect_horizontal_0_ac1_av_target', 'prospect_City'))": 0.52887154,
    "(('prospect_horizontal_0_ac1_av_source', 'Age'), ('prospect_horizontal_0_ac1_av_target', 'prospect_Age'))": 0.49508238
  },
  "metrics": {
    "precision": 1.0,
    "recall": 1.0,
    "f1_score": 1.0,
    "precision_at_10_percent": 1.0,
    "precision_at_20_percent": 1.0,
    "precision_at_30_percent": 1.0,
    "precision_at_40_percent": 1.0,
    "precision_at_50_percent": 1.0,
    "precision_at_60_percent": 1.0,
    "precision_at_70_percent": 1.0,
    "precision_at_80_percent": 1.0,
    "precision_at_90_percent": 1.0,
    "recall_at_sizeof_ground_truth": 1.0
  },
  "run_times": {
    "total_time": 2.228363963999982,
    "algorithm_time": 2.228340770000159
  }
}