{
  "name": "prospect_both_0_30_ac2_ev__Coma{'max_n': 0, 'strategy': 'COMA_OPT'}",
  "matches": {
    "(('prospect_both_0_30_ac2_ev_source', 'AgencyID'), ('prospect_both_0_30_ac2_ev_target', 'AgeID'))": 0.5393094,
    "(('prospect_both_0_30_ac2_ev_source', 'Employer'), ('prospect_both_0_30_ac2_ev_target', 'Empl'))": 0.49161664,
    "(('prospect_both_0_30_ac2_ev_source', 'AddressLine2'), ('prospect_both_0_30_ac2_ev_target', 'AddL2'))": 0.42231765,
    "(('prospect_both_0_30_ac2_ev_source', 'CreditRating'), ('prospect_both_0_30_ac2_ev_target', 'CreRa'))": 0.36932227,
    "(('prospect_both_0_30_ac2_ev_source', 'FirstName'), ('prospect_both_0_30_ac2_ev_target', 'FiNa'))": 0.34598485,
    "(('prospect_both_0_30_ac2_ev_source', 'City'), ('prospect_both_0_30_ac2_ev_target', 'Inc'))": 0.32540634,
    "(('prospect_both_0_30_ac2_ev_source', 'MiddleInitial'), ('prospect_both_0_30_ac2_ev_target', 'MiIn'))": 0.31632686,
    "(('prospect_both_0_30_ac2_ev_source', 'State'), ('prospect_both_0_30_ac2_ev_target', 'MaSta'))": 0.3056456,
    "(('prospect_both_0_30_ac2_ev_source', 'Gender'), ('prospect_both_0_30_ac2_ev_target', 'NumCreCar'))": 0.27726522
  },
  "metrics": {
    "precision": 0.6666666666666666,
    "recall": 1.0,
    "f1_score": 0.8,
    "precision_at_10_percent": 1.0,
    "precision_at_20_percent": 1.0,
    "precision_at_30_percent": 1.0,
    "precision_at_40_percent": 1.0,
    "precision_at_50_percent": 1.0,
    "precision_at_60_percent": 0.8333333333333334,
    "precision_at_70_percent": 0.8571428571428571,
    "precision_at_80_percent": 0.75,
    "precision_at_90_percent": 0.6666666666666666,
    "recall_at_sizeof_ground_truth": 0.8333333333333334
  },
  "run_times": {
    "total_time": 1.9473721580579877,
    "algorithm_time": 1.9473485420458019
  }
}