{
  "name": "prospect_vertical_70_ac1_av__Coma{'max_n': 0, 'strategy': 'COMA_OPT_INST'}",
  "matches": {
    "(('prospect_vertical_70_ac1_av_source', 'OwnOrRentFlag'), ('prospect_vertical_70_ac1_av_target', 'prospect_OwnOrRentFlag'))": 0.73278046,
    "(('prospect_vertical_70_ac1_av_source', 'MaritalStatus'), ('prospect_vertical_70_ac1_av_target', 'prospect_MaritalStatus'))": 0.73278046,
    "(('prospect_vertical_70_ac1_av_source', 'NumberChildren'), ('prospect_vertical_70_ac1_av_target', 'prospect_NumberChildren'))": 0.7282532,
    "(('prospect_vertical_70_ac1_av_source', 'MiddleInitial'), ('prospect_vertical_70_ac1_av_target', 'prospect_MiddleInitial'))": 0.7239493,
    "(('prospect_vertical_70_ac1_av_source', 'NumberCars'), ('prospect_vertical_70_ac1_av_target', 'prospect_NumberCars'))": 0.69439715,
    "(('prospect_vertical_70_ac1_av_source', 'PostalCode'), ('prospect_vertical_70_ac1_av_target', 'prospect_PostalCode'))": 0.6565937,
    "(('prospect_vertical_70_ac1_av_source', 'Gender'), ('prospect_vertical_70_ac1_av_target', 'prospect_Gender'))": 0.6525976,
    "(('prospect_vertical_70_ac1_av_source', 'State'), ('prospect_vertical_70_ac1_av_target', 'prospect_State'))": 0.5997856,
    "(('prospect_vertical_70_ac1_av_source', 'CreditRating'), ('prospect_vertical_70_ac1_av_target', 'prospect_CreditRating'))": 0.59460306,
    "(('prospect_vertical_70_ac1_av_source', 'AddressLine1'), ('prospect_vertical_70_ac1_av_target', 'prospect_AddressLine1'))": 0.5248744,
    "(('prospect_vertical_70_ac1_av_source', 'LastName'), ('prospect_vertical_70_ac1_av_target', 'prospect_LastName'))": 0.49829635,
    "(('prospect_vertical_70_ac1_av_source', 'Employer'), ('prospect_vertical_70_ac1_av_target', 'prospect_Employer'))": 0.49394846,
    "(('prospect_vertical_70_ac1_av_source', 'AgencyID'), ('prospect_vertical_70_ac1_av_target', 'prospect_AgencyID'))": 0.48502415,
    "(('prospect_vertical_70_ac1_av_source', 'Income'), ('prospect_vertical_70_ac1_av_target', 'prospect_Income'))": 0.45302048,
    "(('prospect_vertical_70_ac1_av_source', 'City'), ('prospect_vertical_70_ac1_av_target', 'prospect_City'))": 0.41608906
  },
  "metrics": {
    "precision": 1.0,
    "recall": 1.0,
    "f1_score": 1.0,
    "precision_at_10_percent": 1.0,
    "precision_at_20_percent": 1.0,
    "precision_at_30_percent": 1.0,
    "precision_at_40_percent": 1.0,
    "precision_at_50_percent": 1.0,
    "precision_at_60_percent": 1.0,
    "precision_at_70_percent": 1.0,
    "precision_at_80_percent": 1.0,
    "precision_at_90_percent": 1.0,
    "recall_at_sizeof_ground_truth": 1.0
  },
  "run_times": {
    "total_time": 799.9746592739994,
    "algorithm_time": 799.9746426809998
  }
}