{
  "name": "prospect_both_0_70_ac2_av__Coma{'max_n': 0, 'strategy': 'COMA_OPT_INST'}",
  "matches": {
    "(('prospect_both_0_70_ac2_av_source', 'NumberCars'), ('prospect_both_0_70_ac2_av_target', 'NumC'))": 0.5293447,
    "(('prospect_both_0_70_ac2_av_source', 'State'), ('prospect_both_0_70_ac2_av_target', 'St'))": 0.52422714,
    "(('prospect_both_0_70_ac2_av_source', 'MaritalStatus'), ('prospect_both_0_70_ac2_av_target', 'MarSt'))": 0.49955463,
    "(('prospect_both_0_70_ac2_av_source', 'MiddleInitial'), ('prospect_both_0_70_ac2_av_target', 'MiIni'))": 0.49237043,
    "(('prospect_both_0_70_ac2_av_source', 'OwnOrRentFlag'), ('prospect_both_0_70_ac2_av_target', 'OwOReFl'))": 0.45021552,
    "(('prospect_both_0_70_ac2_av_source', 'AgencyID'), ('prospect_both_0_70_ac2_av_target', 'AgID'))": 0.40400338,
    "(('prospect_both_0_70_ac2_av_source', 'Income'), ('prospect_both_0_70_ac2_av_target', 'Inc'))": 0.38946807,
    "(('prospect_both_0_70_ac2_av_source', 'AddressLine1'), ('prospect_both_0_70_ac2_av_target', 'AddrL1'))": 0.38079256,
    "(('prospect_both_0_70_ac2_av_source', 'Country'), ('prospect_both_0_70_ac2_av_target', 'Co'))": 0.33305866,
    "(('prospect_both_0_70_ac2_av_source', 'Employer'), ('prospect_both_0_70_ac2_av_target', 'Em'))": 0.3299795,
    "(('prospect_both_0_70_ac2_av_source', 'NetWorth'), ('prospect_both_0_70_ac2_av_target', 'NWor'))": 0.2949125,
    "(('prospect_both_0_70_ac2_av_source', 'PostalCode'), ('prospect_both_0_70_ac2_av_target', 'PoC'))": 0.28749794,
    "(('prospect_both_0_70_ac2_av_source', 'LastName'), ('prospect_both_0_70_ac2_av_target', 'LN'))": 0.25497103
  },
  "metrics": {
    "precision": 1.0,
    "recall": 0.8666666666666667,
    "f1_score": 0.9285714285714286,
    "precision_at_10_percent": 1.0,
    "precision_at_20_percent": 1.0,
    "precision_at_30_percent": 1.0,
    "precision_at_40_percent": 1.0,
    "precision_at_50_percent": 1.0,
    "precision_at_60_percent": 1.0,
    "precision_at_70_percent": 1.0,
    "precision_at_80_percent": 1.0,
    "precision_at_90_percent": 1.0,
    "recall_at_sizeof_ground_truth": 0.8666666666666667
  },
  "run_times": {
    "total_time": 10011.249439789999,
    "algorithm_time": 10011.249422949999
  }
}