{
  "name": "prospect_horizontal_50_ac2_ev__Coma{'max_n': 0, 'strategy': 'COMA_OPT_INST'}",
  "matches": {
    "(('prospect_horizontal_50_ac2_ev_source', 'Age'), ('prospect_horizontal_50_ac2_ev_target', 'Ag'))": 0.6204881,
    "(('prospect_horizontal_50_ac2_ev_source', 'City'), ('prospect_horizontal_50_ac2_ev_target', 'Ci'))": 0.5894906,
    "(('prospect_horizontal_50_ac2_ev_source', 'State'), ('prospect_horizontal_50_ac2_ev_target', 'St'))": 0.5735297,
    "(('prospect_horizontal_50_ac2_ev_source', 'Gender'), ('prospect_horizontal_50_ac2_ev_target', 'Ge'))": 0.557296,
    "(('prospect_horizontal_50_ac2_ev_source', 'Country'), ('prospect_horizontal_50_ac2_ev_target', 'Co'))": 0.54724896,
    "(('prospect_horizontal_50_ac2_ev_source', 'NumberCars'), ('prospect_horizontal_50_ac2_ev_target', 'NumCh'))": 0.53540903,
    "(('prospect_horizontal_50_ac2_ev_source', 'MaritalStatus'), ('prospect_horizontal_50_ac2_ev_target', 'MaSta'))": 0.5153839,
    "(('prospect_horizontal_50_ac2_ev_source', 'NumberCreditCards'), ('prospect_horizontal_50_ac2_ev_target', 'NumCreCa'))": 0.51013404,
    "(('prospect_horizontal_50_ac2_ev_source', 'CreditRating'), ('prospect_horizontal_50_ac2_ev_target', 'CreRa'))": 0.4904576,
    "(('prospect_horizontal_50_ac2_ev_source', 'Employer'), ('prospect_horizontal_50_ac2_ev_target', 'Em'))": 0.4715515,
    "(('prospect_horizontal_50_ac2_ev_source', 'MiddleInitial'), ('prospect_horizontal_50_ac2_ev_target', 'MiIn'))": 0.4713388,
    "(('prospect_horizontal_50_ac2_ev_source', 'OwnOrRentFlag'), ('prospect_horizontal_50_ac2_ev_target', 'OORFl'))": 0.4334545,
    "(('prospect_horizontal_50_ac2_ev_source', 'Phone'), ('prospect_horizontal_50_ac2_ev_target', 'Pho'))": 0.41985303,
    "(('prospect_horizontal_50_ac2_ev_source', 'AgencyID'), ('prospect_horizontal_50_ac2_ev_target', 'AgID'))": 0.41767913,
    "(('prospect_horizontal_50_ac2_ev_source', 'Income'), ('prospect_horizontal_50_ac2_ev_target', 'Inc'))": 0.40325361,
    "(('prospect_horizontal_50_ac2_ev_source', 'AddressLine1'), ('prospect_horizontal_50_ac2_ev_target', 'AddrLi1'))": 0.3852815,
    "(('prospect_horizontal_50_ac2_ev_source', 'AddressLine2'), ('prospect_horizontal_50_ac2_ev_target', 'AddLi2'))": 0.35431015,
    "(('prospect_horizontal_50_ac2_ev_source', 'FirstName'), ('prospect_horizontal_50_ac2_ev_target', 'FirN'))": 0.35318547,
    "(('prospect_horizontal_50_ac2_ev_source', 'LastName'), ('prospect_horizontal_50_ac2_ev_target', 'LaNa'))": 0.30934578,
    "(('prospect_horizontal_50_ac2_ev_source', 'PostalCode'), ('prospect_horizontal_50_ac2_ev_target', 'PoCo'))": 0.2967742
  },
  "metrics": {
    "precision": 0.95,
    "recall": 0.8636363636363636,
    "f1_score": 0.9047619047619048,
    "precision_at_10_percent": 1.0,
    "precision_at_20_percent": 1.0,
    "precision_at_30_percent": 0.8333333333333334,
    "precision_at_40_percent": 0.875,
    "precision_at_50_percent": 0.9,
    "precision_at_60_percent": 0.9166666666666666,
    "precision_at_70_percent": 0.9285714285714286,
    "precision_at_80_percent": 0.9375,
    "precision_at_90_percent": 0.9444444444444444,
    "recall_at_sizeof_ground_truth": 0.8636363636363636
  },
  "run_times": {
    "total_time": 2066.111132817001,
    "algorithm_time": 2066.1111134600014
  }
}