{
  "name": "prospect_vertical_70_ac5_ev__Coma{'max_n': 0, 'strategy': 'COMA_OPT'}",
  "matches": {
    "(('prospect_vertical_70_ac5_ev_source', 'NetWorth'), ('prospect_vertical_70_ac5_ev_target', 'prospect_ntwrth'))": 0.3167593,
    "(('prospect_vertical_70_ac5_ev_source', 'AddressLine2'), ('prospect_vertical_70_ac5_ev_target', 'prospect_ddrssln2'))": 0.2861406,
    "(('prospect_vertical_70_ac5_ev_source', 'AddressLine1'), ('prospect_vertical_70_ac5_ev_target', 'prospect_ddrssln1'))": 0.2861406,
    "(('prospect_vertical_70_ac5_ev_source', 'NumberCreditCards'), ('prospect_vertical_70_ac5_ev_target', 'prospect_nmbrcrdtcrds'))": 0.28521672,
    "(('prospect_vertical_70_ac5_ev_source', 'Employer'), ('prospect_vertical_70_ac5_ev_target', 'prospect_mplr'))": 0.28409675,
    "(('prospect_vertical_70_ac5_ev_source', 'FirstName'), ('prospect_vertical_70_ac5_ev_target', 'prospect_frstnm'))": 0.27009648,
    "(('prospect_vertical_70_ac5_ev_source', 'CreditRating'), ('prospect_vertical_70_ac5_ev_target', 'prospect_crdtrtng'))": 0.2509356
  },
  "metrics": {
    "precision": 1.0,
    "recall": 0.4666666666666667,
    "f1_score": 0.6363636363636364,
    "precision_at_10_percent": 1.0,
    "precision_at_20_percent": 1.0,
    "precision_at_30_percent": 1.0,
    "precision_at_40_percent": 1.0,
    "precision_at_50_percent": 1.0,
    "precision_at_60_percent": 1.0,
    "precision_at_70_percent": 1.0,
    "precision_at_80_percent": 1.0,
    "precision_at_90_percent": 1.0,
    "recall_at_sizeof_ground_truth": 0.4666666666666667
  },
  "run_times": {
    "total_time": 2.151688622776419,
    "algorithm_time": 2.151661660987884
  }
}