{
  "name": "prospect_both_0_30_ac3_ev__Coma{'max_n': 0, 'strategy': 'COMA_OPT'}",
  "matches": {
    "(('prospect_both_0_30_ac3_ev_source', 'NetWorth'), ('prospect_both_0_30_ac3_ev_target', 'ntwrth'))": 0.44307324,
    "(('prospect_both_0_30_ac3_ev_source', 'FirstName'), ('prospect_both_0_30_ac3_ev_target', 'frstnm'))": 0.37129766,
    "(('prospect_both_0_30_ac3_ev_source', 'Gender'), ('prospect_both_0_30_ac3_ev_target', 'g'))": 0.32888314,
    "(('prospect_both_0_30_ac3_ev_source', 'MaritalStatus'), ('prospect_both_0_30_ac3_ev_target', 'mrtlstts'))": 0.32286704,
    "(('prospect_both_0_30_ac3_ev_source', 'OwnOrRentFlag'), ('prospect_both_0_30_ac3_ev_target', 'wnrrntflg'))": 0.32172316,
    "(('prospect_both_0_30_ac3_ev_source', 'City'), ('prospect_both_0_30_ac3_ev_target', 'crdtrtng'))": 0.270346,
    "(('prospect_both_0_30_ac3_ev_source', 'State'), ('prospect_both_0_30_ac3_ev_target', 'nmbrcrs'))": 0.270346
  },
  "metrics": {
    "precision": 0.5714285714285714,
    "recall": 0.6666666666666666,
    "f1_score": 0.6153846153846153,
    "precision_at_10_percent": 1.0,
    "precision_at_20_percent": 1.0,
    "precision_at_30_percent": 0.6666666666666666,
    "precision_at_40_percent": 0.6666666666666666,
    "precision_at_50_percent": 0.75,
    "precision_at_60_percent": 0.8,
    "precision_at_70_percent": 0.8,
    "precision_at_80_percent": 0.6666666666666666,
    "precision_at_90_percent": 0.5714285714285714,
    "recall_at_sizeof_ground_truth": 0.6666666666666666
  },
  "run_times": {
    "total_time": 1.960769665427506,
    "algorithm_time": 1.9607408312149346
  }
}