{
  "name": "prospect_vertical_30_ac2_ev__Coma{'max_n': 0, 'strategy': 'COMA_OPT_INST'}",
  "matches": {
    "(('prospect_vertical_30_ac2_ev_source', 'AgencyID'), ('prospect_vertical_30_ac2_ev_target', 'AgeID'))": 0.63468516,
    "(('prospect_vertical_30_ac2_ev_source', 'MaritalStatus'), ('prospect_vertical_30_ac2_ev_target', 'MariSta'))": 0.5555201,
    "(('prospect_vertical_30_ac2_ev_source', 'CreditRating'), ('prospect_vertical_30_ac2_ev_target', 'CreRat'))": 0.53308344,
    "(('prospect_vertical_30_ac2_ev_source', 'NumberChildren'), ('prospect_vertical_30_ac2_ev_target', 'NumChi'))": 0.52398384,
    "(('prospect_vertical_30_ac2_ev_source', 'FirstName'), ('prospect_vertical_30_ac2_ev_target', 'FiN'))": 0.48798385,
    "(('prospect_vertical_30_ac2_ev_source', 'NumberCreditCards'), ('prospect_vertical_30_ac2_ev_target', 'NuCreCa'))": 0.46149072,
    "(('prospect_vertical_30_ac2_ev_source', 'LastName'), ('prospect_vertical_30_ac2_ev_target', 'Empl'))": 0.28573927,
    "(('prospect_vertical_30_ac2_ev_source', 'City'), ('prospect_vertical_30_ac2_ev_target', 'Co'))": 0.28192833,
    "(('prospect_vertical_30_ac2_ev_source', 'PostalCode'), ('prospect_vertical_30_ac2_ev_target', 'Pho'))": 0.22924554
  },
  "metrics": {
    "precision": 0.6666666666666666,
    "recall": 1.0,
    "f1_score": 0.8,
    "precision_at_10_percent": 1.0,
    "precision_at_20_percent": 1.0,
    "precision_at_30_percent": 1.0,
    "precision_at_40_percent": 1.0,
    "precision_at_50_percent": 1.0,
    "precision_at_60_percent": 1.0,
    "precision_at_70_percent": 0.8571428571428571,
    "precision_at_80_percent": 0.75,
    "precision_at_90_percent": 0.6666666666666666,
    "recall_at_sizeof_ground_truth": 1.0
  },
  "run_times": {
    "total_time": 113.39466818515211,
    "algorithm_time": 113.39465114381164
  }
}