{
  "name": "prospect_horizontal_50_ac2_ev__Coma{'max_n': 0, 'strategy': 'COMA_OPT'}",
  "matches": {
    "(('prospect_horizontal_50_ac2_ev_source', 'Age'), ('prospect_horizontal_50_ac2_ev_target', 'Ge'))": 0.5312281,
    "(('prospect_horizontal_50_ac2_ev_source', 'Phone'), ('prospect_horizontal_50_ac2_ev_target', 'Pho'))": 0.5248163,
    "(('prospect_horizontal_50_ac2_ev_source', 'AgencyID'), ('prospect_horizontal_50_ac2_ev_target', 'AgID'))": 0.5220989,
    "(('prospect_horizontal_50_ac2_ev_source', 'Income'), ('prospect_horizontal_50_ac2_ev_target', 'Inc'))": 0.50354016,
    "(('prospect_horizontal_50_ac2_ev_source', 'City'), ('prospect_horizontal_50_ac2_ev_target', 'Ci'))": 0.49571002,
    "(('prospect_horizontal_50_ac2_ev_source', 'AddressLine1'), ('prospect_horizontal_50_ac2_ev_target', 'AddrLi1'))": 0.48160186,
    "(('prospect_horizontal_50_ac2_ev_source', 'State'), ('prospect_horizontal_50_ac2_ev_target', 'St'))": 0.4714121,
    "(('prospect_horizontal_50_ac2_ev_source', 'AddressLine2'), ('prospect_horizontal_50_ac2_ev_target', 'AddLi2'))": 0.4428877,
    "(('prospect_horizontal_50_ac2_ev_source', 'FirstName'), ('prospect_horizontal_50_ac2_ev_target', 'FirN'))": 0.44148186,
    "(('prospect_horizontal_50_ac2_ev_source', 'Country'), ('prospect_horizontal_50_ac2_ev_target', 'Co'))": 0.4340613,
    "(('prospect_horizontal_50_ac2_ev_source', 'Employer'), ('prospect_horizontal_50_ac2_ev_target', 'Em'))": 0.41929612,
    "(('prospect_horizontal_50_ac2_ev_source', 'NumberCars'), ('prospect_horizontal_50_ac2_ev_target', 'NumCh'))": 0.4192613,
    "(('prospect_horizontal_50_ac2_ev_source', 'CreditRating'), ('prospect_horizontal_50_ac2_ev_target', 'CreRa'))": 0.40072337,
    "(('prospect_horizontal_50_ac2_ev_source', 'MaritalStatus'), ('prospect_horizontal_50_ac2_ev_target', 'MaSta'))": 0.39422986,
    "(('prospect_horizontal_50_ac2_ev_source', 'LastName'), ('prospect_horizontal_50_ac2_ev_target', 'LaNa'))": 0.3866822,
    "(('prospect_horizontal_50_ac2_ev_source', 'PostalCode'), ('prospect_horizontal_50_ac2_ev_target', 'PoCo'))": 0.37096775,
    "(('prospect_horizontal_50_ac2_ev_source', 'MiddleInitial'), ('prospect_horizontal_50_ac2_ev_target', 'MiIn'))": 0.34815383
  },
  "metrics": {
    "precision": 0.8823529411764706,
    "recall": 0.6818181818181818,
    "f1_score": 0.7692307692307693,
    "precision_at_10_percent": 0.5,
    "precision_at_20_percent": 0.75,
    "precision_at_30_percent": 0.8333333333333334,
    "precision_at_40_percent": 0.8571428571428571,
    "precision_at_50_percent": 0.8888888888888888,
    "precision_at_60_percent": 0.9090909090909091,
    "precision_at_70_percent": 0.8333333333333334,
    "precision_at_80_percent": 0.8571428571428571,
    "precision_at_90_percent": 0.875,
    "recall_at_sizeof_ground_truth": 0.6818181818181818
  },
  "run_times": {
    "total_time": 2.3926211399993917,
    "algorithm_time": 2.392603443999178
  }
}