{
  "name": "prospect_horizontal_100_ac5_ev__Coma{'max_n': 0, 'strategy': 'COMA_OPT_INST'}",
  "matches": {
    "(('prospect_horizontal_100_ac5_ev_source', 'NumberCreditCards'), ('prospect_horizontal_100_ac5_ev_target', 'prospect_nmbrcrdtcrds'))": 0.4337514,
    "(('prospect_horizontal_100_ac5_ev_source', 'OwnOrRentFlag'), ('prospect_horizontal_100_ac5_ev_target', 'prospect_wnrrntflg'))": 0.427785,
    "(('prospect_horizontal_100_ac5_ev_source', 'NumberChildren'), ('prospect_horizontal_100_ac5_ev_target', 'prospect_nmbrchldrn'))": 0.4234776,
    "(('prospect_horizontal_100_ac5_ev_source', 'NumberCars'), ('prospect_horizontal_100_ac5_ev_target', 'prospect_nmbrcrs'))": 0.4151443,
    "(('prospect_horizontal_100_ac5_ev_source', 'MaritalStatus'), ('prospect_horizontal_100_ac5_ev_target', 'prospect_mrtlstts'))": 0.40506023,
    "(('prospect_horizontal_100_ac5_ev_source', 'Country'), ('prospect_horizontal_100_ac5_ev_target', 'prospect_cntr'))": 0.3994156,
    "(('prospect_horizontal_100_ac5_ev_source', 'MiddleInitial'), ('prospect_horizontal_100_ac5_ev_target', 'prospect_mddlntl'))": 0.39930207,
    "(('prospect_horizontal_100_ac5_ev_source', 'Gender'), ('prospect_horizontal_100_ac5_ev_target', 'prospect_gndr'))": 0.39864406,
    "(('prospect_horizontal_100_ac5_ev_source', 'CreditRating'), ('prospect_horizontal_100_ac5_ev_target', 'prospect_crdtrtng'))": 0.3763652,
    "(('prospect_horizontal_100_ac5_ev_source', 'Age'), ('prospect_horizontal_100_ac5_ev_target', 'prospect_g'))": 0.37249422,
    "(('prospect_horizontal_100_ac5_ev_source', 'Employer'), ('prospect_horizontal_100_ac5_ev_target', 'prospect_mplr'))": 0.3687827,
    "(('prospect_horizontal_100_ac5_ev_source', 'State'), ('prospect_horizontal_100_ac5_ev_target', 'prospect_stt'))": 0.3627348,
    "(('prospect_horizontal_100_ac5_ev_source', 'City'), ('prospect_horizontal_100_ac5_ev_target', 'prospect_ct'))": 0.36227158,
    "(('prospect_horizontal_100_ac5_ev_source', 'NetWorth'), ('prospect_horizontal_100_ac5_ev_target', 'prospect_ntwrth'))": 0.25865504,
    "(('prospect_horizontal_100_ac5_ev_source', 'AddressLine1'), ('prospect_horizontal_100_ac5_ev_target', 'prospect_ddrssln1'))": 0.23443243,
    "(('prospect_horizontal_100_ac5_ev_source', 'AddressLine2'), ('prospect_horizontal_100_ac5_ev_target', 'prospect_ddrssln2'))": 0.23443243,
    "(('prospect_horizontal_100_ac5_ev_source', 'FirstName'), ('prospect_horizontal_100_ac5_ev_target', 'prospect_frstnm'))": 0.22161679
  },
  "metrics": {
    "precision": 1.0,
    "recall": 0.7727272727272727,
    "f1_score": 0.8717948717948718,
    "precision_at_10_percent": 1.0,
    "precision_at_20_percent": 1.0,
    "precision_at_30_percent": 1.0,
    "precision_at_40_percent": 1.0,
    "precision_at_50_percent": 1.0,
    "precision_at_60_percent": 1.0,
    "precision_at_70_percent": 1.0,
    "precision_at_80_percent": 1.0,
    "precision_at_90_percent": 1.0,
    "recall_at_sizeof_ground_truth": 0.7727272727272727
  },
  "run_times": {
    "total_time": 1952.8469706760006,
    "algorithm_time": 1952.8469499559997
  }
}