{
  "name": "prospect_horizontal_50_ac4_ev__Coma{'max_n': 0, 'strategy': 'COMA_OPT'}",
  "matches": {
    "(('prospect_horizontal_50_ac4_ev_source', 'Phone'), ('prospect_horizontal_50_ac4_ev_target', 'prospect_Pho'))": 0.30567643,
    "(('prospect_horizontal_50_ac4_ev_source', 'MiddleInitial'), ('prospect_horizontal_50_ac4_ev_target', 'prospect_MidInit'))": 0.28836307,
    "(('prospect_horizontal_50_ac4_ev_source', 'AgencyID'), ('prospect_horizontal_50_ac4_ev_target', 'prospect_AgID'))": 0.28621405,
    "(('prospect_horizontal_50_ac4_ev_source', 'OwnOrRentFlag'), ('prospect_horizontal_50_ac4_ev_target', 'prospect_Ag'))": 0.27233854,
    "(('prospect_horizontal_50_ac4_ev_source', 'PostalCode'), ('prospect_horizontal_50_ac4_ev_target', 'prospect_PosCo'))": 0.27078837,
    "(('prospect_horizontal_50_ac4_ev_source', 'AddressLine1'), ('prospect_horizontal_50_ac4_ev_target', 'prospect_AddLi1'))": 0.260428,
    "(('prospect_horizontal_50_ac4_ev_source', 'AddressLine2'), ('prospect_horizontal_50_ac4_ev_target', 'prospect_AddLi2'))": 0.260428
  },
  "metrics": {
    "precision": 0.8571428571428571,
    "recall": 0.2727272727272727,
    "f1_score": 0.41379310344827586,
    "precision_at_10_percent": 1.0,
    "precision_at_20_percent": 1.0,
    "precision_at_30_percent": 1.0,
    "precision_at_40_percent": 1.0,
    "precision_at_50_percent": 0.75,
    "precision_at_60_percent": 0.8,
    "precision_at_70_percent": 0.8,
    "precision_at_80_percent": 0.8333333333333334,
    "precision_at_90_percent": 0.8571428571428571,
    "recall_at_sizeof_ground_truth": 0.2727272727272727
  },
  "run_times": {
    "total_time": 4.341460739000468,
    "algorithm_time": 4.341441245000169
  }
}