{
  "name": "prospect_vertical_50_ec_ev__Coma{'max_n': 0, 'strategy': 'COMA_OPT'}",
  "matches": {
    "(('prospect_vertical_50_ec_ev_source', 'NumberCreditCards'), ('prospect_vertical_50_ec_ev_target', 'NumberCreditCards'))": 0.89758277,
    "(('prospect_vertical_50_ec_ev_source', 'NumberChildren'), ('prospect_vertical_50_ec_ev_target', 'NumberChildren'))": 0.8955612,
    "(('prospect_vertical_50_ec_ev_source', 'MiddleInitial'), ('prospect_vertical_50_ec_ev_target', 'MiddleInitial'))": 0.8948355,
    "(('prospect_vertical_50_ec_ev_source', 'MaritalStatus'), ('prospect_vertical_50_ec_ev_target', 'MaritalStatus'))": 0.8948355,
    "(('prospect_vertical_50_ec_ev_source', 'OwnOrRentFlag'), ('prospect_vertical_50_ec_ev_target', 'OwnOrRentFlag'))": 0.8948355,
    "(('prospect_vertical_50_ec_ev_source', 'CreditRating'), ('prospect_vertical_50_ec_ev_target', 'CreditRating'))": 0.89408135,
    "(('prospect_vertical_50_ec_ev_source', 'NumberCars'), ('prospect_vertical_50_ec_ev_target', 'NumberCars'))": 0.89248073,
    "(('prospect_vertical_50_ec_ev_source', 'FirstName'), ('prospect_vertical_50_ec_ev_target', 'FirstName'))": 0.8916304,
    "(('prospect_vertical_50_ec_ev_source', 'AgencyID'), ('prospect_vertical_50_ec_ev_target', 'AgencyID'))": 0.89074385,
    "(('prospect_vertical_50_ec_ev_source', 'LastName'), ('prospect_vertical_50_ec_ev_target', 'LastName'))": 0.89074385,
    "(('prospect_vertical_50_ec_ev_source', 'Age'), ('prospect_vertical_50_ec_ev_target', 'Age'))": 0.88567805,
    "(('prospect_vertical_50_ec_ev_source', 'City'), ('prospect_vertical_50_ec_ev_target', 'Country'))": 0.4907877,
    "(('prospect_vertical_50_ec_ev_source', 'Gender'), ('prospect_vertical_50_ec_ev_target', 'Employer'))": 0.46832123
  },
  "metrics": {
    "precision": 0.8461538461538461,
    "recall": 1.0,
    "f1_score": 0.9166666666666666,
    "precision_at_10_percent": 1.0,
    "precision_at_20_percent": 1.0,
    "precision_at_30_percent": 1.0,
    "precision_at_40_percent": 1.0,
    "precision_at_50_percent": 1.0,
    "precision_at_60_percent": 1.0,
    "precision_at_70_percent": 1.0,
    "precision_at_80_percent": 1.0,
    "precision_at_90_percent": 0.9166666666666666,
    "recall_at_sizeof_ground_truth": 1.0
  },
  "run_times": {
    "total_time": 1.7278746450319886,
    "algorithm_time": 1.7278533200733364
  }
}