{
  "name": "prospect_both_50_50_ec_av__Coma{'max_n': 0, 'strategy': 'COMA_OPT_INST'}",
  "matches": {
    "(('prospect_both_50_50_ec_av_source', 'OwnOrRentFlag'), ('prospect_both_50_50_ec_av_target', 'OwnOrRentFlag'))": 0.92499673,
    "(('prospect_both_50_50_ec_av_source', 'NumberCreditCards'), ('prospect_both_50_50_ec_av_target', 'NumberCreditCards'))": 0.91963875,
    "(('prospect_both_50_50_ec_av_source', 'State'), ('prospect_both_50_50_ec_av_target', 'State'))": 0.8814254,
    "(('prospect_both_50_50_ec_av_source', 'CreditRating'), ('prospect_both_50_50_ec_av_target', 'CreditRating'))": 0.832584,
    "(('prospect_both_50_50_ec_av_source', 'Employer'), ('prospect_both_50_50_ec_av_target', 'Employer'))": 0.73010504,
    "(('prospect_both_50_50_ec_av_source', 'AddressLine1'), ('prospect_both_50_50_ec_av_target', 'AddressLine1'))": 0.7243165,
    "(('prospect_both_50_50_ec_av_source', 'City'), ('prospect_both_50_50_ec_av_target', 'City'))": 0.7229861,
    "(('prospect_both_50_50_ec_av_source', 'AgencyID'), ('prospect_both_50_50_ec_av_target', 'AgencyID'))": 0.7212862,
    "(('prospect_both_50_50_ec_av_source', 'LastName'), ('prospect_both_50_50_ec_av_target', 'LastName'))": 0.7212862,
    "(('prospect_both_50_50_ec_av_source', 'NetWorth'), ('prospect_both_50_50_ec_av_target', 'NetWorth'))": 0.7212862,
    "(('prospect_both_50_50_ec_av_source', 'Income'), ('prospect_both_50_50_ec_av_target', 'Income'))": 0.7197653,
    "(('prospect_both_50_50_ec_av_source', 'MiddleInitial'), ('prospect_both_50_50_ec_av_target', 'MaritalStatus'))": 0.4480544
  },
  "metrics": {
    "precision": 0.9166666666666666,
    "recall": 1.0,
    "f1_score": 0.9565217391304348,
    "precision_at_10_percent": 1.0,
    "precision_at_20_percent": 1.0,
    "precision_at_30_percent": 1.0,
    "precision_at_40_percent": 1.0,
    "precision_at_50_percent": 1.0,
    "precision_at_60_percent": 1.0,
    "precision_at_70_percent": 1.0,
    "precision_at_80_percent": 1.0,
    "precision_at_90_percent": 1.0,
    "recall_at_sizeof_ground_truth": 1.0
  },
  "run_times": {
    "total_time": 5777.987109751,
    "algorithm_time": 5777.9870944609975
  }
}