{
  "name": "prospect_both_0_70_ec_ev__Coma{'max_n': 0, 'strategy': 'COMA_OPT'}",
  "matches": {
    "(('prospect_both_0_70_ec_ev_source', 'NumberChildren'), ('prospect_both_0_70_ec_ev_target', 'NumberChildren'))": 0.9261911,
    "(('prospect_both_0_70_ec_ev_source', 'MiddleInitial'), ('prospect_both_0_70_ec_ev_target', 'MiddleInitial'))": 0.92540675,
    "(('prospect_both_0_70_ec_ev_source', 'MaritalStatus'), ('prospect_both_0_70_ec_ev_target', 'MaritalStatus'))": 0.92540675,
    "(('prospect_both_0_70_ec_ev_source', 'AddressLine1'), ('prospect_both_0_70_ec_ev_target', 'AddressLine1'))": 0.92459047,
    "(('prospect_both_0_70_ec_ev_source', 'AddressLine2'), ('prospect_both_0_70_ec_ev_target', 'AddressLine2'))": 0.92459047,
    "(('prospect_both_0_70_ec_ev_source', 'PostalCode'), ('prospect_both_0_70_ec_ev_target', 'PostalCode'))": 0.9228536,
    "(('prospect_both_0_70_ec_ev_source', 'FirstName'), ('prospect_both_0_70_ec_ev_target', 'FirstName'))": 0.9219285,
    "(('prospect_both_0_70_ec_ev_source', 'AgencyID'), ('prospect_both_0_70_ec_ev_target', 'AgencyID'))": 0.92096233,
    "(('prospect_both_0_70_ec_ev_source', 'NetWorth'), ('prospect_both_0_70_ec_ev_target', 'NetWorth'))": 0.92096233,
    "(('prospect_both_0_70_ec_ev_source', 'LastName'), ('prospect_both_0_70_ec_ev_target', 'LastName'))": 0.92096233,
    "(('prospect_both_0_70_ec_ev_source', 'Employer'), ('prospect_both_0_70_ec_ev_target', 'Employer'))": 0.92096233,
    "(('prospect_both_0_70_ec_ev_source', 'Country'), ('prospect_both_0_70_ec_ev_target', 'Country'))": 0.9199522,
    "(('prospect_both_0_70_ec_ev_source', 'Gender'), ('prospect_both_0_70_ec_ev_target', 'Gender'))": 0.9188951,
    "(('prospect_both_0_70_ec_ev_source', 'Income'), ('prospect_both_0_70_ec_ev_target', 'Income'))": 0.9188951,
    "(('prospect_both_0_70_ec_ev_source', 'Age'), ('prospect_both_0_70_ec_ev_target', 'Age'))": 0.91540676
  },
  "metrics": {
    "precision": 1.0,
    "recall": 1.0,
    "f1_score": 1.0,
    "precision_at_10_percent": 1.0,
    "precision_at_20_percent": 1.0,
    "precision_at_30_percent": 1.0,
    "precision_at_40_percent": 1.0,
    "precision_at_50_percent": 1.0,
    "precision_at_60_percent": 1.0,
    "precision_at_70_percent": 1.0,
    "precision_at_80_percent": 1.0,
    "precision_at_90_percent": 1.0,
    "recall_at_sizeof_ground_truth": 1.0
  },
  "run_times": {
    "total_time": 1.6677881958894432,
    "algorithm_time": 1.6677601961418986
  }
}