{
  "name": "prospect_horizontal_0_ec_av__Coma{'max_n': 0, 'strategy': 'COMA_OPT_INST'}",
  "matches": {
    "(('prospect_horizontal_0_ec_av_source', 'NumberCreditCards'), ('prospect_horizontal_0_ec_av_target', 'NumberCreditCards'))": 0.97192985,
    "(('prospect_horizontal_0_ec_av_source', 'NumberChildren'), ('prospect_horizontal_0_ec_av_target', 'NumberChildren'))": 0.9703704,
    "(('prospect_horizontal_0_ec_av_source', 'OwnOrRentFlag'), ('prospect_horizontal_0_ec_av_target', 'OwnOrRentFlag'))": 0.9698113,
    "(('prospect_horizontal_0_ec_av_source', 'MaritalStatus'), ('prospect_horizontal_0_ec_av_target', 'MaritalStatus'))": 0.9692308,
    "(('prospect_horizontal_0_ec_av_source', 'NumberCars'), ('prospect_horizontal_0_ec_av_target', 'NumberCars'))": 0.96800005,
    "(('prospect_horizontal_0_ec_av_source', 'Country'), ('prospect_horizontal_0_ec_av_target', 'Country'))": 0.96595746,
    "(('prospect_horizontal_0_ec_av_source', 'Age'), ('prospect_horizontal_0_ec_av_target', 'Age'))": 0.96279067,
    "(('prospect_horizontal_0_ec_av_source', 'MiddleInitial'), ('prospect_horizontal_0_ec_av_target', 'MiddleInitial'))": 0.96262705,
    "(('prospect_horizontal_0_ec_av_source', 'Gender'), ('prospect_horizontal_0_ec_av_target', 'Gender'))": 0.9615536,
    "(('prospect_horizontal_0_ec_av_source', 'State'), ('prospect_horizontal_0_ec_av_target', 'State'))": 0.9608444,
    "(('prospect_horizontal_0_ec_av_source', 'City'), ('prospect_horizontal_0_ec_av_target', 'City'))": 0.956559,
    "(('prospect_horizontal_0_ec_av_source', 'CreditRating'), ('prospect_horizontal_0_ec_av_target', 'CreditRating'))": 0.9391096,
    "(('prospect_horizontal_0_ec_av_source', 'Employer'), ('prospect_horizontal_0_ec_av_target', 'Employer'))": 0.9027813,
    "(('prospect_horizontal_0_ec_av_source', 'AddressLine1'), ('prospect_horizontal_0_ec_av_target', 'AddressLine1'))": 0.7692307,
    "(('prospect_horizontal_0_ec_av_source', 'AddressLine2'), ('prospect_horizontal_0_ec_av_target', 'AddressLine2'))": 0.7692307,
    "(('prospect_horizontal_0_ec_av_source', 'FirstName'), ('prospect_horizontal_0_ec_av_target', 'FirstName'))": 0.767347,
    "(('prospect_horizontal_0_ec_av_source', 'PostalCode'), ('prospect_horizontal_0_ec_av_target', 'PostalCode'))": 0.767347,
    "(('prospect_horizontal_0_ec_av_source', 'AgencyID'), ('prospect_horizontal_0_ec_av_target', 'AgencyID'))": 0.76666665,
    "(('prospect_horizontal_0_ec_av_source', 'LastName'), ('prospect_horizontal_0_ec_av_target', 'LastName'))": 0.76666665,
    "(('prospect_horizontal_0_ec_av_source', 'NetWorth'), ('prospect_horizontal_0_ec_av_target', 'NetWorth'))": 0.76666665,
    "(('prospect_horizontal_0_ec_av_source', 'Income'), ('prospect_horizontal_0_ec_av_target', 'Income'))": 0.76563895,
    "(('prospect_horizontal_0_ec_av_source', 'Phone'), ('prospect_horizontal_0_ec_av_target', 'Phone'))": 0.7644445
  },
  "metrics": {
    "precision": 1.0,
    "recall": 1.0,
    "f1_score": 1.0,
    "precision_at_10_percent": 1.0,
    "precision_at_20_percent": 1.0,
    "precision_at_30_percent": 1.0,
    "precision_at_40_percent": 1.0,
    "precision_at_50_percent": 1.0,
    "precision_at_60_percent": 1.0,
    "precision_at_70_percent": 1.0,
    "precision_at_80_percent": 1.0,
    "precision_at_90_percent": 1.0,
    "recall_at_sizeof_ground_truth": 1.0
  },
  "run_times": {
    "total_time": 1590.0728977460003,
    "algorithm_time": 1590.0728798180007
  }
}