{
  "name": "prospect_horizontal_50_ac4_av__Coma{'max_n': 0, 'strategy': 'COMA_OPT_INST'}",
  "matches": {
    "(('prospect_horizontal_50_ac4_av_source', 'Country'), ('prospect_horizontal_50_ac4_av_target', 'prospect_Coun'))": 0.43427843,
    "(('prospect_horizontal_50_ac4_av_source', 'Age'), ('prospect_horizontal_50_ac4_av_target', 'prospect_Ag'))": 0.4127813,
    "(('prospect_horizontal_50_ac4_av_source', 'State'), ('prospect_horizontal_50_ac4_av_target', 'prospect_Sta'))": 0.40245795,
    "(('prospect_horizontal_50_ac4_av_source', 'City'), ('prospect_horizontal_50_ac4_av_target', 'prospect_Ci'))": 0.401788,
    "(('prospect_horizontal_50_ac4_av_source', 'Gender'), ('prospect_horizontal_50_ac4_av_target', 'prospect_Gen'))": 0.3991396,
    "(('prospect_horizontal_50_ac4_av_source', 'NumberCreditCards'), ('prospect_horizontal_50_ac4_av_target', 'prospect_NuCreCar'))": 0.39151323,
    "(('prospect_horizontal_50_ac4_av_source', 'NumberCars'), ('prospect_horizontal_50_ac4_av_target', 'prospect_NumC'))": 0.3889115,
    "(('prospect_horizontal_50_ac4_av_source', 'MiddleInitial'), ('prospect_horizontal_50_ac4_av_target', 'prospect_MiIni'))": 0.37267327,
    "(('prospect_horizontal_50_ac4_av_source', 'MaritalStatus'), ('prospect_horizontal_50_ac4_av_target', 'prospect_MaSt'))": 0.35269362,
    "(('prospect_horizontal_50_ac4_av_source', 'CreditRating'), ('prospect_horizontal_50_ac4_av_target', 'prospect_CrRat'))": 0.35186628,
    "(('prospect_horizontal_50_ac4_av_source', 'OwnOrRentFlag'), ('prospect_horizontal_50_ac4_av_target', 'prospect_OORFl'))": 0.35020494,
    "(('prospect_horizontal_50_ac4_av_source', 'Employer'), ('prospect_horizontal_50_ac4_av_target', 'prospect_Emp'))": 0.3358457,
    "(('prospect_horizontal_50_ac4_av_source', 'AgencyID'), ('prospect_horizontal_50_ac4_av_target', 'prospect_AgeID'))": 0.26104409,
    "(('prospect_horizontal_50_ac4_av_source', 'Phone'), ('prospect_horizontal_50_ac4_av_target', 'prospect_Pho'))": 0.2457089,
    "(('prospect_horizontal_50_ac4_av_source', 'AddressLine1'), ('prospect_horizontal_50_ac4_av_target', 'prospect_AddL1'))": 0.21253753,
    "(('prospect_horizontal_50_ac4_av_source', 'AddressLine2'), ('prospect_horizontal_50_ac4_av_target', 'prospect_AddLi2'))": 0.20951016
  },
  "metrics": {
    "precision": 1.0,
    "recall": 0.7272727272727273,
    "f1_score": 0.8421052631578948,
    "precision_at_10_percent": 1.0,
    "precision_at_20_percent": 1.0,
    "precision_at_30_percent": 1.0,
    "precision_at_40_percent": 1.0,
    "precision_at_50_percent": 1.0,
    "precision_at_60_percent": 1.0,
    "precision_at_70_percent": 1.0,
    "precision_at_80_percent": 1.0,
    "precision_at_90_percent": 1.0,
    "recall_at_sizeof_ground_truth": 0.7272727272727273
  },
  "run_times": {
    "total_time": 2081.4325283790004,
    "algorithm_time": 2081.4325089619997
  }
}