{
  "name": "prospect_both_50_30_ac2_ev__Coma{'max_n': 0, 'strategy': 'COMA_OPT'}",
  "matches": {
    "(('prospect_both_50_30_ac2_ev_source', 'AgencyID'), ('prospect_both_50_30_ac2_ev_target', 'AgeID'))": 0.54223895,
    "(('prospect_both_50_30_ac2_ev_source', 'MaritalStatus'), ('prospect_both_50_30_ac2_ev_target', 'MariSta'))": 0.44311082,
    "(('prospect_both_50_30_ac2_ev_source', 'Country'), ('prospect_both_50_30_ac2_ev_target', 'Co'))": 0.4061357,
    "(('prospect_both_50_30_ac2_ev_source', 'NumberChildren'), ('prospect_both_50_30_ac2_ev_target', 'NuChi'))": 0.3626202,
    "(('prospect_both_50_30_ac2_ev_source', 'PostalCode'), ('prospect_both_50_30_ac2_ev_target', 'PoCo'))": 0.3408975
  },
  "metrics": {
    "precision": 1.0,
    "recall": 0.8333333333333334,
    "f1_score": 0.9090909090909091,
    "precision_at_10_percent": 1.0,
    "precision_at_20_percent": 1.0,
    "precision_at_30_percent": 1.0,
    "precision_at_40_percent": 1.0,
    "precision_at_50_percent": 1.0,
    "precision_at_60_percent": 1.0,
    "precision_at_70_percent": 1.0,
    "precision_at_80_percent": 1.0,
    "precision_at_90_percent": 1.0,
    "recall_at_sizeof_ground_truth": 0.8333333333333334
  },
  "run_times": {
    "total_time": 2.015981638804078,
    "algorithm_time": 2.0159467947669327
  }
}