{
  "name": "prospect_both_50_30_ac1_av__Coma{'max_n': 0, 'strategy': 'COMA_OPT_INST'}",
  "matches": {
    "(('prospect_both_50_30_ac1_av_source', 'OwnOrRentFlag'), ('prospect_both_50_30_ac1_av_target', 'prospect_OwnOrRentFlag'))": 0.6873237,
    "(('prospect_both_50_30_ac1_av_source', 'FirstName'), ('prospect_both_50_30_ac1_av_target', 'prospect_FirstName'))": 0.44983453,
    "(('prospect_both_50_30_ac1_av_source', 'AgencyID'), ('prospect_both_50_30_ac1_av_target', 'prospect_AgencyID'))": 0.43741578,
    "(('prospect_both_50_30_ac1_av_source', 'LastName'), ('prospect_both_50_30_ac1_av_target', 'prospect_LastName'))": 0.43741578,
    "(('prospect_both_50_30_ac1_av_source', 'Income'), ('prospect_both_50_30_ac1_av_target', 'prospect_Income'))": 0.4071253,
    "(('prospect_both_50_30_ac1_av_source', 'City'), ('prospect_both_50_30_ac1_av_target', 'prospect_City'))": 0.37065357,
    "(('prospect_both_50_30_ac1_av_source', 'MiddleInitial'), ('prospect_both_50_30_ac1_av_target', 'prospect_MaritalStatus'))": 0.3251342,
    "(('prospect_both_50_30_ac1_av_source', 'Phone'), ('prospect_both_50_30_ac1_av_target', 'prospect_Age'))": 0.27549237
  },
  "metrics": {
    "precision": 0.75,
    "recall": 1.0,
    "f1_score": 0.8571428571428571,
    "precision_at_10_percent": 1.0,
    "precision_at_20_percent": 1.0,
    "precision_at_30_percent": 1.0,
    "precision_at_40_percent": 1.0,
    "precision_at_50_percent": 1.0,
    "precision_at_60_percent": 1.0,
    "precision_at_70_percent": 1.0,
    "precision_at_80_percent": 0.8571428571428571,
    "precision_at_90_percent": 0.75,
    "recall_at_sizeof_ground_truth": 1.0
  },
  "run_times": {
    "total_time": 5803.958791417001,
    "algorithm_time": 5803.958776839001
  }
}