{
  "name": "prospect_both_0_30_ac1_ev__Coma{'max_n': 0, 'strategy': 'COMA_OPT'}",
  "matches": {
    "(('prospect_both_0_30_ac1_ev_source', 'NumberCreditCards'), ('prospect_both_0_30_ac1_ev_target', 'prospect_NumberCreditCards'))": 0.6533014,
    "(('prospect_both_0_30_ac1_ev_source', 'CreditRating'), ('prospect_both_0_30_ac1_ev_target', 'prospect_CreditRating'))": 0.6115468,
    "(('prospect_both_0_30_ac1_ev_source', 'AgencyID'), ('prospect_both_0_30_ac1_ev_target', 'prospect_AgencyID'))": 0.55891275,
    "(('prospect_both_0_30_ac1_ev_source', 'Employer'), ('prospect_both_0_30_ac1_ev_target', 'prospect_Employer'))": 0.55891275,
    "(('prospect_both_0_30_ac1_ev_source', 'NetWorth'), ('prospect_both_0_30_ac1_ev_target', 'prospect_NetWorth'))": 0.55891275,
    "(('prospect_both_0_30_ac1_ev_source', 'LastName'), ('prospect_both_0_30_ac1_ev_target', 'prospect_LastName'))": 0.55891275,
    "(('prospect_both_0_30_ac1_ev_source', 'State'), ('prospect_both_0_30_ac1_ev_target', 'prospect_MaritalStatus'))": 0.34447467,
    "(('prospect_both_0_30_ac1_ev_source', 'PostalCode'), ('prospect_both_0_30_ac1_ev_target', 'prospect_Age'))": 0.32800037,
    "(('prospect_both_0_30_ac1_ev_source', 'City'), ('prospect_both_0_30_ac1_ev_target', 'prospect_Country'))": 0.2964481
  },
  "metrics": {
    "precision": 0.6666666666666666,
    "recall": 1.0,
    "f1_score": 0.8,
    "precision_at_10_percent": 1.0,
    "precision_at_20_percent": 1.0,
    "precision_at_30_percent": 1.0,
    "precision_at_40_percent": 1.0,
    "precision_at_50_percent": 1.0,
    "precision_at_60_percent": 1.0,
    "precision_at_70_percent": 0.8571428571428571,
    "precision_at_80_percent": 0.75,
    "precision_at_90_percent": 0.6666666666666666,
    "recall_at_sizeof_ground_truth": 1.0
  },
  "run_times": {
    "total_time": 1.6520139086060226,
    "algorithm_time": 1.6519882599823177
  }
}