{
  "name": "prospect_vertical_50_ac4_av__Coma{'max_n': 0, 'strategy': 'COMA_OPT'}",
  "matches": {
    "(('prospect_vertical_50_ac4_av_source', 'Phone'), ('prospect_vertical_50_ac4_av_target', 'prospect_Ge'))": 0.30814365,
    "(('prospect_vertical_50_ac4_av_source', 'AddressLine2'), ('prospect_vertical_50_ac4_av_target', 'prospect_AddrLi2'))": 0.2904352,
    "(('prospect_vertical_50_ac4_av_source', 'AgencyID'), ('prospect_vertical_50_ac4_av_target', 'prospect_AgID'))": 0.28390026
  },
  "metrics": {
    "precision": 0.6666666666666666,
    "recall": 0.18181818181818182,
    "f1_score": 0.28571428571428575,
    "precision_at_10_percent": 0.0,
    "precision_at_20_percent": 0.0,
    "precision_at_30_percent": 0.0,
    "precision_at_40_percent": 0.5,
    "precision_at_50_percent": 0.5,
    "precision_at_60_percent": 0.5,
    "precision_at_70_percent": 0.6666666666666666,
    "precision_at_80_percent": 0.6666666666666666,
    "precision_at_90_percent": 0.6666666666666666,
    "recall_at_sizeof_ground_truth": 0.18181818181818182
  },
  "run_times": {
    "total_time": 3.919729682000252,
    "algorithm_time": 3.919711354001265
  }
}