{
  "name": "prospect_horizontal_100_ec_ev__Coma{'max_n': 0, 'strategy': 'COMA_OPT_INST'}",
  "matches": {
    "(('prospect_horizontal_100_ec_ev_source', 'NumberCreditCards'), ('prospect_horizontal_100_ec_ev_target', 'NumberCreditCards'))": 0.9728813,
    "(('prospect_horizontal_100_ec_ev_source', 'NumberChildren'), ('prospect_horizontal_100_ec_ev_target', 'NumberChildren'))": 0.9714286,
    "(('prospect_horizontal_100_ec_ev_source', 'OwnOrRentFlag'), ('prospect_horizontal_100_ec_ev_target', 'OwnOrRentFlag'))": 0.9709091,
    "(('prospect_horizontal_100_ec_ev_source', 'MaritalStatus'), ('prospect_horizontal_100_ec_ev_target', 'MaritalStatus'))": 0.9703704,
    "(('prospect_horizontal_100_ec_ev_source', 'NumberCars'), ('prospect_horizontal_100_ec_ev_target', 'NumberCars'))": 0.9692308,
    "(('prospect_horizontal_100_ec_ev_source', 'Country'), ('prospect_horizontal_100_ec_ev_target', 'Country'))": 0.96734697,
    "(('prospect_horizontal_100_ec_ev_source', 'Age'), ('prospect_horizontal_100_ec_ev_target', 'Age'))": 0.96444446,
    "(('prospect_horizontal_100_ec_ev_source', 'MiddleInitial'), ('prospect_horizontal_100_ec_ev_target', 'MiddleInitial'))": 0.9637249,
    "(('prospect_horizontal_100_ec_ev_source', 'Gender'), ('prospect_horizontal_100_ec_ev_target', 'Gender'))": 0.96300286,
    "(('prospect_horizontal_100_ec_ev_source', 'State'), ('prospect_horizontal_100_ec_ev_target', 'State'))": 0.9623574,
    "(('prospect_horizontal_100_ec_ev_source', 'City'), ('prospect_horizontal_100_ec_ev_target', 'City'))": 0.95814,
    "(('prospect_horizontal_100_ec_ev_source', 'CreditRating'), ('prospect_horizontal_100_ec_ev_target', 'CreditRating'))": 0.94024926,
    "(('prospect_horizontal_100_ec_ev_source', 'Employer'), ('prospect_horizontal_100_ec_ev_target', 'Employer'))": 0.90411454,
    "(('prospect_horizontal_100_ec_ev_source', 'AddressLine1'), ('prospect_horizontal_100_ec_ev_target', 'AddressLine1'))": 0.77037036,
    "(('prospect_horizontal_100_ec_ev_source', 'AddressLine2'), ('prospect_horizontal_100_ec_ev_target', 'AddressLine2'))": 0.77037036,
    "(('prospect_horizontal_100_ec_ev_source', 'FirstName'), ('prospect_horizontal_100_ec_ev_target', 'FirstName'))": 0.76862746,
    "(('prospect_horizontal_100_ec_ev_source', 'PostalCode'), ('prospect_horizontal_100_ec_ev_target', 'PostalCode'))": 0.76862746,
    "(('prospect_horizontal_100_ec_ev_source', 'AgencyID'), ('prospect_horizontal_100_ec_ev_target', 'AgencyID'))": 0.768,
    "(('prospect_horizontal_100_ec_ev_source', 'LastName'), ('prospect_horizontal_100_ec_ev_target', 'LastName'))": 0.768,
    "(('prospect_horizontal_100_ec_ev_source', 'NetWorth'), ('prospect_horizontal_100_ec_ev_target', 'NetWorth'))": 0.768,
    "(('prospect_horizontal_100_ec_ev_source', 'Income'), ('prospect_horizontal_100_ec_ev_target', 'Income'))": 0.7670881,
    "(('prospect_horizontal_100_ec_ev_source', 'Phone'), ('prospect_horizontal_100_ec_ev_target', 'Phone'))": 0.7659575
  },
  "metrics": {
    "precision": 1.0,
    "recall": 1.0,
    "f1_score": 1.0,
    "precision_at_10_percent": 1.0,
    "precision_at_20_percent": 1.0,
    "precision_at_30_percent": 1.0,
    "precision_at_40_percent": 1.0,
    "precision_at_50_percent": 1.0,
    "precision_at_60_percent": 1.0,
    "precision_at_70_percent": 1.0,
    "precision_at_80_percent": 1.0,
    "precision_at_90_percent": 1.0,
    "recall_at_sizeof_ground_truth": 1.0
  },
  "run_times": {
    "total_time": 1017.6561412038282,
    "algorithm_time": 1017.6561180017889
  }
}