{
  "name": "prospect_both_50_1_ac3_av__Coma{'max_n': 0, 'strategy': 'COMA_OPT'}",
  "matches": {
    "(('prospect_both_50_1_ac3_av_source', 'Gender'), ('prospect_both_50_1_ac3_av_target', 'g'))": 0.3099254,
    "(('prospect_both_50_1_ac3_av_source', 'City'), ('prospect_both_50_1_ac3_av_target', 'crdtrtng'))": 0.25138825,
    "(('prospect_both_50_1_ac3_av_source', 'State'), ('prospect_both_50_1_ac3_av_target', 'nmbrcrs'))": 0.25138825,
    "(('prospect_both_50_1_ac3_av_source', 'PostalCode'), ('prospect_both_50_1_ac3_av_target', 'phn'))": 0.24586038,
    "(('prospect_both_50_1_ac3_av_source', 'MiddleInitial'), ('prospect_both_50_1_ac3_av_target', 'ncm'))": 0.23172422
  },
  "metrics": {
    "precision": 0.0,
    "recall": 0.0,
    "f1_score": 0,
    "precision_at_10_percent": 0.0,
    "precision_at_20_percent": 0.0,
    "precision_at_30_percent": 0.0,
    "precision_at_40_percent": 0.0,
    "precision_at_50_percent": 0.0,
    "precision_at_60_percent": 0.0,
    "precision_at_70_percent": 0.0,
    "precision_at_80_percent": 0.0,
    "precision_at_90_percent": 0.0,
    "recall_at_sizeof_ground_truth": 0.0
  },
  "run_times": {
    "total_time": 20.545016709000265,
    "algorithm_time": 20.545000515001448
  }
}