{
  "name": "prospect_horizontal_50_ac4_ev__Coma{'max_n': 0, 'strategy': 'COMA_OPT_INST'}",
  "matches": {
    "(('prospect_horizontal_50_ac4_ev_source', 'MiddleInitial'), ('prospect_horizontal_50_ac4_ev_target', 'prospect_MidInit'))": 0.4235062,
    "(('prospect_horizontal_50_ac4_ev_source', 'Age'), ('prospect_horizontal_50_ac4_ev_target', 'prospect_Ag'))": 0.41161352,
    "(('prospect_horizontal_50_ac4_ev_source', 'City'), ('prospect_horizontal_50_ac4_ev_target', 'prospect_Ci'))": 0.40062022,
    "(('prospect_horizontal_50_ac4_ev_source', 'State'), ('prospect_horizontal_50_ac4_ev_target', 'prospect_St'))": 0.4004496,
    "(('prospect_horizontal_50_ac4_ev_source', 'Country'), ('prospect_horizontal_50_ac4_ev_target', 'prospect_Cou'))": 0.39856336,
    "(('prospect_horizontal_50_ac4_ev_source', 'Gender'), ('prospect_horizontal_50_ac4_ev_target', 'prospect_Gen'))": 0.39797187,
    "(('prospect_horizontal_50_ac4_ev_source', 'NumberCars'), ('prospect_horizontal_50_ac4_ev_target', 'prospect_NumCh'))": 0.385339,
    "(('prospect_horizontal_50_ac4_ev_source', 'MaritalStatus'), ('prospect_horizontal_50_ac4_ev_target', 'prospect_MarSt'))": 0.37995937,
    "(('prospect_horizontal_50_ac4_ev_source', 'NumberCreditCards'), ('prospect_horizontal_50_ac4_ev_target', 'prospect_NuCreCa'))": 0.3673721,
    "(('prospect_horizontal_50_ac4_ev_source', 'CreditRating'), ('prospect_horizontal_50_ac4_ev_target', 'prospect_CreRa'))": 0.35069853,
    "(('prospect_horizontal_50_ac4_ev_source', 'OwnOrRentFlag'), ('prospect_horizontal_50_ac4_ev_target', 'prospect_OwOReF'))": 0.34782842,
    "(('prospect_horizontal_50_ac4_ev_source', 'Employer'), ('prospect_horizontal_50_ac4_ev_target', 'prospect_Em'))": 0.3305113,
    "(('prospect_horizontal_50_ac4_ev_source', 'Phone'), ('prospect_horizontal_50_ac4_ev_target', 'prospect_Pho'))": 0.24454114,
    "(('prospect_horizontal_50_ac4_ev_source', 'AgencyID'), ('prospect_horizontal_50_ac4_ev_target', 'prospect_AgID'))": 0.22897124,
    "(('prospect_horizontal_50_ac4_ev_source', 'PostalCode'), ('prospect_horizontal_50_ac4_ev_target', 'prospect_PosCo'))": 0.2166307,
    "(('prospect_horizontal_50_ac4_ev_source', 'AddressLine1'), ('prospect_horizontal_50_ac4_ev_target', 'prospect_AddLi1'))": 0.2083424,
    "(('prospect_horizontal_50_ac4_ev_source', 'AddressLine2'), ('prospect_horizontal_50_ac4_ev_target', 'prospect_AddLi2'))": 0.2083424
  },
  "metrics": {
    "precision": 0.9411764705882353,
    "recall": 0.7272727272727273,
    "f1_score": 0.8205128205128205,
    "precision_at_10_percent": 1.0,
    "precision_at_20_percent": 1.0,
    "precision_at_30_percent": 1.0,
    "precision_at_40_percent": 0.8571428571428571,
    "precision_at_50_percent": 0.8888888888888888,
    "precision_at_60_percent": 0.9090909090909091,
    "precision_at_70_percent": 0.9166666666666666,
    "precision_at_80_percent": 0.9285714285714286,
    "precision_at_90_percent": 0.9375,
    "recall_at_sizeof_ground_truth": 0.7272727272727273
  },
  "run_times": {
    "total_time": 2051.676568228,
    "algorithm_time": 2051.6765504449995
  }
}