{
  "name": "prospect_horizontal_0_ac2_av__Coma{'max_n': 0, 'strategy': 'COMA_OPT_INST'}",
  "matches": {
    "(('prospect_horizontal_0_ac2_av_source', 'Country'), ('prospect_horizontal_0_ac2_av_target', 'Coun'))": 0.63629663,
    "(('prospect_horizontal_0_ac2_av_source', 'Age'), ('prospect_horizontal_0_ac2_av_target', 'Ag'))": 0.6241498,
    "(('prospect_horizontal_0_ac2_av_source', 'State'), ('prospect_horizontal_0_ac2_av_target', 'Sta'))": 0.61993676,
    "(('prospect_horizontal_0_ac2_av_source', 'City'), ('prospect_horizontal_0_ac2_av_target', 'Ci'))": 0.593126,
    "(('prospect_horizontal_0_ac2_av_source', 'MaritalStatus'), ('prospect_horizontal_0_ac2_av_target', 'MariSta'))": 0.58166665,
    "(('prospect_horizontal_0_ac2_av_source', 'MiddleInitial'), ('prospect_horizontal_0_ac2_av_target', 'MidInit'))": 0.57308465,
    "(('prospect_horizontal_0_ac2_av_source', 'Gender'), ('prospect_horizontal_0_ac2_av_target', 'Ge'))": 0.56088305,
    "(('prospect_horizontal_0_ac2_av_source', 'NumberCars'), ('prospect_horizontal_0_ac2_av_target', 'NumC'))": 0.5474256,
    "(('prospect_horizontal_0_ac2_av_source', 'CreditRating'), ('prospect_horizontal_0_ac2_av_target', 'CrRat'))": 0.49396402,
    "(('prospect_horizontal_0_ac2_av_source', 'NumberCreditCards'), ('prospect_horizontal_0_ac2_av_target', 'NuCreCa'))": 0.4864418,
    "(('prospect_horizontal_0_ac2_av_source', 'Employer'), ('prospect_horizontal_0_ac2_av_target', 'Em'))": 0.47509545,
    "(('prospect_horizontal_0_ac2_av_source', 'AgencyID'), ('prospect_horizontal_0_ac2_av_target', 'AgeID'))": 0.4592988,
    "(('prospect_horizontal_0_ac2_av_source', 'OwnOrRentFlag'), ('prospect_horizontal_0_ac2_av_target', 'OOReFl'))": 0.43394098,
    "(('prospect_horizontal_0_ac2_av_source', 'Income'), ('prospect_horizontal_0_ac2_av_target', 'Inc'))": 0.4069131,
    "(('prospect_horizontal_0_ac2_av_source', 'Phone'), ('prospect_horizontal_0_ac2_av_target', 'Ph'))": 0.38074028,
    "(('prospect_horizontal_0_ac2_av_source', 'PostalCode'), ('prospect_horizontal_0_ac2_av_target', 'PosC'))": 0.34891692,
    "(('prospect_horizontal_0_ac2_av_source', 'AddressLine1'), ('prospect_horizontal_0_ac2_av_target', 'AdL1'))": 0.3312012,
    "(('prospect_horizontal_0_ac2_av_source', 'AddressLine2'), ('prospect_horizontal_0_ac2_av_target', 'AdLi2'))": 0.32408512,
    "(('prospect_horizontal_0_ac2_av_source', 'LastName'), ('prospect_horizontal_0_ac2_av_target', 'LaN'))": 0.32102782,
    "(('prospect_horizontal_0_ac2_av_source', 'FirstName'), ('prospect_horizontal_0_ac2_av_target', 'FiN'))": 0.31285122,
    "(('prospect_horizontal_0_ac2_av_source', 'NetWorth'), ('prospect_horizontal_0_ac2_av_target', 'NeWo'))": 0.31285122
  },
  "metrics": {
    "precision": 1.0,
    "recall": 0.9545454545454546,
    "f1_score": 0.9767441860465117,
    "precision_at_10_percent": 1.0,
    "precision_at_20_percent": 1.0,
    "precision_at_30_percent": 1.0,
    "precision_at_40_percent": 1.0,
    "precision_at_50_percent": 1.0,
    "precision_at_60_percent": 1.0,
    "precision_at_70_percent": 1.0,
    "precision_at_80_percent": 1.0,
    "precision_at_90_percent": 1.0,
    "recall_at_sizeof_ground_truth": 0.9545454545454546
  },
  "run_times": {
    "total_time": 1352.4341516940003,
    "algorithm_time": 1352.4341335610006
  }
}