{
  "name": "prospect_horizontal_100_ac3_ev__Coma{'max_n': 0, 'strategy': 'COMA_OPT'}",
  "matches": {
    "(('prospect_horizontal_100_ac3_ev_source', 'NetWorth'), ('prospect_horizontal_100_ac3_ev_target', 'ntwrth'))": 0.46980268,
    "(('prospect_horizontal_100_ac3_ev_source', 'State'), ('prospect_horizontal_100_ac3_ev_target', 'stt'))": 0.41541734,
    "(('prospect_horizontal_100_ac3_ev_source', 'Phone'), ('prospect_horizontal_100_ac3_ev_target', 'phn'))": 0.41541734,
    "(('prospect_horizontal_100_ac3_ev_source', 'CreditRating'), ('prospect_horizontal_100_ac3_ev_target', 'crdtrtng'))": 0.40377545,
    "(('prospect_horizontal_100_ac3_ev_source', 'FirstName'), ('prospect_horizontal_100_ac3_ev_target', 'frstnm'))": 0.39869303,
    "(('prospect_horizontal_100_ac3_ev_source', 'Gender'), ('prospect_horizontal_100_ac3_ev_target', 'gndr'))": 0.3877293,
    "(('prospect_horizontal_100_ac3_ev_source', 'NumberCreditCards'), ('prospect_horizontal_100_ac3_ev_target', 'nmbrcrdtcrds'))": 0.38549715,
    "(('prospect_horizontal_100_ac3_ev_source', 'NumberCars'), ('prospect_horizontal_100_ac3_ev_target', 'nmbrcrs'))": 0.3801949,
    "(('prospect_horizontal_100_ac3_ev_source', 'Country'), ('prospect_horizontal_100_ac3_ev_target', 'cntr'))": 0.37632617,
    "(('prospect_horizontal_100_ac3_ev_source', 'Employer'), ('prospect_horizontal_100_ac3_ev_target', 'mplr'))": 0.37125394,
    "(('prospect_horizontal_100_ac3_ev_source', 'AddressLine1'), ('prospect_horizontal_100_ac3_ev_target', 'ddrssln1'))": 0.36210877,
    "(('prospect_horizontal_100_ac3_ev_source', 'AddressLine2'), ('prospect_horizontal_100_ac3_ev_target', 'ddrssln2'))": 0.36210877,
    "(('prospect_horizontal_100_ac3_ev_source', 'City'), ('prospect_horizontal_100_ac3_ev_target', 'ct'))": 0.3584742,
    "(('prospect_horizontal_100_ac3_ev_source', 'MiddleInitial'), ('prospect_horizontal_100_ac3_ev_target', 'mddlntl'))": 0.35739177,
    "(('prospect_horizontal_100_ac3_ev_source', 'LastName'), ('prospect_horizontal_100_ac3_ev_target', 'lstnm'))": 0.3569952,
    "(('prospect_horizontal_100_ac3_ev_source', 'MaritalStatus'), ('prospect_horizontal_100_ac3_ev_target', 'mrtlstts'))": 0.35239178,
    "(('prospect_horizontal_100_ac3_ev_source', 'OwnOrRentFlag'), ('prospect_horizontal_100_ac3_ev_target', 'wnrrntflg'))": 0.34926137,
    "(('prospect_horizontal_100_ac3_ev_source', 'NumberChildren'), ('prospect_horizontal_100_ac3_ev_target', 'nmbrchldrn'))": 0.3461469
  },
  "metrics": {
    "precision": 1.0,
    "recall": 0.8181818181818182,
    "f1_score": 0.9,
    "precision_at_10_percent": 1.0,
    "precision_at_20_percent": 1.0,
    "precision_at_30_percent": 1.0,
    "precision_at_40_percent": 1.0,
    "precision_at_50_percent": 1.0,
    "precision_at_60_percent": 1.0,
    "precision_at_70_percent": 1.0,
    "precision_at_80_percent": 1.0,
    "precision_at_90_percent": 1.0,
    "recall_at_sizeof_ground_truth": 0.8181818181818182
  },
  "run_times": {
    "total_time": 8.212984717999916,
    "algorithm_time": 8.212963597999988
  }
}