{
  "name": "prospect_horizontal_0_ac1_ev__Coma{'max_n': 0, 'strategy': 'COMA_OPT_INST'}",
  "matches": {
    "(('prospect_horizontal_0_ac1_ev_source', 'NumberCreditCards'), ('prospect_horizontal_0_ac1_ev_target', 'prospect_NumberCreditCards'))": 0.7696579,
    "(('prospect_horizontal_0_ac1_ev_source', 'NumberChildren'), ('prospect_horizontal_0_ac1_ev_target', 'prospect_NumberChildren'))": 0.75848025,
    "(('prospect_horizontal_0_ac1_ev_source', 'OwnOrRentFlag'), ('prospect_horizontal_0_ac1_ev_target', 'prospect_OwnOrRentFlag'))": 0.7444976,
    "(('prospect_horizontal_0_ac1_ev_source', 'MaritalStatus'), ('prospect_horizontal_0_ac1_ev_target', 'prospect_MaritalStatus'))": 0.7438242,
    "(('prospect_horizontal_0_ac1_ev_source', 'MiddleInitial'), ('prospect_horizontal_0_ac1_ev_target', 'prospect_MiddleInitial'))": 0.7373134,
    "(('prospect_horizontal_0_ac1_ev_source', 'NumberCars'), ('prospect_horizontal_0_ac1_ev_target', 'prospect_NumberCars'))": 0.7181573,
    "(('prospect_horizontal_0_ac1_ev_source', 'CreditRating'), ('prospect_horizontal_0_ac1_ev_target', 'prospect_CreditRating'))": 0.7064959,
    "(('prospect_horizontal_0_ac1_ev_source', 'Country'), ('prospect_horizontal_0_ac1_ev_target', 'prospect_Country'))": 0.68078566,
    "(('prospect_horizontal_0_ac1_ev_source', 'Gender'), ('prospect_horizontal_0_ac1_ev_target', 'prospect_Gender'))": 0.66086406,
    "(('prospect_horizontal_0_ac1_ev_source', 'State'), ('prospect_horizontal_0_ac1_ev_target', 'prospect_State'))": 0.6419544,
    "(('prospect_horizontal_0_ac1_ev_source', 'Employer'), ('prospect_horizontal_0_ac1_ev_target', 'prospect_Employer'))": 0.6309988,
    "(('prospect_horizontal_0_ac1_ev_source', 'City'), ('prospect_horizontal_0_ac1_ev_target', 'prospect_City'))": 0.61601985,
    "(('prospect_horizontal_0_ac1_ev_source', 'Age'), ('prospect_horizontal_0_ac1_ev_target', 'prospect_Age'))": 0.5960659,
    "(('prospect_horizontal_0_ac1_ev_source', 'PostalCode'), ('prospect_horizontal_0_ac1_ev_target', 'prospect_PostalCode'))": 0.5432375,
    "(('prospect_horizontal_0_ac1_ev_source', 'AddressLine1'), ('prospect_horizontal_0_ac1_ev_target', 'prospect_AddressLine1'))": 0.536617,
    "(('prospect_horizontal_0_ac1_ev_source', 'AddressLine2'), ('prospect_horizontal_0_ac1_ev_target', 'prospect_AddressLine2'))": 0.536617,
    "(('prospect_horizontal_0_ac1_ev_source', 'FirstName'), ('prospect_horizontal_0_ac1_ev_target', 'prospect_FirstName'))": 0.50723696,
    "(('prospect_horizontal_0_ac1_ev_source', 'AgencyID'), ('prospect_horizontal_0_ac1_ev_target', 'prospect_AgencyID'))": 0.4948842,
    "(('prospect_horizontal_0_ac1_ev_source', 'LastName'), ('prospect_horizontal_0_ac1_ev_target', 'prospect_LastName'))": 0.4948842,
    "(('prospect_horizontal_0_ac1_ev_source', 'NetWorth'), ('prospect_horizontal_0_ac1_ev_target', 'prospect_NetWorth'))": 0.4948842,
    "(('prospect_horizontal_0_ac1_ev_source', 'Phone'), ('prospect_horizontal_0_ac1_ev_target', 'prospect_Phone'))": 0.48203,
    "(('prospect_horizontal_0_ac1_ev_source', 'Income'), ('prospect_horizontal_0_ac1_ev_target', 'prospect_Income'))": 0.46494943
  },
  "metrics": {
    "precision": 1.0,
    "recall": 1.0,
    "f1_score": 1.0,
    "precision_at_10_percent": 1.0,
    "precision_at_20_percent": 1.0,
    "precision_at_30_percent": 1.0,
    "precision_at_40_percent": 1.0,
    "precision_at_50_percent": 1.0,
    "precision_at_60_percent": 1.0,
    "precision_at_70_percent": 1.0,
    "precision_at_80_percent": 1.0,
    "precision_at_90_percent": 1.0,
    "recall_at_sizeof_ground_truth": 1.0
  },
  "run_times": {
    "total_time": 1360.8317799660008,
    "algorithm_time": 1360.8317603820005
  }
}