{
  "name": "prospect_horizontal_100_ac4_ev__Coma{'max_n': 0, 'strategy': 'COMA_OPT_INST'}",
  "matches": {
    "(('prospect_horizontal_100_ac4_ev_source', 'Age'), ('prospect_horizontal_100_ac4_ev_target', 'prospect_Ag'))": 0.41749495,
    "(('prospect_horizontal_100_ac4_ev_source', 'MaritalStatus'), ('prospect_horizontal_100_ac4_ev_target', 'prospect_MariSt'))": 0.41266298,
    "(('prospect_horizontal_100_ac4_ev_source', 'City'), ('prospect_horizontal_100_ac4_ev_target', 'prospect_C'))": 0.41041756,
    "(('prospect_horizontal_100_ac4_ev_source', 'NumberChildren'), ('prospect_horizontal_100_ac4_ev_target', 'prospect_NuChil'))": 0.41014728,
    "(('prospect_horizontal_100_ac4_ev_source', 'State'), ('prospect_horizontal_100_ac4_ev_target', 'prospect_Sta'))": 0.4071425,
    "(('prospect_horizontal_100_ac4_ev_source', 'Country'), ('prospect_horizontal_100_ac4_ev_target', 'prospect_Cou'))": 0.40445367,
    "(('prospect_horizontal_100_ac4_ev_source', 'Gender'), ('prospect_horizontal_100_ac4_ev_target', 'prospect_Ge'))": 0.40291205,
    "(('prospect_horizontal_100_ac4_ev_source', 'NumberCars'), ('prospect_horizontal_100_ac4_ev_target', 'prospect_NumC'))": 0.39369845,
    "(('prospect_horizontal_100_ac4_ev_source', 'CreditRating'), ('prospect_horizontal_100_ac4_ev_target', 'prospect_CreRat'))": 0.38415477,
    "(('prospect_horizontal_100_ac4_ev_source', 'NumberCreditCards'), ('prospect_horizontal_100_ac4_ev_target', 'prospect_NuCrCar'))": 0.37343556,
    "(('prospect_horizontal_100_ac4_ev_source', 'Employer'), ('prospect_horizontal_100_ac4_ev_target', 'prospect_Empl'))": 0.37092853,
    "(('prospect_horizontal_100_ac4_ev_source', 'OwnOrRentFlag'), ('prospect_horizontal_100_ac4_ev_target', 'prospect_OwORFl'))": 0.35391673,
    "(('prospect_horizontal_100_ac4_ev_source', 'MiddleInitial'), ('prospect_horizontal_100_ac4_ev_target', 'prospect_MiIn'))": 0.34915352,
    "(('prospect_horizontal_100_ac4_ev_source', 'AgencyID'), ('prospect_horizontal_100_ac4_ev_target', 'prospect_AgeID'))": 0.2656563,
    "(('prospect_horizontal_100_ac4_ev_source', 'AddressLine1'), ('prospect_horizontal_100_ac4_ev_target', 'prospect_AddrL1'))": 0.24385592,
    "(('prospect_horizontal_100_ac4_ev_source', 'AddressLine2'), ('prospect_horizontal_100_ac4_ev_target', 'prospect_AddrL2'))": 0.24385592
  },
  "metrics": {
    "precision": 1.0,
    "recall": 0.7272727272727273,
    "f1_score": 0.8421052631578948,
    "precision_at_10_percent": 1.0,
    "precision_at_20_percent": 1.0,
    "precision_at_30_percent": 1.0,
    "precision_at_40_percent": 1.0,
    "precision_at_50_percent": 1.0,
    "precision_at_60_percent": 1.0,
    "precision_at_70_percent": 1.0,
    "precision_at_80_percent": 1.0,
    "precision_at_90_percent": 1.0,
    "recall_at_sizeof_ground_truth": 0.7272727272727273
  },
  "run_times": {
    "total_time": 1518.9982895850007,
    "algorithm_time": 1518.9982465909998
  }
}