{
  "name": "prospect_both_50_70_ac1_ev__Coma{'max_n': 0, 'strategy': 'COMA_OPT'}",
  "matches": {
    "(('prospect_both_50_70_ac1_ev_source', 'OwnOrRentFlag'), ('prospect_both_50_70_ac1_ev_target', 'prospect_OwnOrRentFlag'))": 0.6650313,
    "(('prospect_both_50_70_ac1_ev_source', 'MiddleInitial'), ('prospect_both_50_70_ac1_ev_target', 'prospect_MiddleInitial'))": 0.6650313,
    "(('prospect_both_50_70_ac1_ev_source', 'MaritalStatus'), ('prospect_both_50_70_ac1_ev_target', 'prospect_MaritalStatus'))": 0.6650313,
    "(('prospect_both_50_70_ac1_ev_source', 'PostalCode'), ('prospect_both_50_70_ac1_ev_target', 'prospect_PostalCode'))": 0.6642213,
    "(('prospect_both_50_70_ac1_ev_source', 'CreditRating'), ('prospect_both_50_70_ac1_ev_target', 'prospect_CreditRating'))": 0.6551151,
    "(('prospect_both_50_70_ac1_ev_source', 'AddressLine1'), ('prospect_both_50_70_ac1_ev_target', 'prospect_AddressLine1'))": 0.6551151,
    "(('prospect_both_50_70_ac1_ev_source', 'AddressLine2'), ('prospect_both_50_70_ac1_ev_target', 'prospect_AddressLine2'))": 0.6551151,
    "(('prospect_both_50_70_ac1_ev_source', 'NumberCars'), ('prospect_both_50_70_ac1_ev_target', 'prospect_NumberCars'))": 0.63189805,
    "(('prospect_both_50_70_ac1_ev_source', 'FirstName'), ('prospect_both_50_70_ac1_ev_target', 'prospect_FirstName'))": 0.6181699,
    "(('prospect_both_50_70_ac1_ev_source', 'AgencyID'), ('prospect_both_50_70_ac1_ev_target', 'prospect_AgencyID'))": 0.60264647,
    "(('prospect_both_50_70_ac1_ev_source', 'Employer'), ('prospect_both_50_70_ac1_ev_target', 'prospect_Employer'))": 0.60264647,
    "(('prospect_both_50_70_ac1_ev_source', 'Phone'), ('prospect_both_50_70_ac1_ev_target', 'prospect_Phone'))": 0.58636653,
    "(('prospect_both_50_70_ac1_ev_source', 'Country'), ('prospect_both_50_70_ac1_ev_target', 'prospect_Country'))": 0.5849355,
    "(('prospect_both_50_70_ac1_ev_source', 'Gender'), ('prospect_both_50_70_ac1_ev_target', 'prospect_Gender'))": 0.5645199,
    "(('prospect_both_50_70_ac1_ev_source', 'Age'), ('prospect_both_50_70_ac1_ev_target', 'prospect_Age'))": 0.47862294
  },
  "metrics": {
    "precision": 1.0,
    "recall": 1.0,
    "f1_score": 1.0,
    "precision_at_10_percent": 1.0,
    "precision_at_20_percent": 1.0,
    "precision_at_30_percent": 1.0,
    "precision_at_40_percent": 1.0,
    "precision_at_50_percent": 1.0,
    "precision_at_60_percent": 1.0,
    "precision_at_70_percent": 1.0,
    "precision_at_80_percent": 1.0,
    "precision_at_90_percent": 1.0,
    "recall_at_sizeof_ground_truth": 1.0
  },
  "run_times": {
    "total_time": 1.277916997205466,
    "algorithm_time": 1.2778983139432967
  }
}