{
  "name": "prospect_both_50_30_ac3_av__Coma{'max_n': 0, 'strategy': 'COMA_OPT'}",
  "matches": {
    "(('prospect_both_50_30_ac3_av_source', 'CreditRating'), ('prospect_both_50_30_ac3_av_target', 'crdtrtng'))": 0.37477934,
    "(('prospect_both_50_30_ac3_av_source', 'FirstName'), ('prospect_both_50_30_ac3_av_target', 'frstnm'))": 0.3696831,
    "(('prospect_both_50_30_ac3_av_source', 'MiddleInitial'), ('prospect_both_50_30_ac3_av_target', 'mddlntl'))": 0.32801062,
    "(('prospect_both_50_30_ac3_av_source', 'Gender'), ('prospect_both_50_30_ac3_av_target', 'g'))": 0.32732704,
    "(('prospect_both_50_30_ac3_av_source', 'NumberChildren'), ('prospect_both_50_30_ac3_av_target', 'nmbrchldrn'))": 0.31689465,
    "(('prospect_both_50_30_ac3_av_source', 'State'), ('prospect_both_50_30_ac3_av_target', 'nmbrcrs'))": 0.26891202,
    "(('prospect_both_50_30_ac3_av_source', 'PostalCode'), ('prospect_both_50_30_ac3_av_target', 'phn'))": 0.26340404
  },
  "metrics": {
    "precision": 0.5714285714285714,
    "recall": 0.6666666666666666,
    "f1_score": 0.6153846153846153,
    "precision_at_10_percent": 1.0,
    "precision_at_20_percent": 1.0,
    "precision_at_30_percent": 1.0,
    "precision_at_40_percent": 1.0,
    "precision_at_50_percent": 0.75,
    "precision_at_60_percent": 0.8,
    "precision_at_70_percent": 0.8,
    "precision_at_80_percent": 0.6666666666666666,
    "precision_at_90_percent": 0.5714285714285714,
    "recall_at_sizeof_ground_truth": 0.6666666666666666
  },
  "run_times": {
    "total_time": 13.755279971999698,
    "algorithm_time": 13.75525801099866
  }
}