{
  "name": "prospect_both_50_30_ac3_av__Coma{'max_n': 0, 'strategy': 'COMA_OPT_INST'}",
  "matches": {
    "(('prospect_both_50_30_ac3_av_source', 'NumberChildren'), ('prospect_both_50_30_ac3_av_target', 'nmbrchldrn'))": 0.4535157,
    "(('prospect_both_50_30_ac3_av_source', 'MiddleInitial'), ('prospect_both_50_30_ac3_av_target', 'mddlntl'))": 0.45244327,
    "(('prospect_both_50_30_ac3_av_source', 'CreditRating'), ('prospect_both_50_30_ac3_av_target', 'crdtrtng'))": 0.42041326,
    "(('prospect_both_50_30_ac3_av_source', 'Age'), ('prospect_both_50_30_ac3_av_target', 'g'))": 0.36316672,
    "(('prospect_both_50_30_ac3_av_source', 'Gender'), ('prospect_both_50_30_ac3_av_target', 'wnrrntflg'))": 0.32352826,
    "(('prospect_both_50_30_ac3_av_source', 'FirstName'), ('prospect_both_50_30_ac3_av_target', 'frstnm'))": 0.29574648,
    "(('prospect_both_50_30_ac3_av_source', 'PostalCode'), ('prospect_both_50_30_ac3_av_target', 'phn'))": 0.21072324
  },
  "metrics": {
    "precision": 0.7142857142857143,
    "recall": 0.8333333333333334,
    "f1_score": 0.7692307692307692,
    "precision_at_10_percent": 1.0,
    "precision_at_20_percent": 1.0,
    "precision_at_30_percent": 1.0,
    "precision_at_40_percent": 1.0,
    "precision_at_50_percent": 1.0,
    "precision_at_60_percent": 0.8,
    "precision_at_70_percent": 0.8,
    "precision_at_80_percent": 0.8333333333333334,
    "precision_at_90_percent": 0.7142857142857143,
    "recall_at_sizeof_ground_truth": 0.8333333333333334
  },
  "run_times": {
    "total_time": 3149.5129691890015,
    "algorithm_time": 3149.5129419700006
  }
}