{
  "name": "prospect_vertical_50_ac2_ev__Coma{'max_n': 0, 'strategy': 'COMA_OPT_INST'}",
  "matches": {
    "(('prospect_vertical_50_ac2_ev_source', 'AgencyID'), ('prospect_vertical_50_ac2_ev_target', 'AgeID'))": 0.6479436,
    "(('prospect_vertical_50_ac2_ev_source', 'Age'), ('prospect_vertical_50_ac2_ev_target', 'Ag'))": 0.6127001,
    "(('prospect_vertical_50_ac2_ev_source', 'Phone'), ('prospect_vertical_50_ac2_ev_target', 'Pho'))": 0.61211187,
    "(('prospect_vertical_50_ac2_ev_source', 'Income'), ('prospect_vertical_50_ac2_ev_target', 'Inc'))": 0.5950419,
    "(('prospect_vertical_50_ac2_ev_source', 'NumberChildren'), ('prospect_vertical_50_ac2_ev_target', 'NumChil'))": 0.5673924,
    "(('prospect_vertical_50_ac2_ev_source', 'AddressLine1'), ('prospect_vertical_50_ac2_ev_target', 'AddLi1'))": 0.5463419,
    "(('prospect_vertical_50_ac2_ev_source', 'Employer'), ('prospect_vertical_50_ac2_ev_target', 'Em'))": 0.52741104,
    "(('prospect_vertical_50_ac2_ev_source', 'CreditRating'), ('prospect_vertical_50_ac2_ev_target', 'CreRa'))": 0.5124801,
    "(('prospect_vertical_50_ac2_ev_source', 'MaritalStatus'), ('prospect_vertical_50_ac2_ev_target', 'MarSt'))": 0.5058967,
    "(('prospect_vertical_50_ac2_ev_source', 'FirstName'), ('prospect_vertical_50_ac2_ev_target', 'FiN'))": 0.5012423,
    "(('prospect_vertical_50_ac2_ev_source', 'PostalCode'), ('prospect_vertical_50_ac2_ev_target', 'PoCo'))": 0.487171,
    "(('prospect_vertical_50_ac2_ev_source', 'City'), ('prospect_vertical_50_ac2_ev_target', 'Cou'))": 0.2773679
  },
  "metrics": {
    "precision": 0.9166666666666666,
    "recall": 1.0,
    "f1_score": 0.9565217391304348,
    "precision_at_10_percent": 1.0,
    "precision_at_20_percent": 1.0,
    "precision_at_30_percent": 1.0,
    "precision_at_40_percent": 1.0,
    "precision_at_50_percent": 1.0,
    "precision_at_60_percent": 1.0,
    "precision_at_70_percent": 1.0,
    "precision_at_80_percent": 1.0,
    "precision_at_90_percent": 1.0,
    "recall_at_sizeof_ground_truth": 1.0
  },
  "run_times": {
    "total_time": 345.7656526211649,
    "algorithm_time": 345.76562495622784
  }
}