{
  "name": "prospect_both_50_30_ac1_ev__Coma{'max_n': 0, 'strategy': 'COMA_OPT_INST'}",
  "matches": {
    "(('prospect_both_50_30_ac1_ev_source', 'OwnOrRentFlag'), ('prospect_both_50_30_ac1_ev_target', 'prospect_OwnOrRentFlag'))": 0.69604886,
    "(('prospect_both_50_30_ac1_ev_source', 'MaritalStatus'), ('prospect_both_50_30_ac1_ev_target', 'prospect_MaritalStatus'))": 0.69604886,
    "(('prospect_both_50_30_ac1_ev_source', 'MiddleInitial'), ('prospect_both_50_30_ac1_ev_target', 'prospect_MiddleInitial'))": 0.6860837,
    "(('prospect_both_50_30_ac1_ev_source', 'CreditRating'), ('prospect_both_50_30_ac1_ev_target', 'prospect_CreditRating'))": 0.6579948,
    "(('prospect_both_50_30_ac1_ev_source', 'Country'), ('prospect_both_50_30_ac1_ev_target', 'prospect_Country'))": 0.6319722,
    "(('prospect_both_50_30_ac1_ev_source', 'AgencyID'), ('prospect_both_50_30_ac1_ev_target', 'prospect_AgencyID'))": 0.446141,
    "(('prospect_both_50_30_ac1_ev_source', 'LastName'), ('prospect_both_50_30_ac1_ev_target', 'prospect_Income'))": 0.2625475,
    "(('prospect_both_50_30_ac1_ev_source', 'PostalCode'), ('prospect_both_50_30_ac1_ev_target', 'prospect_Age'))": 0.26198983,
    "(('prospect_both_50_30_ac1_ev_source', 'AddressLine1'), ('prospect_both_50_30_ac1_ev_target', 'prospect_NumberChildren'))": 0.20461197,
    "(('prospect_both_50_30_ac1_ev_source', 'AddressLine2'), ('prospect_both_50_30_ac1_ev_target', 'prospect_NumberChildren'))": 0.20461197
  },
  "metrics": {
    "precision": 0.6,
    "recall": 1.0,
    "f1_score": 0.7499999999999999,
    "precision_at_10_percent": 1.0,
    "precision_at_20_percent": 1.0,
    "precision_at_30_percent": 1.0,
    "precision_at_40_percent": 1.0,
    "precision_at_50_percent": 1.0,
    "precision_at_60_percent": 1.0,
    "precision_at_70_percent": 0.8571428571428571,
    "precision_at_80_percent": 0.75,
    "precision_at_90_percent": 0.6666666666666666,
    "recall_at_sizeof_ground_truth": 1.0
  },
  "run_times": {
    "total_time": 129.67121356679127,
    "algorithm_time": 129.67118344875053
  }
}