{
  "name": "prospect_both_50_1_ac5_ev__Coma{'max_n': 0, 'strategy': 'COMA_OPT_INST'}",
  "matches": {
    "(('prospect_both_50_1_ac5_ev_source', 'Gender'), ('prospect_both_50_1_ac5_ev_target', 'prospect_wnrrntflg'))": 0.28549764,
    "(('prospect_both_50_1_ac5_ev_source', 'MiddleInitial'), ('prospect_both_50_1_ac5_ev_target', 'prospect_mrtlstts'))": 0.28230613
  },
  "metrics": {
    "precision": 0.0,
    "recall": 0.0,
    "f1_score": 0,
    "precision_at_10_percent": 0.0,
    "precision_at_20_percent": 0.0,
    "precision_at_30_percent": 0.0,
    "precision_at_40_percent": 0.0,
    "precision_at_50_percent": 0.0,
    "precision_at_60_percent": 0.0,
    "precision_at_70_percent": 0.0,
    "precision_at_80_percent": 0.0,
    "precision_at_90_percent": 0.0,
    "recall_at_sizeof_ground_truth": 0.0
  },
  "run_times": {
    "total_time": 110.80089714610949,
    "algorithm_time": 110.80086960084736
  }
}