{
  "name": "prospect_vertical_30_ac1_av__Coma{'max_n': 0, 'strategy': 'COMA_OPT'}",
  "matches": {
    "(('prospect_vertical_30_ac1_av_source', 'AddressLine2'), ('prospect_vertical_30_ac1_av_target', 'prospect_AddressLine2'))": 0.60874707,
    "(('prospect_vertical_30_ac1_av_source', 'CreditRating'), ('prospect_vertical_30_ac1_av_target', 'prospect_CreditRating'))": 0.60874707,
    "(('prospect_vertical_30_ac1_av_source', 'AgencyID'), ('prospect_vertical_30_ac1_av_target', 'prospect_AgencyID'))": 0.5564342,
    "(('prospect_vertical_30_ac1_av_source', 'Employer'), ('prospect_vertical_30_ac1_av_target', 'prospect_Employer'))": 0.5564342,
    "(('prospect_vertical_30_ac1_av_source', 'Country'), ('prospect_vertical_30_ac1_av_target', 'prospect_Country'))": 0.5387685,
    "(('prospect_vertical_30_ac1_av_source', 'State'), ('prospect_vertical_30_ac1_av_target', 'prospect_State'))": 0.494636,
    "(('prospect_vertical_30_ac1_av_source', 'Phone'), ('prospect_vertical_30_ac1_av_target', 'prospect_Age'))": 0.35460842
  },
  "metrics": {
    "precision": 0.8571428571428571,
    "recall": 1.0,
    "f1_score": 0.923076923076923,
    "precision_at_10_percent": 1.0,
    "precision_at_20_percent": 1.0,
    "precision_at_30_percent": 1.0,
    "precision_at_40_percent": 1.0,
    "precision_at_50_percent": 1.0,
    "precision_at_60_percent": 1.0,
    "precision_at_70_percent": 1.0,
    "precision_at_80_percent": 1.0,
    "precision_at_90_percent": 0.8571428571428571,
    "recall_at_sizeof_ground_truth": 1.0
  },
  "run_times": {
    "total_time": 3.218097396998928,
    "algorithm_time": 3.2180793909992644
  }
}