{
  "name": "prospect_both_50_70_ac4_av__Coma{'max_n': 0, 'strategy': 'COMA_OPT'}",
  "matches": {
    "(('prospect_both_50_70_ac4_av_source', 'Age'), ('prospect_both_50_70_ac4_av_target', 'prospect_Ge'))": 0.32828587,
    "(('prospect_both_50_70_ac4_av_source', 'AgencyID'), ('prospect_both_50_70_ac4_av_target', 'prospect_AgeID'))": 0.32174343,
    "(('prospect_both_50_70_ac4_av_source', 'NumberCars'), ('prospect_both_50_70_ac4_av_target', 'prospect_NuCrCar'))": 0.26055455
  },
  "metrics": {
    "precision": 0.3333333333333333,
    "recall": 0.06666666666666667,
    "f1_score": 0.1111111111111111,
    "precision_at_10_percent": 0.0,
    "precision_at_20_percent": 0.0,
    "precision_at_30_percent": 0.0,
    "precision_at_40_percent": 0.5,
    "precision_at_50_percent": 0.5,
    "precision_at_60_percent": 0.5,
    "precision_at_70_percent": 0.3333333333333333,
    "precision_at_80_percent": 0.3333333333333333,
    "precision_at_90_percent": 0.3333333333333333,
    "recall_at_sizeof_ground_truth": 0.06666666666666667
  },
  "run_times": {
    "total_time": 16.48639126499984,
    "algorithm_time": 16.486375791999308
  }
}