{
  "name": "prospect_both_50_30_ac3_ev__JaccardLevenMatcher{'threshold_leven': 0.8, 'process_num': 4}",
  "matches": {
    "(('prospect_both_50_30_ac3_ev_source', 'MaritalStatus'), ('prospect_both_50_30_ac3_ev_target', 'mrtlstts'))": 1.0,
    "(('prospect_both_50_30_ac3_ev_source', 'NumberChildren'), ('prospect_both_50_30_ac3_ev_target', 'nmbrchldrn'))": 1.0,
    "(('prospect_both_50_30_ac3_ev_source', 'NumberChildren'), ('prospect_both_50_30_ac3_ev_target', 'nmbrcrs'))": 1.0,
    "(('prospect_both_50_30_ac3_ev_source', 'Age'), ('prospect_both_50_30_ac3_ev_target', 'g'))": 1.0,
    "(('prospect_both_50_30_ac3_ev_source', 'NetWorth'), ('prospect_both_50_30_ac3_ev_target', 'ncm'))": 0.6748268336654332,
    "(('prospect_both_50_30_ac3_ev_source', 'NetWorth'), ('prospect_both_50_30_ac3_ev_target', 'ntwrth'))": 0.6487014800335102,
    "(('prospect_both_50_30_ac3_ev_source', 'NumberChildren'), ('prospect_both_50_30_ac3_ev_target', 'nmbrcrdtcrds'))": 0.5454545454545454,
    "(('prospect_both_50_30_ac3_ev_source', 'AgencyID'), ('prospect_both_50_30_ac3_ev_target', 'gncd'))": 0.2519721887952935,
    "(('prospect_both_50_30_ac3_ev_source', 'Age'), ('prospect_both_50_30_ac3_ev_target', 'crdtrtng'))": 0.1622103386809269,
    "(('prospect_both_50_30_ac3_ev_source', 'MaritalStatus'), ('prospect_both_50_30_ac3_ev_target', 'wnrrntflg'))": 0.14285714285714285,
    "(('prospect_both_50_30_ac3_ev_source', 'Gender'), ('prospect_both_50_30_ac3_ev_target', 'mrtlstts'))": 0.1111111111111111,
    "(('prospect_both_50_30_ac3_ev_source', 'Age'), ('prospect_both_50_30_ac3_ev_target', 'nmbrcrdtcrds'))": 0.10891089108910891,
    "(('prospect_both_50_30_ac3_ev_source', 'MiddleInitial'), ('prospect_both_50_30_ac3_ev_target', 'mrtlstts'))": 0.09615384615384616,
    "(('prospect_both_50_30_ac3_ev_source', 'Gender'), ('prospect_both_50_30_ac3_ev_target', 'wnrrntflg'))": 0.06666666666666667,
    "(('prospect_both_50_30_ac3_ev_source', 'NumberChildren'), ('prospect_both_50_30_ac3_ev_target', 'g'))": 0.0594059405940594,
    "(('prospect_both_50_30_ac3_ev_source', 'Age'), ('prospect_both_50_30_ac3_ev_target', 'nmbrchldrn'))": 0.0594059405940594,
    "(('prospect_both_50_30_ac3_ev_source', 'Age'), ('prospect_both_50_30_ac3_ev_target', 'nmbrcrs'))": 0.0594059405940594,
    "(('prospect_both_50_30_ac3_ev_source', 'NetWorth'), ('prospect_both_50_30_ac3_ev_target', 'crdtrtng'))": 0.05901050304035379,
    "(('prospect_both_50_30_ac3_ev_source', 'MiddleInitial'), ('prospect_both_50_30_ac3_ev_target', 'wnrrntflg'))": 0.057692307692307696,
    "(('prospect_both_50_30_ac3_ev_source', 'PostalCode'), ('prospect_both_50_30_ac3_ev_target', 'crdtrtng'))": 0.03911086100168824,
    "(('prospect_both_50_30_ac3_ev_source', 'AddressLine2'), ('prospect_both_50_30_ac3_ev_target', 'ddrssln2'))": 0.03850734418420008,
    "(('prospect_both_50_30_ac3_ev_source', 'PostalCode'), ('prospect_both_50_30_ac3_ev_target', 'ncm'))": 0.012058018290906972,
    "(('prospect_both_50_30_ac3_ev_source', 'Age'), ('prospect_both_50_30_ac3_ev_target', 'ncm'))": 0.008913332069030912,
    "(('prospect_both_50_30_ac3_ev_source', 'State'), ('prospect_both_50_30_ac3_ev_target', 'mplr'))": 0.008563273073263558,
    "(('prospect_both_50_30_ac3_ev_source', 'City'), ('prospect_both_50_30_ac3_ev_target', 'mplr'))": 0.006334125098970704,
    "(('prospect_both_50_30_ac3_ev_source', 'LastName'), ('prospect_both_50_30_ac3_ev_target', 'mplr'))": 0.003933620159803319,
    "(('prospect_both_50_30_ac3_ev_source', 'FirstName'), ('prospect_both_50_30_ac3_ev_target', 'mplr'))": 0.003625,
    "(('prospect_both_50_30_ac3_ev_source', 'PostalCode'), ('prospect_both_50_30_ac3_ev_target', 'ntwrth'))": 0.001320928095566276,
    "(('prospect_both_50_30_ac3_ev_source', 'NumberChildren'), ('prospect_both_50_30_ac3_ev_target', 'ncm'))": 0.00018969932656739068,
    "(('prospect_both_50_30_ac3_ev_source', 'PostalCode'), ('prospect_both_50_30_ac3_ev_target', 'g'))": 0.00014419610670511897,
    "(('prospect_both_50_30_ac3_ev_source', 'LastName'), ('prospect_both_50_30_ac3_ev_target', 'cntr'))": 0.00013948946854512484,
    "(('prospect_both_50_30_ac3_ev_source', 'FirstName'), ('prospect_both_50_30_ac3_ev_target', 'ddrssln2'))": 0.00013832215229268968,
    "(('prospect_both_50_30_ac3_ev_source', 'Age'), ('prospect_both_50_30_ac3_ev_target', 'ntwrth'))": 9.345794392523364e-05,
    "(('prospect_both_50_30_ac3_ev_source', 'LastName'), ('prospect_both_50_30_ac3_ev_target', 'ddrssln2'))": 6.850253459377997e-05,
    "(('prospect_both_50_30_ac3_ev_source', 'FirstName'), ('prospect_both_50_30_ac3_ev_target', 'gncd'))": 5.474952094169176e-05
  },
  "metrics": {
    "precision": 0.5555555555555556,
    "recall": 0.8333333333333334,
    "f1_score": 0.6666666666666667,
    "precision_at_10_percent": 0.75,
    "precision_at_20_percent": 0.5714285714285714,
    "precision_at_30_percent": 0.45454545454545453,
    "precision_at_40_percent": 0.35714285714285715,
    "precision_at_50_percent": 0.2777777777777778,
    "precision_at_60_percent": 0.2857142857142857,
    "precision_at_70_percent": 0.24,
    "precision_at_80_percent": 0.21428571428571427,
    "precision_at_90_percent": 0.1875,
    "recall_at_sizeof_ground_truth": 0.6666666666666666
  },
  "run_times": {
    "total_time": 1198.2666261639988,
    "algorithm_time": 1197.9825337049988
  }
}