{
  "name": "prospect_both_0_30_ac4_ev__JaccardLevenMatcher{'threshold_leven': 0.7, 'process_num': 4}",
  "matches": {
    "(('prospect_both_0_30_ac4_ev_source', 'City'), ('prospect_both_0_30_ac4_ev_target', 'prospect_Ci'))": 1.0,
    "(('prospect_both_0_30_ac4_ev_source', 'Country'), ('prospect_both_0_30_ac4_ev_target', 'prospect_Coun'))": 1.0,
    "(('prospect_both_0_30_ac4_ev_source', 'Employer'), ('prospect_both_0_30_ac4_ev_target', 'prospect_Em'))": 1.0,
    "(('prospect_both_0_30_ac4_ev_source', 'NetWorth'), ('prospect_both_0_30_ac4_ev_target', 'prospect_NeWor'))": 0.9928290213723284,
    "(('prospect_both_0_30_ac4_ev_source', 'NetWorth'), ('prospect_both_0_30_ac4_ev_target', 'prospect_Inc'))": 0.9912823397075365,
    "(('prospect_both_0_30_ac4_ev_source', 'Gender'), ('prospect_both_0_30_ac4_ev_target', 'prospect_MarSta'))": 0.1111111111111111,
    "(('prospect_both_0_30_ac4_ev_source', 'PostalCode'), ('prospect_both_0_30_ac4_ev_target', 'prospect_NeWor'))": 0.10742747848262671,
    "(('prospect_both_0_30_ac4_ev_source', 'MiddleInitial'), ('prospect_both_0_30_ac4_ev_target', 'prospect_MarSta'))": 0.09615384615384616,
    "(('prospect_both_0_30_ac4_ev_source', 'NetWorth'), ('prospect_both_0_30_ac4_ev_target', 'prospect_CrRat'))": 0.07747469066366704,
    "(('prospect_both_0_30_ac4_ev_source', 'PostalCode'), ('prospect_both_0_30_ac4_ev_target', 'prospect_Inc'))": 0.07744238379762551,
    "(('prospect_both_0_30_ac4_ev_source', 'Gender'), ('prospect_both_0_30_ac4_ev_target', 'prospect_OORF'))": 0.06666666666666667,
    "(('prospect_both_0_30_ac4_ev_source', 'MiddleInitial'), ('prospect_both_0_30_ac4_ev_target', 'prospect_OORF'))": 0.057692307692307696,
    "(('prospect_both_0_30_ac4_ev_source', 'AgencyID'), ('prospect_both_0_30_ac4_ev_target', 'prospect_AgeID'))": 0.056558533145275036,
    "(('prospect_both_0_30_ac4_ev_source', 'PostalCode'), ('prospect_both_0_30_ac4_ev_target', 'prospect_CrRat'))": 0.03911086100168824,
    "(('prospect_both_0_30_ac4_ev_source', 'City'), ('prospect_both_0_30_ac4_ev_target', 'prospect_Em'))": 0.020883534136546186,
    "(('prospect_both_0_30_ac4_ev_source', 'Employer'), ('prospect_both_0_30_ac4_ev_target', 'prospect_Ci'))": 0.020883534136546186,
    "(('prospect_both_0_30_ac4_ev_source', 'FirstName'), ('prospect_both_0_30_ac4_ev_target', 'prospect_Ci'))": 0.017275006965728614,
    "(('prospect_both_0_30_ac4_ev_source', 'FirstName'), ('prospect_both_0_30_ac4_ev_target', 'prospect_Em'))": 0.014531210513014911,
    "(('prospect_both_0_30_ac4_ev_source', 'LastName'), ('prospect_both_0_30_ac4_ev_target', 'prospect_Em'))": 0.013904407200496585,
    "(('prospect_both_0_30_ac4_ev_source', 'LastName'), ('prospect_both_0_30_ac4_ev_target', 'prospect_Ci'))": 0.013347861618087714,
    "(('prospect_both_0_30_ac4_ev_source', 'NetWorth'), ('prospect_both_0_30_ac4_ev_target', 'prospect_A'))": 0.012777309744453805,
    "(('prospect_both_0_30_ac4_ev_source', 'State'), ('prospect_both_0_30_ac4_ev_target', 'prospect_Em'))": 0.009523809523809525,
    "(('prospect_both_0_30_ac4_ev_source', 'PostalCode'), ('prospect_both_0_30_ac4_ev_target', 'prospect_AgeID'))": 0.007950467881516921,
    "(('prospect_both_0_30_ac4_ev_source', 'State'), ('prospect_both_0_30_ac4_ev_target', 'prospect_Ci'))": 0.006042296072507553,
    "(('prospect_both_0_30_ac4_ev_source', 'FirstName'), ('prospect_both_0_30_ac4_ev_target', 'prospect_AddrL1'))": 0.0015613910574875799,
    "(('prospect_both_0_30_ac4_ev_source', 'LastName'), ('prospect_both_0_30_ac4_ev_target', 'prospect_AddrL1'))": 0.001053740779768177,
    "(('prospect_both_0_30_ac4_ev_source', 'PostalCode'), ('prospect_both_0_30_ac4_ev_target', 'prospect_Em'))": 0.0003830928361639637,
    "(('prospect_both_0_30_ac4_ev_source', 'PostalCode'), ('prospect_both_0_30_ac4_ev_target', 'prospect_AddrL1'))": 0.0002875008984403076,
    "(('prospect_both_0_30_ac4_ev_source', 'AddressLine2'), ('prospect_both_0_30_ac4_ev_target', 'prospect_Em'))": 0.00024807740014884643,
    "(('prospect_both_0_30_ac4_ev_source', 'Employer'), ('prospect_both_0_30_ac4_ev_target', 'prospect_AddrL1'))": 0.00024755539051862855,
    "(('prospect_both_0_30_ac4_ev_source', 'AddressLine1'), ('prospect_both_0_30_ac4_ev_target', 'prospect_Em'))": 0.0001456664238892935,
    "(('prospect_both_0_30_ac4_ev_source', 'PostalCode'), ('prospect_both_0_30_ac4_ev_target', 'prospect_A'))": 0.00014419610670511897,
    "(('prospect_both_0_30_ac4_ev_source', 'FirstName'), ('prospect_both_0_30_ac4_ev_target', 'prospect_Coun'))": 0.00014222727919214906,
    "(('prospect_both_0_30_ac4_ev_source', 'NetWorth'), ('prospect_both_0_30_ac4_ev_target', 'prospect_NuCreCar'))": 0.00014040999719180006,
    "(('prospect_both_0_30_ac4_ev_source', 'LastName'), ('prospect_both_0_30_ac4_ev_target', 'prospect_Coun'))": 0.00013948946854512484,
    "(('prospect_both_0_30_ac4_ev_source', 'AgencyID'), ('prospect_both_0_30_ac4_ev_target', 'prospect_CrRat'))": 0.00012436264146250465,
    "(('prospect_both_0_30_ac4_ev_source', 'AddressLine2'), ('prospect_both_0_30_ac4_ev_target', 'prospect_AgeID'))": 9.502993442934525e-05
  },
  "metrics": {
    "precision": 0.625,
    "recall": 0.8333333333333334,
    "f1_score": 0.7142857142857143,
    "precision_at_10_percent": 1.0,
    "precision_at_20_percent": 0.5,
    "precision_at_30_percent": 0.3333333333333333,
    "precision_at_40_percent": 0.3333333333333333,
    "precision_at_50_percent": 0.2631578947368421,
    "precision_at_60_percent": 0.21739130434782608,
    "precision_at_70_percent": 0.19230769230769232,
    "precision_at_80_percent": 0.16666666666666666,
    "precision_at_90_percent": 0.14705882352941177,
    "recall_at_sizeof_ground_truth": 0.6666666666666666
  },
  "run_times": {
    "total_time": 353.35109347400066,
    "algorithm_time": 353.2520644039978
  }
}