{
  "name": "prospect_vertical_1_ac5_ev__JaccardLevenMatcher{'threshold_leven': 0.8, 'process_num': 4}",
  "matches": {
    "(('prospect_vertical_1_ac5_ev_source', 'AgencyID'), ('prospect_vertical_1_ac5_ev_target', 'prospect_gncd'))": 1.0,
    "(('prospect_vertical_1_ac5_ev_source', 'Gender'), ('prospect_vertical_1_ac5_ev_target', 'prospect_mrtlstts'))": 0.09803921568627451,
    "(('prospect_vertical_1_ac5_ev_source', 'MiddleInitial'), ('prospect_vertical_1_ac5_ev_target', 'prospect_mrtlstts'))": 0.09615384615384616,
    "(('prospect_vertical_1_ac5_ev_source', 'Gender'), ('prospect_vertical_1_ac5_ev_target', 'prospect_wnrrntflg'))": 0.058823529411764705,
    "(('prospect_vertical_1_ac5_ev_source', 'MiddleInitial'), ('prospect_vertical_1_ac5_ev_target', 'prospect_wnrrntflg'))": 0.057692307692307696,
    "(('prospect_vertical_1_ac5_ev_source', 'PostalCode'), ('prospect_vertical_1_ac5_ev_target', 'prospect_crdtrtng'))": 0.01948962422882782,
    "(('prospect_vertical_1_ac5_ev_source', 'PostalCode'), ('prospect_vertical_1_ac5_ev_target', 'prospect_ncm'))": 0.008753602305475503,
    "(('prospect_vertical_1_ac5_ev_source', 'State'), ('prospect_vertical_1_ac5_ev_target', 'prospect_mplr'))": 0.008563273073263558,
    "(('prospect_vertical_1_ac5_ev_source', 'City'), ('prospect_vertical_1_ac5_ev_target', 'prospect_mplr'))": 0.006334125098970704,
    "(('prospect_vertical_1_ac5_ev_source', 'LastName'), ('prospect_vertical_1_ac5_ev_target', 'prospect_mplr'))": 0.0020478689363880712,
    "(('prospect_vertical_1_ac5_ev_source', 'FirstName'), ('prospect_vertical_1_ac5_ev_target', 'prospect_mplr'))": 0.0018720547414627848,
    "(('prospect_vertical_1_ac5_ev_source', 'PostalCode'), ('prospect_vertical_1_ac5_ev_target', 'prospect_ntwrth'))": 0.0012804552729859505,
    "(('prospect_vertical_1_ac5_ev_source', 'PostalCode'), ('prospect_vertical_1_ac5_ev_target', 'prospect_g'))": 7.096728408203818e-05,
    "(('prospect_vertical_1_ac5_ev_source', 'PostalCode'), ('prospect_vertical_1_ac5_ev_target', 'prospect_mplr'))": 6.671559143371805e-05,
    "(('prospect_vertical_1_ac5_ev_source', 'FirstName'), ('prospect_vertical_1_ac5_ev_target', 'prospect_gncd'))": 3.3896007050369466e-05
  },
  "metrics": {
    "precision": 0.25,
    "recall": 1.0,
    "f1_score": 0.4,
    "precision_at_10_percent": 0.5,
    "precision_at_20_percent": 0.3333333333333333,
    "precision_at_30_percent": 0.2,
    "precision_at_40_percent": 0.16666666666666666,
    "precision_at_50_percent": 0.125,
    "precision_at_60_percent": 0.1111111111111111,
    "precision_at_70_percent": 0.09090909090909091,
    "precision_at_80_percent": 0.08333333333333333,
    "precision_at_90_percent": 0.07142857142857142,
    "recall_at_sizeof_ground_truth": 1.0
  },
  "run_times": {
    "total_time": 2356.9223767900003,
    "algorithm_time": 2356.4461821719997
  }
}