{
  "name": "prospect_vertical_1_ac1_av__JaccardLevenMatcher{'threshold_leven': 0.7, 'process_num': 4}",
  "matches": {
    "(('prospect_vertical_1_ac1_av_source', 'AgencyID'), ('prospect_vertical_1_ac1_av_target', 'prospect_AgencyID'))": 1.0,
    "(('prospect_vertical_1_ac1_av_source', 'Gender'), ('prospect_vertical_1_ac1_av_target', 'prospect_MaritalStatus'))": 0.09803921568627451,
    "(('prospect_vertical_1_ac1_av_source', 'MiddleInitial'), ('prospect_vertical_1_ac1_av_target', 'prospect_MaritalStatus'))": 0.09615384615384616,
    "(('prospect_vertical_1_ac1_av_source', 'PostalCode'), ('prospect_vertical_1_ac1_av_target', 'prospect_NetWorth'))": 0.06725556355916139,
    "(('prospect_vertical_1_ac1_av_source', 'Gender'), ('prospect_vertical_1_ac1_av_target', 'prospect_OwnOrRentFlag'))": 0.058823529411764705,
    "(('prospect_vertical_1_ac1_av_source', 'MiddleInitial'), ('prospect_vertical_1_ac1_av_target', 'prospect_OwnOrRentFlag'))": 0.057692307692307696,
    "(('prospect_vertical_1_ac1_av_source', 'PostalCode'), ('prospect_vertical_1_ac1_av_target', 'prospect_Income'))": 0.05219057638836702,
    "(('prospect_vertical_1_ac1_av_source', 'City'), ('prospect_vertical_1_ac1_av_target', 'prospect_Employer'))": 0.020883534136546186,
    "(('prospect_vertical_1_ac1_av_source', 'PostalCode'), ('prospect_vertical_1_ac1_av_target', 'prospect_CreditRating'))": 0.01948962422882782,
    "(('prospect_vertical_1_ac1_av_source', 'State'), ('prospect_vertical_1_ac1_av_target', 'prospect_Employer'))": 0.009523809523809525,
    "(('prospect_vertical_1_ac1_av_source', 'FirstName'), ('prospect_vertical_1_ac1_av_target', 'prospect_Employer'))": 0.00759592287216776,
    "(('prospect_vertical_1_ac1_av_source', 'LastName'), ('prospect_vertical_1_ac1_av_target', 'prospect_Employer'))": 0.007463646892291854,
    "(('prospect_vertical_1_ac1_av_source', 'PostalCode'), ('prospect_vertical_1_ac1_av_target', 'prospect_AgencyID'))": 0.004437510833766684,
    "(('prospect_vertical_1_ac1_av_source', 'AgencyID'), ('prospect_vertical_1_ac1_av_target', 'prospect_Income'))": 0.004260330435384988,
    "(('prospect_vertical_1_ac1_av_source', 'AgencyID'), ('prospect_vertical_1_ac1_av_target', 'prospect_NetWorth'))": 0.0026837324525185798,
    "(('prospect_vertical_1_ac1_av_source', 'AddressLine2'), ('prospect_vertical_1_ac1_av_target', 'prospect_AgencyID'))": 0.0008761798558285874,
    "(('prospect_vertical_1_ac1_av_source', 'PostalCode'), ('prospect_vertical_1_ac1_av_target', 'prospect_Employer'))": 0.0008011750567498998,
    "(('prospect_vertical_1_ac1_av_source', 'AgencyID'), ('prospect_vertical_1_ac1_av_target', 'prospect_CreditRating'))": 0.0003864236491273266,
    "(('prospect_vertical_1_ac1_av_source', 'AddressLine2'), ('prospect_vertical_1_ac1_av_target', 'prospect_Employer'))": 0.0003589375448671931,
    "(('prospect_vertical_1_ac1_av_source', 'FirstName'), ('prospect_vertical_1_ac1_av_target', 'prospect_AgencyID'))": 0.00030514680952058046,
    "(('prospect_vertical_1_ac1_av_source', 'AddressLine1'), ('prospect_vertical_1_ac1_av_target', 'prospect_Employer'))": 0.00021513087128002868,
    "(('prospect_vertical_1_ac1_av_source', 'LastName'), ('prospect_vertical_1_ac1_av_target', 'prospect_AgencyID'))": 0.00016871372654879202,
    "(('prospect_vertical_1_ac1_av_source', 'PostalCode'), ('prospect_vertical_1_ac1_av_target', 'prospect_Age'))": 7.096728408203818e-05
  },
  "metrics": {
    "precision": 0.2,
    "recall": 1.0,
    "f1_score": 0.33333333333333337,
    "precision_at_10_percent": 0.3333333333333333,
    "precision_at_20_percent": 0.2,
    "precision_at_30_percent": 0.14285714285714285,
    "precision_at_40_percent": 0.1,
    "precision_at_50_percent": 0.08333333333333333,
    "precision_at_60_percent": 0.07142857142857142,
    "precision_at_70_percent": 0.058823529411764705,
    "precision_at_80_percent": 0.05263157894736842,
    "precision_at_90_percent": 0.047619047619047616,
    "recall_at_sizeof_ground_truth": 1.0
  },
  "run_times": {
    "total_time": 3389.7276518650033,
    "algorithm_time": 3389.392514662002
  }
}