{
  "name": "prospect_both_0_30_ac2_av__JaccardLevenMatcher{'threshold_leven': 0.7, 'process_num': 4}",
  "matches": {
    "(('prospect_both_0_30_ac2_av_source', 'MiddleInitial'), ('prospect_both_0_30_ac2_av_target', 'MidInit'))": 1.0,
    "(('prospect_both_0_30_ac2_av_source', 'Gender'), ('prospect_both_0_30_ac2_av_target', 'MidInit'))": 0.8301886792452831,
    "(('prospect_both_0_30_ac2_av_source', 'Age'), ('prospect_both_0_30_ac2_av_target', 'Ag'))": 0.49029126213592233,
    "(('prospect_both_0_30_ac2_av_source', 'Age'), ('prospect_both_0_30_ac2_av_target', 'CreRa'))": 0.3738656987295826,
    "(('prospect_both_0_30_ac2_av_source', 'Employer'), ('prospect_both_0_30_ac2_av_target', 'Empl'))": 0.14911224796870298,
    "(('prospect_both_0_30_ac2_av_source', 'Gender'), ('prospect_both_0_30_ac2_av_target', 'MaSt'))": 0.1111111111111111,
    "(('prospect_both_0_30_ac2_av_source', 'PostalCode'), ('prospect_both_0_30_ac2_av_target', 'NWo'))": 0.10742747848262671,
    "(('prospect_both_0_30_ac2_av_source', 'MiddleInitial'), ('prospect_both_0_30_ac2_av_target', 'MaSt'))": 0.09615384615384616,
    "(('prospect_both_0_30_ac2_av_source', 'PostalCode'), ('prospect_both_0_30_ac2_av_target', 'In'))": 0.07744238379762551,
    "(('prospect_both_0_30_ac2_av_source', 'Gender'), ('prospect_both_0_30_ac2_av_target', 'OOReFl'))": 0.06666666666666667,
    "(('prospect_both_0_30_ac2_av_source', 'MiddleInitial'), ('prospect_both_0_30_ac2_av_target', 'OOReFl'))": 0.057692307692307696,
    "(('prospect_both_0_30_ac2_av_source', 'Age'), ('prospect_both_0_30_ac2_av_target', 'NuCreCar'))": 0.05339805825242718,
    "(('prospect_both_0_30_ac2_av_source', 'AgencyID'), ('prospect_both_0_30_ac2_av_target', 'AgID'))": 0.04128440366972477,
    "(('prospect_both_0_30_ac2_av_source', 'PostalCode'), ('prospect_both_0_30_ac2_av_target', 'CreRa'))": 0.03911086100168824,
    "(('prospect_both_0_30_ac2_av_source', 'Age'), ('prospect_both_0_30_ac2_av_target', 'In'))": 0.02921985815602837,
    "(('prospect_both_0_30_ac2_av_source', 'Age'), ('prospect_both_0_30_ac2_av_target', 'NuC'))": 0.02912621359223301,
    "(('prospect_both_0_30_ac2_av_source', 'Age'), ('prospect_both_0_30_ac2_av_target', 'NuChil'))": 0.02912621359223301,
    "(('prospect_both_0_30_ac2_av_source', 'Age'), ('prospect_both_0_30_ac2_av_target', 'NWo'))": 0.0277188516475746,
    "(('prospect_both_0_30_ac2_av_source', 'City'), ('prospect_both_0_30_ac2_av_target', 'Empl'))": 0.020883534136546186,
    "(('prospect_both_0_30_ac2_av_source', 'FirstName'), ('prospect_both_0_30_ac2_av_target', 'Empl'))": 0.014531210513014911,
    "(('prospect_both_0_30_ac2_av_source', 'State'), ('prospect_both_0_30_ac2_av_target', 'Empl'))": 0.009523809523809525,
    "(('prospect_both_0_30_ac2_av_source', 'LastName'), ('prospect_both_0_30_ac2_av_target', 'Empl'))": 0.009077878643096034,
    "(('prospect_both_0_30_ac2_av_source', 'PostalCode'), ('prospect_both_0_30_ac2_av_target', 'AgID'))": 0.007950467881516921,
    "(('prospect_both_0_30_ac2_av_source', 'FirstName'), ('prospect_both_0_30_ac2_av_target', 'LaN'))": 0.0033858485351022666,
    "(('prospect_both_0_30_ac2_av_source', 'LastName'), ('prospect_both_0_30_ac2_av_target', 'LaN'))": 0.0025499932894913436,
    "(('prospect_both_0_30_ac2_av_source', 'AgencyID'), ('prospect_both_0_30_ac2_av_target', 'In'))": 0.0016532341392849763,
    "(('prospect_both_0_30_ac2_av_source', 'Employer'), ('prospect_both_0_30_ac2_av_target', 'LaN'))": 0.001559509463386971,
    "(('prospect_both_0_30_ac2_av_source', 'PostalCode'), ('prospect_both_0_30_ac2_av_target', 'LaN'))": 0.001398014818957081,
    "(('prospect_both_0_30_ac2_av_source', 'Country'), ('prospect_both_0_30_ac2_av_target', 'Empl'))": 0.0005779511631267157,
    "(('prospect_both_0_30_ac2_av_source', 'AgencyID'), ('prospect_both_0_30_ac2_av_target', 'NWo'))": 0.00041248453183005636,
    "(('prospect_both_0_30_ac2_av_source', 'PostalCode'), ('prospect_both_0_30_ac2_av_target', 'Empl'))": 0.0003830928361639637,
    "(('prospect_both_0_30_ac2_av_source', 'AgencyID'), ('prospect_both_0_30_ac2_av_target', 'CreRa'))": 0.0003731807438736161,
    "(('prospect_both_0_30_ac2_av_source', 'Country'), ('prospect_both_0_30_ac2_av_target', 'Coun'))": 0.0003374957813027337,
    "(('prospect_both_0_30_ac2_av_source', 'AddressLine2'), ('prospect_both_0_30_ac2_av_target', 'Empl'))": 0.00024807740014884643,
    "(('prospect_both_0_30_ac2_av_source', 'AddressLine1'), ('prospect_both_0_30_ac2_av_target', 'LaN'))": 0.00022463496817671285,
    "(('prospect_both_0_30_ac2_av_source', 'AddressLine2'), ('prospect_both_0_30_ac2_av_target', 'LaN'))": 0.00019007793195210037,
    "(('prospect_both_0_30_ac2_av_source', 'AddressLine1'), ('prospect_both_0_30_ac2_av_target', 'Empl'))": 0.0001456664238892935,
    "(('prospect_both_0_30_ac2_av_source', 'PostalCode'), ('prospect_both_0_30_ac2_av_target', 'Ag'))": 0.00014419610670511897,
    "(('prospect_both_0_30_ac2_av_source', 'FirstName'), ('prospect_both_0_30_ac2_av_target', 'Coun'))": 0.00014222727919214906,
    "(('prospect_both_0_30_ac2_av_source', 'LastName'), ('prospect_both_0_30_ac2_av_target', 'Coun'))": 0.00013422818791946307,
    "(('prospect_both_0_30_ac2_av_source', 'AgencyID'), ('prospect_both_0_30_ac2_av_target', 'Empl'))": 0.00011779950524207798,
    "(('prospect_both_0_30_ac2_av_source', 'AddressLine2'), ('prospect_both_0_30_ac2_av_target', 'AgID'))": 9.502993442934525e-05
  },
  "metrics": {
    "precision": 0.625,
    "recall": 0.8333333333333334,
    "f1_score": 0.7142857142857143,
    "precision_at_10_percent": 0.6,
    "precision_at_20_percent": 0.3333333333333333,
    "precision_at_30_percent": 0.3076923076923077,
    "precision_at_40_percent": 0.23529411764705882,
    "precision_at_50_percent": 0.19047619047619047,
    "precision_at_60_percent": 0.19230769230769232,
    "precision_at_70_percent": 0.16666666666666666,
    "precision_at_80_percent": 0.17647058823529413,
    "precision_at_90_percent": 0.15789473684210525,
    "recall_at_sizeof_ground_truth": 0.5
  },
  "run_times": {
    "total_time": 1187.7582996350002,
    "algorithm_time": 1187.2039500090004
  }
}