{
  "name": "prospect_vertical_1_ac5_ev__JaccardLevenMatcher{'threshold_leven': 0.6, 'process_num': 4}",
  "matches": {
    "(('prospect_vertical_1_ac5_ev_source', 'AgencyID'), ('prospect_vertical_1_ac5_ev_target', 'prospect_gncd'))": 1.0,
    "(('prospect_vertical_1_ac5_ev_source', 'AgencyID'), ('prospect_vertical_1_ac5_ev_target', 'prospect_ncm'))": 0.16390349644735258,
    "(('prospect_vertical_1_ac5_ev_source', 'City'), ('prospect_vertical_1_ac5_ev_target', 'prospect_mplr'))": 0.10810810810810811,
    "(('prospect_vertical_1_ac5_ev_source', 'PostalCode'), ('prospect_vertical_1_ac5_ev_target', 'prospect_gncd'))": 0.10348110907982937,
    "(('prospect_vertical_1_ac5_ev_source', 'PostalCode'), ('prospect_vertical_1_ac5_ev_target', 'prospect_ncm'))": 0.09962302678080578,
    "(('prospect_vertical_1_ac5_ev_source', 'PostalCode'), ('prospect_vertical_1_ac5_ev_target', 'prospect_ntwrth'))": 0.09904739595533693,
    "(('prospect_vertical_1_ac5_ev_source', 'Gender'), ('prospect_vertical_1_ac5_ev_target', 'prospect_mrtlstts'))": 0.09803921568627451,
    "(('prospect_vertical_1_ac5_ev_source', 'MiddleInitial'), ('prospect_vertical_1_ac5_ev_target', 'prospect_mrtlstts'))": 0.09615384615384616,
    "(('prospect_vertical_1_ac5_ev_source', 'State'), ('prospect_vertical_1_ac5_ev_target', 'prospect_mrtlstts'))": 0.08196721311475409,
    "(('prospect_vertical_1_ac5_ev_source', 'Gender'), ('prospect_vertical_1_ac5_ev_target', 'prospect_wnrrntflg'))": 0.058823529411764705,
    "(('prospect_vertical_1_ac5_ev_source', 'MiddleInitial'), ('prospect_vertical_1_ac5_ev_target', 'prospect_wnrrntflg'))": 0.057692307692307696,
    "(('prospect_vertical_1_ac5_ev_source', 'State'), ('prospect_vertical_1_ac5_ev_target', 'prospect_wnrrntflg'))": 0.04918032786885246,
    "(('prospect_vertical_1_ac5_ev_source', 'PostalCode'), ('prospect_vertical_1_ac5_ev_target', 'prospect_crdtrtng'))": 0.03938246015295547,
    "(('prospect_vertical_1_ac5_ev_source', 'AgencyID'), ('prospect_vertical_1_ac5_ev_target', 'prospect_crdtrtng'))": 0.036777466292884795,
    "(('prospect_vertical_1_ac5_ev_source', 'AgencyID'), ('prospect_vertical_1_ac5_ev_target', 'prospect_ntwrth'))": 0.024791644688258254,
    "(('prospect_vertical_1_ac5_ev_source', 'LastName'), ('prospect_vertical_1_ac5_ev_target', 'prospect_mplr'))": 0.022797047488405515,
    "(('prospect_vertical_1_ac5_ev_source', 'FirstName'), ('prospect_vertical_1_ac5_ev_target', 'prospect_mplr'))": 0.02064974352229383,
    "(('prospect_vertical_1_ac5_ev_source', 'State'), ('prospect_vertical_1_ac5_ev_target', 'prospect_mplr'))": 0.01532567049808429,
    "(('prospect_vertical_1_ac5_ev_source', 'FirstName'), ('prospect_vertical_1_ac5_ev_target', 'prospect_gncd'))": 0.013361269492340455,
    "(('prospect_vertical_1_ac5_ev_source', 'LastName'), ('prospect_vertical_1_ac5_ev_target', 'prospect_gncd'))": 0.010396782110717208,
    "(('prospect_vertical_1_ac5_ev_source', 'PostalCode'), ('prospect_vertical_1_ac5_ev_target', 'prospect_mplr'))": 0.009835623821072488,
    "(('prospect_vertical_1_ac5_ev_source', 'AddressLine2'), ('prospect_vertical_1_ac5_ev_target', 'prospect_gncd'))": 0.006810624574335964,
    "(('prospect_vertical_1_ac5_ev_source', 'PostalCode'), ('prospect_vertical_1_ac5_ev_target', 'prospect_g'))": 0.0064995357474466105,
    "(('prospect_vertical_1_ac5_ev_source', 'AgencyID'), ('prospect_vertical_1_ac5_ev_target', 'prospect_g'))": 0.006069903948772679,
    "(('prospect_vertical_1_ac5_ev_source', 'Gender'), ('prospect_vertical_1_ac5_ev_target', 'prospect_mplr'))": 0.004784688995215311,
    "(('prospect_vertical_1_ac5_ev_source', 'MiddleInitial'), ('prospect_vertical_1_ac5_ev_target', 'prospect_mplr'))": 0.004780114722753346,
    "(('prospect_vertical_1_ac5_ev_source', 'AddressLine1'), ('prospect_vertical_1_ac5_ev_target', 'prospect_mplr'))": 0.003597639948193985,
    "(('prospect_vertical_1_ac5_ev_source', 'AddressLine2'), ('prospect_vertical_1_ac5_ev_target', 'prospect_mplr'))": 0.0034203420342034203,
    "(('prospect_vertical_1_ac5_ev_source', 'AgencyID'), ('prospect_vertical_1_ac5_ev_target', 'prospect_mplr'))": 0.0010021922956467272,
    "(('prospect_vertical_1_ac5_ev_source', 'Country'), ('prospect_vertical_1_ac5_ev_target', 'prospect_mplr'))": 0.001,
    "(('prospect_vertical_1_ac5_ev_source', 'City'), ('prospect_vertical_1_ac5_ev_target', 'prospect_gncd'))": 0.0004591067095166262,
    "(('prospect_vertical_1_ac5_ev_source', 'LastName'), ('prospect_vertical_1_ac5_ev_target', 'prospect_mrtlstts'))": 0.00027285129604365623,
    "(('prospect_vertical_1_ac5_ev_source', 'FirstName'), ('prospect_vertical_1_ac5_ev_target', 'prospect_mrtlstts'))": 0.0002065688907250568,
    "(('prospect_vertical_1_ac5_ev_source', 'FirstName'), ('prospect_vertical_1_ac5_ev_target', 'prospect_wnrrntflg'))": 0.0001377220768489189,
    "(('prospect_vertical_1_ac5_ev_source', 'LastName'), ('prospect_vertical_1_ac5_ev_target', 'prospect_wnrrntflg'))": 0.00013642564802182812,
    "(('prospect_vertical_1_ac5_ev_source', 'AddressLine1'), ('prospect_vertical_1_ac5_ev_target', 'prospect_gncd'))": 7.161015431988256e-05,
    "(('prospect_vertical_1_ac5_ev_source', 'PostalCode'), ('prospect_vertical_1_ac5_ev_target', 'prospect_nmbrcrdtcrds'))": 7.142346975216056e-05,
    "(('prospect_vertical_1_ac5_ev_source', 'AgencyID'), ('prospect_vertical_1_ac5_ev_target', 'prospect_nmbrcrdtcrds'))": 6.670224119530417e-05
  },
  "metrics": {
    "precision": 0.3333333333333333,
    "recall": 1.0,
    "f1_score": 0.5,
    "precision_at_10_percent": 0.25,
    "precision_at_20_percent": 0.125,
    "precision_at_30_percent": 0.08333333333333333,
    "precision_at_40_percent": 0.0625,
    "precision_at_50_percent": 0.05263157894736842,
    "precision_at_60_percent": 0.043478260869565216,
    "precision_at_70_percent": 0.037037037037037035,
    "precision_at_80_percent": 0.03225806451612903,
    "precision_at_90_percent": 0.02857142857142857,
    "recall_at_sizeof_ground_truth": 1.0
  },
  "run_times": {
    "total_time": 2280.560501687003,
    "algorithm_time": 2279.3271551370017
  }
}