{
  "name": "Musicians_unionable__DiscreteQualityMatcher{'process_num': 4}",
  "matches": {
    "(('musicians_unionable_source', 'musician'), ('musicians_unionable_target', 'musicianID'))": 1,
    "(('musicians_unionable_source', 'birthDate'), ('musicians_unionable_target', 'birthDate'))": 1,
    "(('musicians_unionable_source', 'cityLabel'), ('musicians_unionable_target', 'city'))": 1.0,
    "(('musicians_unionable_source', 'familyNameLabel'), ('musicians_unionable_target', 'familyName'))": 1,
    "(('musicians_unionable_source', 'givenNameLabel'), ('musicians_unionable_target', 'forename'))": 1,
    "(('musicians_unionable_source', 'numberOfChildren'), ('musicians_unionable_target', 'NChildren'))": 1,
    "(('musicians_unionable_source', 'websiteLabel'), ('musicians_unionable_target', 'webpage'))": 1,
    "(('musicians_unionable_source', 'residenceLabel'), ('musicians_unionable_target', 'residence'))": 1,
    "(('musicians_unionable_source', 'ethnicityLabel'), ('musicians_unionable_target', 'ethnicity'))": 1,
    "(('musicians_unionable_source', 'religionLabel'), ('musicians_unionable_target', 'religionLabel'))": 1,
    "(('musicians_unionable_source', 'activityStart'), ('musicians_unionable_target', 'kickoff'))": 1,
    "(('musicians_unionable_source', 'twitterNameLabel'), ('musicians_unionable_target', 'twitterUsername'))": 1,
    "(('musicians_unionable_source', 'geniusNameLabel'), ('musicians_unionable_target', 'geniusNameLabel'))": 1,
    "(('musicians_unionable_source', 'recordLabelLabel'), ('musicians_unionable_target', 'recordCompany'))": 1,
    "(('musicians_unionable_source', 'fatherLabel'), ('musicians_unionable_target', 'fatherName'))": 0.75,
    "(('musicians_unionable_source', 'motherLabel'), ('musicians_unionable_target', 'motherName'))": 0.75,
    "(('musicians_unionable_source', 'partner'), ('musicians_unionable_target', 'spouse'))": 0.75,
    "(('musicians_unionable_source', 'genreLabel'), ('musicians_unionable_target', 'kind'))": 0.5
  },
  "metrics": {
    "precision": 0.9444444444444444,
    "recall": 0.85,
    "f1_score": 0.8947368421052632,
    "precision_at_10_percent": 1.0,
    "precision_at_20_percent": 1.0,
    "precision_at_30_percent": 0.8333333333333334,
    "precision_at_40_percent": 0.875,
    "precision_at_50_percent": 0.8888888888888888,
    "precision_at_60_percent": 0.9090909090909091,
    "precision_at_70_percent": 0.9230769230769231,
    "precision_at_80_percent": 0.9333333333333333,
    "precision_at_90_percent": 0.9411764705882353,
    "recall_at_sizeof_ground_truth": 0.85
  },
  "run_times": {
    "total_time": 7.986140257999978,
    "algorithm_time": 0.3224863240002378
  }
}