{
  "name": "Musicians_viewunion__DiscreteQualityMatcher{'process_num': 4}",
  "matches": {
    "(('musicians_viewunion_source', 'givenNameLabel'), ('musicians_viewunion_target', 'forename'))": 0.75,
    "(('musicians_viewunion_source', 'numberOfChildren'), ('musicians_viewunion_target', 'NChildren'))": 0.75,
    "(('musicians_viewunion_source', 'familyNameLabel'), ('musicians_viewunion_target', 'familyName'))": 0.5
  },
  "metrics": {
    "precision": 0.6666666666666666,
    "recall": 0.3333333333333333,
    "f1_score": 0.4444444444444444,
    "precision_at_10_percent": 0.0,
    "precision_at_20_percent": 0.0,
    "precision_at_30_percent": 0.0,
    "precision_at_40_percent": 0.5,
    "precision_at_50_percent": 0.5,
    "precision_at_60_percent": 0.5,
    "precision_at_70_percent": 0.6666666666666666,
    "precision_at_80_percent": 0.6666666666666666,
    "precision_at_90_percent": 0.6666666666666666,
    "recall_at_sizeof_ground_truth": 0.3333333333333333
  },
  "run_times": {
    "total_time": 2.7014134000000922,
    "algorithm_time": 0.06437809699991703
  }
}