{
  "name": "prospect_both_50_50_ac4_ev__DiscreteQualityMatcher{'process_num': 4}",
  "matches": {
    "(('prospect_both_50_50_ac4_ev_source', 'NumberCreditCards'), ('prospect_both_50_50_ac4_ev_target', 'prospect_NuCrCa'))": 1,
    "(('prospect_both_50_50_ac4_ev_source', 'CreditRating'), ('prospect_both_50_50_ac4_ev_target', 'prospect_CreRat'))": 1,
    "(('prospect_both_50_50_ac4_ev_source', 'Age'), ('prospect_both_50_50_ac4_ev_target', 'prospect_A'))": 1,
    "(('prospect_both_50_50_ac4_ev_source', 'MiddleInitial'), ('prospect_both_50_50_ac4_ev_target', 'prospect_MidIni'))": 1,
    "(('prospect_both_50_50_ac4_ev_source', 'State'), ('prospect_both_50_50_ac4_ev_target', 'prospect_St'))": 1,
    "(('prospect_both_50_50_ac4_ev_source', 'NumberChildren'), ('prospect_both_50_50_ac4_ev_target', 'prospect_NuCrCa'))": 1.0,
    "(('prospect_both_50_50_ac4_ev_source', 'NumberChildren'), ('prospect_both_50_50_ac4_ev_target', 'prospect_NuChi'))": 1,
    "(('prospect_both_50_50_ac4_ev_source', 'NumberChildren'), ('prospect_both_50_50_ac4_ev_target', 'prospect_NumC'))": 1,
    "(('prospect_both_50_50_ac4_ev_source', 'Gender'), ('prospect_both_50_50_ac4_ev_target', 'prospect_MidIni'))": 1.0,
    "(('prospect_both_50_50_ac4_ev_source', 'NumberCreditCards'), ('prospect_both_50_50_ac4_ev_target', 'prospect_NuChi'))": 0.75,
    "(('prospect_both_50_50_ac4_ev_source', 'NumberCreditCards'), ('prospect_both_50_50_ac4_ev_target', 'prospect_NumC'))": 0.75,
    "(('prospect_both_50_50_ac4_ev_source', 'Phone'), ('prospect_both_50_50_ac4_ev_target', 'prospect_Pho'))": 0.75,
    "(('prospect_both_50_50_ac4_ev_source', 'AgencyID'), ('prospect_both_50_50_ac4_ev_target', 'prospect_AgeID'))": 0.5,
    "(('prospect_both_50_50_ac4_ev_source', 'AddressLine1'), ('prospect_both_50_50_ac4_ev_target', 'prospect_AddrL1'))": 0.5,
    "(('prospect_both_50_50_ac4_ev_source', 'PostalCode'), ('prospect_both_50_50_ac4_ev_target', 'prospect_PosCo'))": 0.5
  },
  "metrics": {
    "precision": 1.0,
    "recall": 0.9090909090909091,
    "f1_score": 0.9523809523809523,
    "precision_at_10_percent": 1.0,
    "precision_at_20_percent": 1.0,
    "precision_at_30_percent": 1.0,
    "precision_at_40_percent": 0.8333333333333334,
    "precision_at_50_percent": 0.75,
    "precision_at_60_percent": 0.6666666666666666,
    "precision_at_70_percent": 0.5454545454545454,
    "precision_at_80_percent": 0.5833333333333334,
    "precision_at_90_percent": 0.6428571428571429,
    "recall_at_sizeof_ground_truth": 0.5454545454545454
  },
  "run_times": {
    "total_time": 0.6164329090001957,
    "algorithm_time": 0.48580249300039213
  }
}