{
  "name": "prospect_both_50_50_ac1_av__DiscreteQualityMatcher{'process_num': 4}",
  "matches": {
    "(('prospect_both_50_50_ac1_av_source', 'MaritalStatus'), ('prospect_both_50_50_ac1_av_target', 'prospect_MaritalStatus'))": 1,
    "(('prospect_both_50_50_ac1_av_source', 'NumberCars'), ('prospect_both_50_50_ac1_av_target', 'prospect_NumberCars'))": 1,
    "(('prospect_both_50_50_ac1_av_source', 'NumberCars'), ('prospect_both_50_50_ac1_av_target', 'prospect_NumberChildren'))": 1,
    "(('prospect_both_50_50_ac1_av_source', 'NumberCars'), ('prospect_both_50_50_ac1_av_target', 'prospect_NumberCreditCards'))": 1.0,
    "(('prospect_both_50_50_ac1_av_source', 'Age'), ('prospect_both_50_50_ac1_av_target', 'prospect_Age'))": 1.0,
    "(('prospect_both_50_50_ac1_av_source', 'CreditRating'), ('prospect_both_50_50_ac1_av_target', 'prospect_CreditRating'))": 0.75
  },
  "metrics": {
    "precision": 1.0,
    "recall": 0.2727272727272727,
    "f1_score": 0.42857142857142855,
    "precision_at_10_percent": 1.0,
    "precision_at_20_percent": 1.0,
    "precision_at_30_percent": 1.0,
    "precision_at_40_percent": 0.6666666666666666,
    "precision_at_50_percent": 0.6666666666666666,
    "precision_at_60_percent": 0.5,
    "precision_at_70_percent": 0.6,
    "precision_at_80_percent": 0.6,
    "precision_at_90_percent": 0.6666666666666666,
    "recall_at_sizeof_ground_truth": 0.36363636363636365
  },
  "run_times": {
    "total_time": 0.7608024359997216,
    "algorithm_time": 0.6079601439996623
  }
}