{
  "name": "prospect_horizontal_100_ac3_ev__DiscreteQualityMatcher{'process_num': 4}",
  "matches": {
    "(('prospect_horizontal_100_ac3_ev_source', 'MiddleInitial'), ('prospect_horizontal_100_ac3_ev_target', 'mddlntl'))": 1,
    "(('prospect_horizontal_100_ac3_ev_source', 'MiddleInitial'), ('prospect_horizontal_100_ac3_ev_target', 'gndr'))": 1.0,
    "(('prospect_horizontal_100_ac3_ev_source', 'Gender'), ('prospect_horizontal_100_ac3_ev_target', 'mddlntl'))": 1.0,
    "(('prospect_horizontal_100_ac3_ev_source', 'Gender'), ('prospect_horizontal_100_ac3_ev_target', 'gndr'))": 1.0,
    "(('prospect_horizontal_100_ac3_ev_source', 'City'), ('prospect_horizontal_100_ac3_ev_target', 'ct'))": 1,
    "(('prospect_horizontal_100_ac3_ev_source', 'State'), ('prospect_horizontal_100_ac3_ev_target', 'stt'))": 1,
    "(('prospect_horizontal_100_ac3_ev_source', 'Country'), ('prospect_horizontal_100_ac3_ev_target', 'cntr'))": 1,
    "(('prospect_horizontal_100_ac3_ev_source', 'NumberCars'), ('prospect_horizontal_100_ac3_ev_target', 'nmbrcrs'))": 1,
    "(('prospect_horizontal_100_ac3_ev_source', 'NumberCars'), ('prospect_horizontal_100_ac3_ev_target', 'nmbrchldrn'))": 1,
    "(('prospect_horizontal_100_ac3_ev_source', 'NumberCars'), ('prospect_horizontal_100_ac3_ev_target', 'nmbrcrdtcrds'))": 1.0,
    "(('prospect_horizontal_100_ac3_ev_source', 'NumberChildren'), ('prospect_horizontal_100_ac3_ev_target', 'nmbrcrs'))": 1,
    "(('prospect_horizontal_100_ac3_ev_source', 'NumberChildren'), ('prospect_horizontal_100_ac3_ev_target', 'nmbrchldrn'))": 1,
    "(('prospect_horizontal_100_ac3_ev_source', 'NumberChildren'), ('prospect_horizontal_100_ac3_ev_target', 'nmbrcrdtcrds'))": 1.0,
    "(('prospect_horizontal_100_ac3_ev_source', 'MaritalStatus'), ('prospect_horizontal_100_ac3_ev_target', 'mrtlstts'))": 1,
    "(('prospect_horizontal_100_ac3_ev_source', 'Age'), ('prospect_horizontal_100_ac3_ev_target', 'g'))": 1,
    "(('prospect_horizontal_100_ac3_ev_source', 'CreditRating'), ('prospect_horizontal_100_ac3_ev_target', 'crdtrtng'))": 1,
    "(('prospect_horizontal_100_ac3_ev_source', 'OwnOrRentFlag'), ('prospect_horizontal_100_ac3_ev_target', 'wnrrntflg'))": 1,
    "(('prospect_horizontal_100_ac3_ev_source', 'Employer'), ('prospect_horizontal_100_ac3_ev_target', 'mplr'))": 1,
    "(('prospect_horizontal_100_ac3_ev_source', 'NumberCreditCards'), ('prospect_horizontal_100_ac3_ev_target', 'nmbrcrdtcrds'))": 1,
    "(('prospect_horizontal_100_ac3_ev_source', 'AgencyID'), ('prospect_horizontal_100_ac3_ev_target', 'gncd'))": 0.75,
    "(('prospect_horizontal_100_ac3_ev_source', 'LastName'), ('prospect_horizontal_100_ac3_ev_target', 'lstnm'))": 0.75,
    "(('prospect_horizontal_100_ac3_ev_source', 'FirstName'), ('prospect_horizontal_100_ac3_ev_target', 'frstnm'))": 0.75,
    "(('prospect_horizontal_100_ac3_ev_source', 'AddressLine1'), ('prospect_horizontal_100_ac3_ev_target', 'ddrssln1'))": 0.75,
    "(('prospect_horizontal_100_ac3_ev_source', 'AddressLine2'), ('prospect_horizontal_100_ac3_ev_target', 'ddrssln2'))": 0.75,
    "(('prospect_horizontal_100_ac3_ev_source', 'PostalCode'), ('prospect_horizontal_100_ac3_ev_target', 'pstlcd'))": 0.75,
    "(('prospect_horizontal_100_ac3_ev_source', 'Phone'), ('prospect_horizontal_100_ac3_ev_target', 'phn'))": 0.75,
    "(('prospect_horizontal_100_ac3_ev_source', 'Income'), ('prospect_horizontal_100_ac3_ev_target', 'ncm'))": 0.75,
    "(('prospect_horizontal_100_ac3_ev_source', 'NumberCreditCards'), ('prospect_horizontal_100_ac3_ev_target', 'nmbrcrs'))": 0.75,
    "(('prospect_horizontal_100_ac3_ev_source', 'NumberCreditCards'), ('prospect_horizontal_100_ac3_ev_target', 'nmbrchldrn'))": 0.75,
    "(('prospect_horizontal_100_ac3_ev_source', 'MaritalStatus'), ('prospect_horizontal_100_ac3_ev_target', 'gndr'))": 0.5,
    "(('prospect_horizontal_100_ac3_ev_source', 'OwnOrRentFlag'), ('prospect_horizontal_100_ac3_ev_target', 'mrtlstts'))": 0.5,
    "(('prospect_horizontal_100_ac3_ev_source', 'NetWorth'), ('prospect_horizontal_100_ac3_ev_target', 'ntwrth'))": 0.5
  },
  "metrics": {
    "precision": 1.0,
    "recall": 1.0,
    "f1_score": 1.0,
    "precision_at_10_percent": 0.5,
    "precision_at_20_percent": 0.7142857142857143,
    "precision_at_30_percent": 0.6,
    "precision_at_40_percent": 0.5384615384615384,
    "precision_at_50_percent": 0.625,
    "precision_at_60_percent": 0.7,
    "precision_at_70_percent": 0.7391304347826086,
    "precision_at_80_percent": 0.7692307692307693,
    "precision_at_90_percent": 0.7241379310344828,
    "recall_at_sizeof_ground_truth": 0.7272727272727273
  },
  "run_times": {
    "total_time": 1.5921986849998575,
    "algorithm_time": 1.3699976230000175
  }
}