{
  "name": "prospect_both_50_70_ac4_ev__DiscreteQualityMatcher{'process_num': 4}",
  "matches": {
    "(('prospect_both_50_70_ac4_ev_source', 'MaritalStatus'), ('prospect_both_50_70_ac4_ev_target', 'prospect_MaSta'))": 1,
    "(('prospect_both_50_70_ac4_ev_source', 'NumberChildren'), ('prospect_both_50_70_ac4_ev_target', 'prospect_NumChil'))": 1,
    "(('prospect_both_50_70_ac4_ev_source', 'NumberChildren'), ('prospect_both_50_70_ac4_ev_target', 'prospect_NumC'))": 1,
    "(('prospect_both_50_70_ac4_ev_source', 'NumberChildren'), ('prospect_both_50_70_ac4_ev_target', 'prospect_NumCrCa'))": 1.0,
    "(('prospect_both_50_70_ac4_ev_source', 'State'), ('prospect_both_50_70_ac4_ev_target', 'prospect_Sta'))": 1,
    "(('prospect_both_50_70_ac4_ev_source', 'Gender'), ('prospect_both_50_70_ac4_ev_target', 'prospect_Ge'))": 1.0,
    "(('prospect_both_50_70_ac4_ev_source', 'Gender'), ('prospect_both_50_70_ac4_ev_target', 'prospect_MiInit'))": 1.0,
    "(('prospect_both_50_70_ac4_ev_source', 'CreditRating'), ('prospect_both_50_70_ac4_ev_target', 'prospect_CreRa'))": 1,
    "(('prospect_both_50_70_ac4_ev_source', 'Employer'), ('prospect_both_50_70_ac4_ev_target', 'prospect_Emp'))": 1,
    "(('prospect_both_50_70_ac4_ev_source', 'City'), ('prospect_both_50_70_ac4_ev_target', 'prospect_Ci'))": 1,
    "(('prospect_both_50_70_ac4_ev_source', 'MiddleInitial'), ('prospect_both_50_70_ac4_ev_target', 'prospect_Ge'))": 1.0,
    "(('prospect_both_50_70_ac4_ev_source', 'MiddleInitial'), ('prospect_both_50_70_ac4_ev_target', 'prospect_MiInit'))": 1,
    "(('prospect_both_50_70_ac4_ev_source', 'Age'), ('prospect_both_50_70_ac4_ev_target', 'prospect_Ag'))": 1,
    "(('prospect_both_50_70_ac4_ev_source', 'Phone'), ('prospect_both_50_70_ac4_ev_target', 'prospect_Ph'))": 0.75,
    "(('prospect_both_50_70_ac4_ev_source', 'Income'), ('prospect_both_50_70_ac4_ev_target', 'prospect_In'))": 0.75,
    "(('prospect_both_50_70_ac4_ev_source', 'AgencyID'), ('prospect_both_50_70_ac4_ev_target', 'prospect_AgeID'))": 0.5,
    "(('prospect_both_50_70_ac4_ev_source', 'NetWorth'), ('prospect_both_50_70_ac4_ev_target', 'prospect_NeWo'))": 0.5,
    "(('prospect_both_50_70_ac4_ev_source', 'FirstName'), ('prospect_both_50_70_ac4_ev_target', 'prospect_FiNa'))": 0.5,
    "(('prospect_both_50_70_ac4_ev_source', 'PostalCode'), ('prospect_both_50_70_ac4_ev_target', 'prospect_PosCo'))": 0.5
  },
  "metrics": {
    "precision": 1.0,
    "recall": 1.0,
    "f1_score": 1.0,
    "precision_at_10_percent": 1.0,
    "precision_at_20_percent": 0.5,
    "precision_at_30_percent": 0.6666666666666666,
    "precision_at_40_percent": 0.625,
    "precision_at_50_percent": 0.7,
    "precision_at_60_percent": 0.6666666666666666,
    "precision_at_70_percent": 0.7142857142857143,
    "precision_at_80_percent": 0.75,
    "precision_at_90_percent": 0.7777777777777778,
    "recall_at_sizeof_ground_truth": 0.7333333333333333
  },
  "run_times": {
    "total_time": 0.9805187249999108,
    "algorithm_time": 0.8503074979998928
  }
}