{
  "name": "prospect_both_0_70_ac2_av__DiscreteQualityMatcher{'process_num': 4}",
  "matches": {
    "(('prospect_both_0_70_ac2_av_source', 'NumberChildren'), ('prospect_both_0_70_ac2_av_target', 'NuCh'))": 1.0,
    "(('prospect_both_0_70_ac2_av_source', 'NumberChildren'), ('prospect_both_0_70_ac2_av_target', 'NumC'))": 1.0,
    "(('prospect_both_0_70_ac2_av_source', 'NumberChildren'), ('prospect_both_0_70_ac2_av_target', 'NumCreCar'))": 1.0,
    "(('prospect_both_0_70_ac2_av_source', 'OwnOrRentFlag'), ('prospect_both_0_70_ac2_av_target', 'OwOReFl'))": 1,
    "(('prospect_both_0_70_ac2_av_source', 'MiddleInitial'), ('prospect_both_0_70_ac2_av_target', 'MiIni'))": 1,
    "(('prospect_both_0_70_ac2_av_source', 'MaritalStatus'), ('prospect_both_0_70_ac2_av_target', 'MarSt'))": 1,
    "(('prospect_both_0_70_ac2_av_source', 'NumberCars'), ('prospect_both_0_70_ac2_av_target', 'NuCh'))": 1.0,
    "(('prospect_both_0_70_ac2_av_source', 'NumberCars'), ('prospect_both_0_70_ac2_av_target', 'NumC'))": 1.0,
    "(('prospect_both_0_70_ac2_av_source', 'NumberCars'), ('prospect_both_0_70_ac2_av_target', 'NumCreCar'))": 1.0,
    "(('prospect_both_0_70_ac2_av_source', 'Gender'), ('prospect_both_0_70_ac2_av_target', 'MiIni'))": 1.0,
    "(('prospect_both_0_70_ac2_av_source', 'OwnOrRentFlag'), ('prospect_both_0_70_ac2_av_target', 'MarSt'))": 0.5
  },
  "metrics": {
    "precision": 1.0,
    "recall": 0.3333333333333333,
    "f1_score": 0.5,
    "precision_at_10_percent": 0.5,
    "precision_at_20_percent": 0.3333333333333333,
    "precision_at_30_percent": 0.5,
    "precision_at_40_percent": 0.6,
    "precision_at_50_percent": 0.6666666666666666,
    "precision_at_60_percent": 0.5714285714285714,
    "precision_at_70_percent": 0.625,
    "precision_at_80_percent": 0.5555555555555556,
    "precision_at_90_percent": 0.5,
    "recall_at_sizeof_ground_truth": 0.3333333333333333
  },
  "run_times": {
    "total_time": 1.0236442640002679,
    "algorithm_time": 0.5664224460001606
  }
}