{
  "name": "prospect_both_50_70_ac2_av__DiscreteQualityMatcher{'process_num': 4}",
  "matches": {
    "(('prospect_both_50_70_ac2_av_source', 'MiddleInitial'), ('prospect_both_50_70_ac2_av_target', 'MiIni'))": 1,
    "(('prospect_both_50_70_ac2_av_source', 'MiddleInitial'), ('prospect_both_50_70_ac2_av_target', 'Ge'))": 1.0,
    "(('prospect_both_50_70_ac2_av_source', 'MaritalStatus'), ('prospect_both_50_70_ac2_av_target', 'MaSt'))": 1,
    "(('prospect_both_50_70_ac2_av_source', 'NumberCars'), ('prospect_both_50_70_ac2_av_target', 'NuCreCar'))": 1.0,
    "(('prospect_both_50_70_ac2_av_source', 'Gender'), ('prospect_both_50_70_ac2_av_target', 'MiIni'))": 1.0,
    "(('prospect_both_50_70_ac2_av_source', 'Gender'), ('prospect_both_50_70_ac2_av_target', 'Ge'))": 1.0,
    "(('prospect_both_50_70_ac2_av_source', 'NumberChildren'), ('prospect_both_50_70_ac2_av_target', 'NuCreCar'))": 1.0,
    "(('prospect_both_50_70_ac2_av_source', 'OwnOrRentFlag'), ('prospect_both_50_70_ac2_av_target', 'OOReF'))": 1,
    "(('prospect_both_50_70_ac2_av_source', 'Age'), ('prospect_both_50_70_ac2_av_target', 'Ag'))": 0.75,
    "(('prospect_both_50_70_ac2_av_source', 'NumberCreditCards'), ('prospect_both_50_70_ac2_av_target', 'NuCreCar'))": 0.75,
    "(('prospect_both_50_70_ac2_av_source', 'NumberCars'), ('prospect_both_50_70_ac2_av_target', 'NumC'))": 0.75,
    "(('prospect_both_50_70_ac2_av_source', 'NumberCars'), ('prospect_both_50_70_ac2_av_target', 'NumCh'))": 0.75,
    "(('prospect_both_50_70_ac2_av_source', 'NumberCreditCards'), ('prospect_both_50_70_ac2_av_target', 'Ag'))": 0.5,
    "(('prospect_both_50_70_ac2_av_source', 'NumberCreditCards'), ('prospect_both_50_70_ac2_av_target', 'NumC'))": 0.5,
    "(('prospect_both_50_70_ac2_av_source', 'NumberCreditCards'), ('prospect_both_50_70_ac2_av_target', 'NumCh'))": 0.5,
    "(('prospect_both_50_70_ac2_av_source', 'NumberChildren'), ('prospect_both_50_70_ac2_av_target', 'Ag'))": 0.5,
    "(('prospect_both_50_70_ac2_av_source', 'NumberChildren'), ('prospect_both_50_70_ac2_av_target', 'NumC'))": 0.5,
    "(('prospect_both_50_70_ac2_av_source', 'NumberChildren'), ('prospect_both_50_70_ac2_av_target', 'NumCh'))": 0.5,
    "(('prospect_both_50_70_ac2_av_source', 'OwnOrRentFlag'), ('prospect_both_50_70_ac2_av_target', 'MaSt'))": 0.5
  },
  "metrics": {
    "precision": 0.75,
    "recall": 0.4,
    "f1_score": 0.5217391304347827,
    "precision_at_10_percent": 0.5,
    "precision_at_20_percent": 0.5,
    "precision_at_30_percent": 0.5,
    "precision_at_40_percent": 0.5,
    "precision_at_50_percent": 0.6,
    "precision_at_60_percent": 0.5833333333333334,
    "precision_at_70_percent": 0.5,
    "precision_at_80_percent": 0.4375,
    "precision_at_90_percent": 0.4444444444444444,
    "recall_at_sizeof_ground_truth": 0.4666666666666667
  },
  "run_times": {
    "total_time": 1.064990774999842,
    "algorithm_time": 0.9203576609997981
  }
}