{
  "name": "prospect_horizontal_0_ac2_ev__DiscreteQualityMatcher{'process_num': 4}",
  "matches": {
    "(('prospect_horizontal_0_ac2_ev_source', 'MiddleInitial'), ('prospect_horizontal_0_ac2_ev_target', 'MiIn'))": 1,
    "(('prospect_horizontal_0_ac2_ev_source', 'MiddleInitial'), ('prospect_horizontal_0_ac2_ev_target', 'Gen'))": 1.0,
    "(('prospect_horizontal_0_ac2_ev_source', 'Gender'), ('prospect_horizontal_0_ac2_ev_target', 'MiIn'))": 1.0,
    "(('prospect_horizontal_0_ac2_ev_source', 'Gender'), ('prospect_horizontal_0_ac2_ev_target', 'Gen'))": 1.0,
    "(('prospect_horizontal_0_ac2_ev_source', 'City'), ('prospect_horizontal_0_ac2_ev_target', 'Ci'))": 1,
    "(('prospect_horizontal_0_ac2_ev_source', 'State'), ('prospect_horizontal_0_ac2_ev_target', 'Sta'))": 1,
    "(('prospect_horizontal_0_ac2_ev_source', 'Country'), ('prospect_horizontal_0_ac2_ev_target', 'Cou'))": 1,
    "(('prospect_horizontal_0_ac2_ev_source', 'NumberCars'), ('prospect_horizontal_0_ac2_ev_target', 'NuC'))": 1,
    "(('prospect_horizontal_0_ac2_ev_source', 'NumberCars'), ('prospect_horizontal_0_ac2_ev_target', 'NuCh'))": 1,
    "(('prospect_horizontal_0_ac2_ev_source', 'NumberCars'), ('prospect_horizontal_0_ac2_ev_target', 'NumCreCa'))": 1.0,
    "(('prospect_horizontal_0_ac2_ev_source', 'NumberChildren'), ('prospect_horizontal_0_ac2_ev_target', 'NuC'))": 1,
    "(('prospect_horizontal_0_ac2_ev_source', 'NumberChildren'), ('prospect_horizontal_0_ac2_ev_target', 'NuCh'))": 1,
    "(('prospect_horizontal_0_ac2_ev_source', 'NumberChildren'), ('prospect_horizontal_0_ac2_ev_target', 'NumCreCa'))": 1.0,
    "(('prospect_horizontal_0_ac2_ev_source', 'MaritalStatus'), ('prospect_horizontal_0_ac2_ev_target', 'MarSt'))": 1,
    "(('prospect_horizontal_0_ac2_ev_source', 'Age'), ('prospect_horizontal_0_ac2_ev_target', 'Ag'))": 1,
    "(('prospect_horizontal_0_ac2_ev_source', 'CreditRating'), ('prospect_horizontal_0_ac2_ev_target', 'CrRat'))": 1,
    "(('prospect_horizontal_0_ac2_ev_source', 'OwnOrRentFlag'), ('prospect_horizontal_0_ac2_ev_target', 'OOReF'))": 1,
    "(('prospect_horizontal_0_ac2_ev_source', 'Employer'), ('prospect_horizontal_0_ac2_ev_target', 'Em'))": 1,
    "(('prospect_horizontal_0_ac2_ev_source', 'NumberCreditCards'), ('prospect_horizontal_0_ac2_ev_target', 'NumCreCa'))": 1,
    "(('prospect_horizontal_0_ac2_ev_source', 'NumberCreditCards'), ('prospect_horizontal_0_ac2_ev_target', 'NuC'))": 0.75,
    "(('prospect_horizontal_0_ac2_ev_source', 'NumberCreditCards'), ('prospect_horizontal_0_ac2_ev_target', 'NuCh'))": 0.75,
    "(('prospect_horizontal_0_ac2_ev_source', 'MaritalStatus'), ('prospect_horizontal_0_ac2_ev_target', 'Gen'))": 0.5,
    "(('prospect_horizontal_0_ac2_ev_source', 'OwnOrRentFlag'), ('prospect_horizontal_0_ac2_ev_target', 'MarSt'))": 0.5
  },
  "metrics": {
    "precision": 1.0,
    "recall": 0.5909090909090909,
    "f1_score": 0.7428571428571429,
    "precision_at_10_percent": 0.3333333333333333,
    "precision_at_20_percent": 0.6,
    "precision_at_30_percent": 0.7142857142857143,
    "precision_at_40_percent": 0.6,
    "precision_at_50_percent": 0.5833333333333334,
    "precision_at_60_percent": 0.5714285714285714,
    "precision_at_70_percent": 0.6470588235294118,
    "precision_at_80_percent": 0.6842105263157895,
    "precision_at_90_percent": 0.6190476190476191,
    "recall_at_sizeof_ground_truth": 0.5909090909090909
  },
  "run_times": {
    "total_time": 0.8516087580001113,
    "algorithm_time": 0.7113895110001067
  }
}