{
  "name": "prospect_horizontal_50_ac4_ev__DiscreteQualityMatcher{'process_num': 4}",
  "matches": {
    "(('prospect_horizontal_50_ac4_ev_source', 'MiddleInitial'), ('prospect_horizontal_50_ac4_ev_target', 'prospect_MidInit'))": 1,
    "(('prospect_horizontal_50_ac4_ev_source', 'MiddleInitial'), ('prospect_horizontal_50_ac4_ev_target', 'prospect_Gen'))": 1.0,
    "(('prospect_horizontal_50_ac4_ev_source', 'Gender'), ('prospect_horizontal_50_ac4_ev_target', 'prospect_MidInit'))": 1.0,
    "(('prospect_horizontal_50_ac4_ev_source', 'Gender'), ('prospect_horizontal_50_ac4_ev_target', 'prospect_Gen'))": 1.0,
    "(('prospect_horizontal_50_ac4_ev_source', 'City'), ('prospect_horizontal_50_ac4_ev_target', 'prospect_Ci'))": 1,
    "(('prospect_horizontal_50_ac4_ev_source', 'State'), ('prospect_horizontal_50_ac4_ev_target', 'prospect_St'))": 1,
    "(('prospect_horizontal_50_ac4_ev_source', 'Country'), ('prospect_horizontal_50_ac4_ev_target', 'prospect_Cou'))": 1,
    "(('prospect_horizontal_50_ac4_ev_source', 'NumberCars'), ('prospect_horizontal_50_ac4_ev_target', 'prospect_NuC'))": 1,
    "(('prospect_horizontal_50_ac4_ev_source', 'NumberCars'), ('prospect_horizontal_50_ac4_ev_target', 'prospect_NumCh'))": 1,
    "(('prospect_horizontal_50_ac4_ev_source', 'NumberCars'), ('prospect_horizontal_50_ac4_ev_target', 'prospect_NuCreCa'))": 1.0,
    "(('prospect_horizontal_50_ac4_ev_source', 'NumberChildren'), ('prospect_horizontal_50_ac4_ev_target', 'prospect_NuC'))": 1,
    "(('prospect_horizontal_50_ac4_ev_source', 'NumberChildren'), ('prospect_horizontal_50_ac4_ev_target', 'prospect_NumCh'))": 1,
    "(('prospect_horizontal_50_ac4_ev_source', 'NumberChildren'), ('prospect_horizontal_50_ac4_ev_target', 'prospect_NuCreCa'))": 1.0,
    "(('prospect_horizontal_50_ac4_ev_source', 'MaritalStatus'), ('prospect_horizontal_50_ac4_ev_target', 'prospect_MarSt'))": 1,
    "(('prospect_horizontal_50_ac4_ev_source', 'Age'), ('prospect_horizontal_50_ac4_ev_target', 'prospect_Ag'))": 1,
    "(('prospect_horizontal_50_ac4_ev_source', 'CreditRating'), ('prospect_horizontal_50_ac4_ev_target', 'prospect_CreRa'))": 1,
    "(('prospect_horizontal_50_ac4_ev_source', 'OwnOrRentFlag'), ('prospect_horizontal_50_ac4_ev_target', 'prospect_OwOReF'))": 1,
    "(('prospect_horizontal_50_ac4_ev_source', 'Employer'), ('prospect_horizontal_50_ac4_ev_target', 'prospect_Em'))": 1,
    "(('prospect_horizontal_50_ac4_ev_source', 'NumberCreditCards'), ('prospect_horizontal_50_ac4_ev_target', 'prospect_NuCreCa'))": 1,
    "(('prospect_horizontal_50_ac4_ev_source', 'AddressLine2'), ('prospect_horizontal_50_ac4_ev_target', 'prospect_AddLi2'))": 0.75,
    "(('prospect_horizontal_50_ac4_ev_source', 'NumberCreditCards'), ('prospect_horizontal_50_ac4_ev_target', 'prospect_NuC'))": 0.75,
    "(('prospect_horizontal_50_ac4_ev_source', 'NumberCreditCards'), ('prospect_horizontal_50_ac4_ev_target', 'prospect_NumCh'))": 0.75,
    "(('prospect_horizontal_50_ac4_ev_source', 'AgencyID'), ('prospect_horizontal_50_ac4_ev_target', 'prospect_AgID'))": 0.5,
    "(('prospect_horizontal_50_ac4_ev_source', 'LastName'), ('prospect_horizontal_50_ac4_ev_target', 'prospect_LaN'))": 0.5,
    "(('prospect_horizontal_50_ac4_ev_source', 'FirstName'), ('prospect_horizontal_50_ac4_ev_target', 'prospect_FirN'))": 0.5,
    "(('prospect_horizontal_50_ac4_ev_source', 'AddressLine1'), ('prospect_horizontal_50_ac4_ev_target', 'prospect_AddLi1'))": 0.5,
    "(('prospect_horizontal_50_ac4_ev_source', 'PostalCode'), ('prospect_horizontal_50_ac4_ev_target', 'prospect_PosCo'))": 0.5,
    "(('prospect_horizontal_50_ac4_ev_source', 'Phone'), ('prospect_horizontal_50_ac4_ev_target', 'prospect_Pho'))": 0.5,
    "(('prospect_horizontal_50_ac4_ev_source', 'Income'), ('prospect_horizontal_50_ac4_ev_target', 'prospect_Inc'))": 0.5,
    "(('prospect_horizontal_50_ac4_ev_source', 'MaritalStatus'), ('prospect_horizontal_50_ac4_ev_target', 'prospect_Gen'))": 0.5,
    "(('prospect_horizontal_50_ac4_ev_source', 'OwnOrRentFlag'), ('prospect_horizontal_50_ac4_ev_target', 'prospect_MarSt'))": 0.5,
    "(('prospect_horizontal_50_ac4_ev_source', 'NetWorth'), ('prospect_horizontal_50_ac4_ev_target', 'prospect_NeWor'))": 0.5
  },
  "metrics": {
    "precision": 1.0,
    "recall": 1.0,
    "f1_score": 1.0,
    "precision_at_10_percent": 0.5,
    "precision_at_20_percent": 0.7142857142857143,
    "precision_at_30_percent": 0.6,
    "precision_at_40_percent": 0.5384615384615384,
    "precision_at_50_percent": 0.625,
    "precision_at_60_percent": 0.7,
    "precision_at_70_percent": 0.6521739130434783,
    "precision_at_80_percent": 0.6923076923076923,
    "precision_at_90_percent": 0.7241379310344828,
    "recall_at_sizeof_ground_truth": 0.6363636363636364
  },
  "run_times": {
    "total_time": 1.4392032069999914,
    "algorithm_time": 1.2107708349999484
  }
}