{
  "name": "prospect_horizontal_100_ac2_ev__DiscreteQualityMatcher{'process_num': 4}",
  "matches": {
    "(('prospect_horizontal_100_ac2_ev_source', 'MiddleInitial'), ('prospect_horizontal_100_ac2_ev_target', 'MidInit'))": 1,
    "(('prospect_horizontal_100_ac2_ev_source', 'MiddleInitial'), ('prospect_horizontal_100_ac2_ev_target', 'Gen'))": 1.0,
    "(('prospect_horizontal_100_ac2_ev_source', 'Gender'), ('prospect_horizontal_100_ac2_ev_target', 'MidInit'))": 1.0,
    "(('prospect_horizontal_100_ac2_ev_source', 'Gender'), ('prospect_horizontal_100_ac2_ev_target', 'Gen'))": 1.0,
    "(('prospect_horizontal_100_ac2_ev_source', 'City'), ('prospect_horizontal_100_ac2_ev_target', 'C'))": 1,
    "(('prospect_horizontal_100_ac2_ev_source', 'State'), ('prospect_horizontal_100_ac2_ev_target', 'Sta'))": 1,
    "(('prospect_horizontal_100_ac2_ev_source', 'Country'), ('prospect_horizontal_100_ac2_ev_target', 'Coun'))": 1,
    "(('prospect_horizontal_100_ac2_ev_source', 'NumberCars'), ('prospect_horizontal_100_ac2_ev_target', 'NumCa'))": 1,
    "(('prospect_horizontal_100_ac2_ev_source', 'NumberCars'), ('prospect_horizontal_100_ac2_ev_target', 'NuChi'))": 1,
    "(('prospect_horizontal_100_ac2_ev_source', 'NumberCars'), ('prospect_horizontal_100_ac2_ev_target', 'NumCrCar'))": 1.0,
    "(('prospect_horizontal_100_ac2_ev_source', 'NumberChildren'), ('prospect_horizontal_100_ac2_ev_target', 'NumCa'))": 1,
    "(('prospect_horizontal_100_ac2_ev_source', 'NumberChildren'), ('prospect_horizontal_100_ac2_ev_target', 'NuChi'))": 1,
    "(('prospect_horizontal_100_ac2_ev_source', 'NumberChildren'), ('prospect_horizontal_100_ac2_ev_target', 'NumCrCar'))": 1.0,
    "(('prospect_horizontal_100_ac2_ev_source', 'MaritalStatus'), ('prospect_horizontal_100_ac2_ev_target', 'MariSt'))": 1,
    "(('prospect_horizontal_100_ac2_ev_source', 'Age'), ('prospect_horizontal_100_ac2_ev_target', 'Ag'))": 1,
    "(('prospect_horizontal_100_ac2_ev_source', 'CreditRating'), ('prospect_horizontal_100_ac2_ev_target', 'CreRa'))": 1,
    "(('prospect_horizontal_100_ac2_ev_source', 'OwnOrRentFlag'), ('prospect_horizontal_100_ac2_ev_target', 'OOReF'))": 1,
    "(('prospect_horizontal_100_ac2_ev_source', 'Employer'), ('prospect_horizontal_100_ac2_ev_target', 'Em'))": 1,
    "(('prospect_horizontal_100_ac2_ev_source', 'NumberCreditCards'), ('prospect_horizontal_100_ac2_ev_target', 'NumCrCar'))": 1,
    "(('prospect_horizontal_100_ac2_ev_source', 'AgencyID'), ('prospect_horizontal_100_ac2_ev_target', 'AgeID'))": 0.75,
    "(('prospect_horizontal_100_ac2_ev_source', 'LastName'), ('prospect_horizontal_100_ac2_ev_target', 'LaNa'))": 0.75,
    "(('prospect_horizontal_100_ac2_ev_source', 'FirstName'), ('prospect_horizontal_100_ac2_ev_target', 'FirNa'))": 0.75,
    "(('prospect_horizontal_100_ac2_ev_source', 'AddressLine1'), ('prospect_horizontal_100_ac2_ev_target', 'AdL1'))": 0.75,
    "(('prospect_horizontal_100_ac2_ev_source', 'AddressLine2'), ('prospect_horizontal_100_ac2_ev_target', 'AdLi2'))": 0.75,
    "(('prospect_horizontal_100_ac2_ev_source', 'PostalCode'), ('prospect_horizontal_100_ac2_ev_target', 'PoC'))": 0.75,
    "(('prospect_horizontal_100_ac2_ev_source', 'Phone'), ('prospect_horizontal_100_ac2_ev_target', 'Pho'))": 0.75,
    "(('prospect_horizontal_100_ac2_ev_source', 'Income'), ('prospect_horizontal_100_ac2_ev_target', 'Inc'))": 0.75,
    "(('prospect_horizontal_100_ac2_ev_source', 'NumberCreditCards'), ('prospect_horizontal_100_ac2_ev_target', 'NumCa'))": 0.75,
    "(('prospect_horizontal_100_ac2_ev_source', 'NumberCreditCards'), ('prospect_horizontal_100_ac2_ev_target', 'NuChi'))": 0.75,
    "(('prospect_horizontal_100_ac2_ev_source', 'MaritalStatus'), ('prospect_horizontal_100_ac2_ev_target', 'Gen'))": 0.5,
    "(('prospect_horizontal_100_ac2_ev_source', 'OwnOrRentFlag'), ('prospect_horizontal_100_ac2_ev_target', 'MariSt'))": 0.5,
    "(('prospect_horizontal_100_ac2_ev_source', 'NetWorth'), ('prospect_horizontal_100_ac2_ev_target', 'NeWor'))": 0.5
  },
  "metrics": {
    "precision": 1.0,
    "recall": 1.0,
    "f1_score": 1.0,
    "precision_at_10_percent": 0.5,
    "precision_at_20_percent": 0.7142857142857143,
    "precision_at_30_percent": 0.6,
    "precision_at_40_percent": 0.5384615384615384,
    "precision_at_50_percent": 0.625,
    "precision_at_60_percent": 0.7,
    "precision_at_70_percent": 0.7391304347826086,
    "precision_at_80_percent": 0.7692307692307693,
    "precision_at_90_percent": 0.7241379310344828,
    "recall_at_sizeof_ground_truth": 0.7272727272727273
  },
  "run_times": {
    "total_time": 1.3488378859997283,
    "algorithm_time": 1.1287862939998377
  }
}