{
  "name": "prospect_both_50_70_ac1_av__DiscreteQualityMatcher{'process_num': 4}",
  "matches": {
    "(('prospect_both_50_70_ac1_av_source', 'NumberCars'), ('prospect_both_50_70_ac1_av_target', 'prospect_NumberCreditCards'))": 1.0,
    "(('prospect_both_50_70_ac1_av_source', 'MiddleInitial'), ('prospect_both_50_70_ac1_av_target', 'prospect_MiddleInitial'))": 1,
    "(('prospect_both_50_70_ac1_av_source', 'MiddleInitial'), ('prospect_both_50_70_ac1_av_target', 'prospect_Gender'))": 1.0,
    "(('prospect_both_50_70_ac1_av_source', 'MaritalStatus'), ('prospect_both_50_70_ac1_av_target', 'prospect_MaritalStatus'))": 1,
    "(('prospect_both_50_70_ac1_av_source', 'Gender'), ('prospect_both_50_70_ac1_av_target', 'prospect_MiddleInitial'))": 1.0,
    "(('prospect_both_50_70_ac1_av_source', 'Gender'), ('prospect_both_50_70_ac1_av_target', 'prospect_Gender'))": 1.0,
    "(('prospect_both_50_70_ac1_av_source', 'NumberChildren'), ('prospect_both_50_70_ac1_av_target', 'prospect_NumberCreditCards'))": 1.0,
    "(('prospect_both_50_70_ac1_av_source', 'CreditRating'), ('prospect_both_50_70_ac1_av_target', 'prospect_CreditRating'))": 0.75,
    "(('prospect_both_50_70_ac1_av_source', 'Age'), ('prospect_both_50_70_ac1_av_target', 'prospect_Age'))": 0.75,
    "(('prospect_both_50_70_ac1_av_source', 'NumberCreditCards'), ('prospect_both_50_70_ac1_av_target', 'prospect_NumberCreditCards'))": 0.75,
    "(('prospect_both_50_70_ac1_av_source', 'NumberCars'), ('prospect_both_50_70_ac1_av_target', 'prospect_NumberCars'))": 0.5,
    "(('prospect_both_50_70_ac1_av_source', 'NumberCars'), ('prospect_both_50_70_ac1_av_target', 'prospect_Age'))": 0.5,
    "(('prospect_both_50_70_ac1_av_source', 'NumberCars'), ('prospect_both_50_70_ac1_av_target', 'prospect_NumberChildren'))": 0.5,
    "(('prospect_both_50_70_ac1_av_source', 'PostalCode'), ('prospect_both_50_70_ac1_av_target', 'prospect_PostalCode'))": 0.5,
    "(('prospect_both_50_70_ac1_av_source', 'NumberCreditCards'), ('prospect_both_50_70_ac1_av_target', 'prospect_NumberCars'))": 0.5,
    "(('prospect_both_50_70_ac1_av_source', 'NumberCreditCards'), ('prospect_both_50_70_ac1_av_target', 'prospect_Age'))": 0.5,
    "(('prospect_both_50_70_ac1_av_source', 'NumberCreditCards'), ('prospect_both_50_70_ac1_av_target', 'prospect_NumberChildren'))": 0.5,
    "(('prospect_both_50_70_ac1_av_source', 'NumberChildren'), ('prospect_both_50_70_ac1_av_target', 'prospect_NumberCars'))": 0.5,
    "(('prospect_both_50_70_ac1_av_source', 'NumberChildren'), ('prospect_both_50_70_ac1_av_target', 'prospect_Age'))": 0.5,
    "(('prospect_both_50_70_ac1_av_source', 'NumberChildren'), ('prospect_both_50_70_ac1_av_target', 'prospect_NumberChildren'))": 0.5
  },
  "metrics": {
    "precision": 0.7777777777777778,
    "recall": 0.4666666666666667,
    "f1_score": 0.5833333333333334,
    "precision_at_10_percent": 0.5,
    "precision_at_20_percent": 0.5,
    "precision_at_30_percent": 0.5,
    "precision_at_40_percent": 0.5,
    "precision_at_50_percent": 0.6,
    "precision_at_60_percent": 0.5833333333333334,
    "precision_at_70_percent": 0.5714285714285714,
    "precision_at_80_percent": 0.5,
    "precision_at_90_percent": 0.4444444444444444,
    "recall_at_sizeof_ground_truth": 0.5333333333333333
  },
  "run_times": {
    "total_time": 0.9723481830001219,
    "algorithm_time": 0.7965652050002063
  }
}