{
  "name": "prospect_both_0_30_ac1_av__DiscreteQualityMatcher{'process_num': 4}",
  "matches": {
    "(('prospect_both_0_30_ac1_av_source', 'NumberCars'), ('prospect_both_0_30_ac1_av_target', 'prospect_NumberChildren'))": 1,
    "(('prospect_both_0_30_ac1_av_source', 'NumberCars'), ('prospect_both_0_30_ac1_av_target', 'prospect_NumberCreditCards'))": 1.0
  },
  "metrics": {
    "precision": 0.0,
    "recall": 0.0,
    "f1_score": 0,
    "precision_at_10_percent": 0.0,
    "precision_at_20_percent": 0.0,
    "precision_at_30_percent": 0.0,
    "precision_at_40_percent": 0.0,
    "precision_at_50_percent": 0.0,
    "precision_at_60_percent": 0.0,
    "precision_at_70_percent": 0.0,
    "precision_at_80_percent": 0.0,
    "precision_at_90_percent": 0.0,
    "recall_at_sizeof_ground_truth": 0.0
  },
  "run_times": {
    "total_time": 0.3783165459999509,
    "algorithm_time": 0.2868404279997776
  }
}