{
  "name": "prospect_horizontal_0_ac5_av__DiscreteQualityMatcher{'process_num': 4}",
  "matches": {
    "(('prospect_horizontal_0_ac5_av_source', 'MiddleInitial'), ('prospect_horizontal_0_ac5_av_target', 'prospect_mddlntl'))": 1,
    "(('prospect_horizontal_0_ac5_av_source', 'MiddleInitial'), ('prospect_horizontal_0_ac5_av_target', 'prospect_gndr'))": 1.0,
    "(('prospect_horizontal_0_ac5_av_source', 'Gender'), ('prospect_horizontal_0_ac5_av_target', 'prospect_mddlntl'))": 1.0,
    "(('prospect_horizontal_0_ac5_av_source', 'Gender'), ('prospect_horizontal_0_ac5_av_target', 'prospect_gndr'))": 1.0,
    "(('prospect_horizontal_0_ac5_av_source', 'City'), ('prospect_horizontal_0_ac5_av_target', 'prospect_ct'))": 1,
    "(('prospect_horizontal_0_ac5_av_source', 'State'), ('prospect_horizontal_0_ac5_av_target', 'prospect_stt'))": 1,
    "(('prospect_horizontal_0_ac5_av_source', 'Country'), ('prospect_horizontal_0_ac5_av_target', 'prospect_cntr'))": 1,
    "(('prospect_horizontal_0_ac5_av_source', 'NumberCars'), ('prospect_horizontal_0_ac5_av_target', 'prospect_nmbrcrs'))": 1,
    "(('prospect_horizontal_0_ac5_av_source', 'NumberCars'), ('prospect_horizontal_0_ac5_av_target', 'prospect_nmbrchldrn'))": 1,
    "(('prospect_horizontal_0_ac5_av_source', 'NumberCars'), ('prospect_horizontal_0_ac5_av_target', 'prospect_nmbrcrdtcrds'))": 1.0,
    "(('prospect_horizontal_0_ac5_av_source', 'NumberChildren'), ('prospect_horizontal_0_ac5_av_target', 'prospect_nmbrcrs'))": 1,
    "(('prospect_horizontal_0_ac5_av_source', 'NumberChildren'), ('prospect_horizontal_0_ac5_av_target', 'prospect_nmbrchldrn'))": 1,
    "(('prospect_horizontal_0_ac5_av_source', 'NumberChildren'), ('prospect_horizontal_0_ac5_av_target', 'prospect_nmbrcrdtcrds'))": 1.0,
    "(('prospect_horizontal_0_ac5_av_source', 'MaritalStatus'), ('prospect_horizontal_0_ac5_av_target', 'prospect_mrtlstts'))": 1,
    "(('prospect_horizontal_0_ac5_av_source', 'Age'), ('prospect_horizontal_0_ac5_av_target', 'prospect_g'))": 1,
    "(('prospect_horizontal_0_ac5_av_source', 'CreditRating'), ('prospect_horizontal_0_ac5_av_target', 'prospect_crdtrtng'))": 1,
    "(('prospect_horizontal_0_ac5_av_source', 'OwnOrRentFlag'), ('prospect_horizontal_0_ac5_av_target', 'prospect_wnrrntflg'))": 1,
    "(('prospect_horizontal_0_ac5_av_source', 'Employer'), ('prospect_horizontal_0_ac5_av_target', 'prospect_mplr'))": 1,
    "(('prospect_horizontal_0_ac5_av_source', 'NumberCreditCards'), ('prospect_horizontal_0_ac5_av_target', 'prospect_nmbrcrdtcrds'))": 1,
    "(('prospect_horizontal_0_ac5_av_source', 'NumberCreditCards'), ('prospect_horizontal_0_ac5_av_target', 'prospect_nmbrcrs'))": 0.75,
    "(('prospect_horizontal_0_ac5_av_source', 'NumberCreditCards'), ('prospect_horizontal_0_ac5_av_target', 'prospect_nmbrchldrn'))": 0.75,
    "(('prospect_horizontal_0_ac5_av_source', 'MaritalStatus'), ('prospect_horizontal_0_ac5_av_target', 'prospect_gndr'))": 0.5,
    "(('prospect_horizontal_0_ac5_av_source', 'OwnOrRentFlag'), ('prospect_horizontal_0_ac5_av_target', 'prospect_mrtlstts'))": 0.5
  },
  "metrics": {
    "precision": 1.0,
    "recall": 0.5909090909090909,
    "f1_score": 0.7428571428571429,
    "precision_at_10_percent": 0.3333333333333333,
    "precision_at_20_percent": 0.6,
    "precision_at_30_percent": 0.7142857142857143,
    "precision_at_40_percent": 0.6,
    "precision_at_50_percent": 0.5833333333333334,
    "precision_at_60_percent": 0.5714285714285714,
    "precision_at_70_percent": 0.6470588235294118,
    "precision_at_80_percent": 0.6842105263157895,
    "precision_at_90_percent": 0.6190476190476191,
    "recall_at_sizeof_ground_truth": 0.5909090909090909
  },
  "run_times": {
    "total_time": 1.3589954089998173,
    "algorithm_time": 1.2138409730000603
  }
}