{
  "name": "prospect_both_50_50_ac4_av__DiscreteQualityMatcher{'process_num': 4}",
  "matches": {
    "(('prospect_both_50_50_ac4_av_source', 'MaritalStatus'), ('prospect_both_50_50_ac4_av_target', 'prospect_MaSta'))": 1,
    "(('prospect_both_50_50_ac4_av_source', 'NumberCars'), ('prospect_both_50_50_ac4_av_target', 'prospect_NumCreCar'))": 1.0,
    "(('prospect_both_50_50_ac4_av_source', 'NumberCars'), ('prospect_both_50_50_ac4_av_target', 'prospect_NuCa'))": 1.0,
    "(('prospect_both_50_50_ac4_av_source', 'NumberCars'), ('prospect_both_50_50_ac4_av_target', 'prospect_NuCh'))": 1.0,
    "(('prospect_both_50_50_ac4_av_source', 'Age'), ('prospect_both_50_50_ac4_av_target', 'prospect_Ag'))": 0.75,
    "(('prospect_both_50_50_ac4_av_source', 'NumberCreditCards'), ('prospect_both_50_50_ac4_av_target', 'prospect_NumCreCar'))": 0.5,
    "(('prospect_both_50_50_ac4_av_source', 'NumberCreditCards'), ('prospect_both_50_50_ac4_av_target', 'prospect_Ag'))": 0.5,
    "(('prospect_both_50_50_ac4_av_source', 'NumberCreditCards'), ('prospect_both_50_50_ac4_av_target', 'prospect_NuCa'))": 0.5,
    "(('prospect_both_50_50_ac4_av_source', 'NumberCreditCards'), ('prospect_both_50_50_ac4_av_target', 'prospect_NuCh'))": 0.5,
    "(('prospect_both_50_50_ac4_av_source', 'PostalCode'), ('prospect_both_50_50_ac4_av_target', 'prospect_PoCo'))": 0.5
  },
  "metrics": {
    "precision": 0.6,
    "recall": 0.2727272727272727,
    "f1_score": 0.37499999999999994,
    "precision_at_10_percent": 1.0,
    "precision_at_20_percent": 0.5,
    "precision_at_30_percent": 0.6666666666666666,
    "precision_at_40_percent": 0.5,
    "precision_at_50_percent": 0.6,
    "precision_at_60_percent": 0.6666666666666666,
    "precision_at_70_percent": 0.5714285714285714,
    "precision_at_80_percent": 0.5,
    "precision_at_90_percent": 0.4444444444444444,
    "recall_at_sizeof_ground_truth": 0.45454545454545453
  },
  "run_times": {
    "total_time": 0.8579620959999374,
    "algorithm_time": 0.6343729909999638
  }
}