{
  "name": "prospect_both_0_30_ec_av__DiscreteQualityMatcher{'process_num': 4}",
  "matches": {
    "(('prospect_both_0_30_ec_av_source', 'NumberCreditCards'), ('prospect_both_0_30_ec_av_target', 'NumberCreditCards'))": 1,
    "(('prospect_both_0_30_ec_av_source', 'NumberCreditCards'), ('prospect_both_0_30_ec_av_target', 'NumberCars'))": 0.75,
    "(('prospect_both_0_30_ec_av_source', 'NumberCreditCards'), ('prospect_both_0_30_ec_av_target', 'NumberChildren'))": 0.75,
    "(('prospect_both_0_30_ec_av_source', 'Age'), ('prospect_both_0_30_ec_av_target', 'Age'))": 0.75
  },
  "metrics": {
    "precision": 1.0,
    "recall": 0.16666666666666666,
    "f1_score": 0.2857142857142857,
    "precision_at_10_percent": 1.0,
    "precision_at_20_percent": 1.0,
    "precision_at_30_percent": 0.5,
    "precision_at_40_percent": 0.5,
    "precision_at_50_percent": 0.5,
    "precision_at_60_percent": 0.3333333333333333,
    "precision_at_70_percent": 0.3333333333333333,
    "precision_at_80_percent": 0.5,
    "precision_at_90_percent": 0.5,
    "recall_at_sizeof_ground_truth": 0.3333333333333333
  },
  "run_times": {
    "total_time": 0.4850163969999812,
    "algorithm_time": 0.2655296319999252
  }
}