{
  "name": "prospect_horizontal_50_ec_ev__DiscreteQualityMatcher{'process_num': 4}",
  "matches": {
    "(('prospect_horizontal_50_ec_ev_source', 'MiddleInitial'), ('prospect_horizontal_50_ec_ev_target', 'MiddleInitial'))": 1,
    "(('prospect_horizontal_50_ec_ev_source', 'MiddleInitial'), ('prospect_horizontal_50_ec_ev_target', 'Gender'))": 1.0,
    "(('prospect_horizontal_50_ec_ev_source', 'Gender'), ('prospect_horizontal_50_ec_ev_target', 'MiddleInitial'))": 1.0,
    "(('prospect_horizontal_50_ec_ev_source', 'Gender'), ('prospect_horizontal_50_ec_ev_target', 'Gender'))": 1.0,
    "(('prospect_horizontal_50_ec_ev_source', 'City'), ('prospect_horizontal_50_ec_ev_target', 'City'))": 1,
    "(('prospect_horizontal_50_ec_ev_source', 'State'), ('prospect_horizontal_50_ec_ev_target', 'State'))": 1,
    "(('prospect_horizontal_50_ec_ev_source', 'Country'), ('prospect_horizontal_50_ec_ev_target', 'Country'))": 1,
    "(('prospect_horizontal_50_ec_ev_source', 'NumberCars'), ('prospect_horizontal_50_ec_ev_target', 'NumberCars'))": 1,
    "(('prospect_horizontal_50_ec_ev_source', 'NumberCars'), ('prospect_horizontal_50_ec_ev_target', 'NumberChildren'))": 1,
    "(('prospect_horizontal_50_ec_ev_source', 'NumberCars'), ('prospect_horizontal_50_ec_ev_target', 'NumberCreditCards'))": 1.0,
    "(('prospect_horizontal_50_ec_ev_source', 'NumberChildren'), ('prospect_horizontal_50_ec_ev_target', 'NumberCars'))": 1,
    "(('prospect_horizontal_50_ec_ev_source', 'NumberChildren'), ('prospect_horizontal_50_ec_ev_target', 'NumberChildren'))": 1,
    "(('prospect_horizontal_50_ec_ev_source', 'NumberChildren'), ('prospect_horizontal_50_ec_ev_target', 'NumberCreditCards'))": 1.0,
    "(('prospect_horizontal_50_ec_ev_source', 'MaritalStatus'), ('prospect_horizontal_50_ec_ev_target', 'MaritalStatus'))": 1,
    "(('prospect_horizontal_50_ec_ev_source', 'Age'), ('prospect_horizontal_50_ec_ev_target', 'Age'))": 1,
    "(('prospect_horizontal_50_ec_ev_source', 'CreditRating'), ('prospect_horizontal_50_ec_ev_target', 'CreditRating'))": 1,
    "(('prospect_horizontal_50_ec_ev_source', 'OwnOrRentFlag'), ('prospect_horizontal_50_ec_ev_target', 'OwnOrRentFlag'))": 1,
    "(('prospect_horizontal_50_ec_ev_source', 'Employer'), ('prospect_horizontal_50_ec_ev_target', 'Employer'))": 1,
    "(('prospect_horizontal_50_ec_ev_source', 'NumberCreditCards'), ('prospect_horizontal_50_ec_ev_target', 'NumberCreditCards'))": 1,
    "(('prospect_horizontal_50_ec_ev_source', 'AddressLine2'), ('prospect_horizontal_50_ec_ev_target', 'AddressLine2'))": 0.75,
    "(('prospect_horizontal_50_ec_ev_source', 'NumberCreditCards'), ('prospect_horizontal_50_ec_ev_target', 'NumberCars'))": 0.75,
    "(('prospect_horizontal_50_ec_ev_source', 'NumberCreditCards'), ('prospect_horizontal_50_ec_ev_target', 'NumberChildren'))": 0.75,
    "(('prospect_horizontal_50_ec_ev_source', 'AgencyID'), ('prospect_horizontal_50_ec_ev_target', 'AgencyID'))": 0.5,
    "(('prospect_horizontal_50_ec_ev_source', 'LastName'), ('prospect_horizontal_50_ec_ev_target', 'LastName'))": 0.5,
    "(('prospect_horizontal_50_ec_ev_source', 'FirstName'), ('prospect_horizontal_50_ec_ev_target', 'FirstName'))": 0.5,
    "(('prospect_horizontal_50_ec_ev_source', 'AddressLine1'), ('prospect_horizontal_50_ec_ev_target', 'AddressLine1'))": 0.5,
    "(('prospect_horizontal_50_ec_ev_source', 'PostalCode'), ('prospect_horizontal_50_ec_ev_target', 'PostalCode'))": 0.5,
    "(('prospect_horizontal_50_ec_ev_source', 'Phone'), ('prospect_horizontal_50_ec_ev_target', 'Phone'))": 0.5,
    "(('prospect_horizontal_50_ec_ev_source', 'Income'), ('prospect_horizontal_50_ec_ev_target', 'Income'))": 0.5,
    "(('prospect_horizontal_50_ec_ev_source', 'MaritalStatus'), ('prospect_horizontal_50_ec_ev_target', 'Gender'))": 0.5,
    "(('prospect_horizontal_50_ec_ev_source', 'OwnOrRentFlag'), ('prospect_horizontal_50_ec_ev_target', 'MaritalStatus'))": 0.5,
    "(('prospect_horizontal_50_ec_ev_source', 'NetWorth'), ('prospect_horizontal_50_ec_ev_target', 'NetWorth'))": 0.5
  },
  "metrics": {
    "precision": 1.0,
    "recall": 1.0,
    "f1_score": 1.0,
    "precision_at_10_percent": 0.5,
    "precision_at_20_percent": 0.7142857142857143,
    "precision_at_30_percent": 0.6,
    "precision_at_40_percent": 0.5384615384615384,
    "precision_at_50_percent": 0.625,
    "precision_at_60_percent": 0.7,
    "precision_at_70_percent": 0.6521739130434783,
    "precision_at_80_percent": 0.6923076923076923,
    "precision_at_90_percent": 0.7241379310344828,
    "recall_at_sizeof_ground_truth": 0.6363636363636364
  },
  "run_times": {
    "total_time": 1.359029178000128,
    "algorithm_time": 1.1600467070002196
  }
}