{
  "name": "prospect_both_0_50_ac2_av__DiscreteQualityMatcher{'process_num': 4}",
  "matches": {
    "(('prospect_both_0_50_ac2_av_source', 'OwnOrRentFlag'), ('prospect_both_0_50_ac2_av_target', 'OwOReF'))": 1,
    "(('prospect_both_0_50_ac2_av_source', 'MiddleInitial'), ('prospect_both_0_50_ac2_av_target', 'MidIn'))": 1,
    "(('prospect_both_0_50_ac2_av_source', 'NumberCars'), ('prospect_both_0_50_ac2_av_target', 'NumCa'))": 1.0,
    "(('prospect_both_0_50_ac2_av_source', 'NumberCars'), ('prospect_both_0_50_ac2_av_target', 'NuChil'))": 1.0,
    "(('prospect_both_0_50_ac2_av_source', 'NumberCars'), ('prospect_both_0_50_ac2_av_target', 'NuCreCar'))": 1.0,
    "(('prospect_both_0_50_ac2_av_source', 'MaritalStatus'), ('prospect_both_0_50_ac2_av_target', 'MarSta'))": 1,
    "(('prospect_both_0_50_ac2_av_source', 'Gender'), ('prospect_both_0_50_ac2_av_target', 'MidIn'))": 1.0,
    "(('prospect_both_0_50_ac2_av_source', 'CreditRating'), ('prospect_both_0_50_ac2_av_target', 'CrRat'))": 0.75,
    "(('prospect_both_0_50_ac2_av_source', 'OwnOrRentFlag'), ('prospect_both_0_50_ac2_av_target', 'MarSta'))": 0.5
  },
  "metrics": {
    "precision": 1.0,
    "recall": 0.45454545454545453,
    "f1_score": 0.625,
    "precision_at_10_percent": 1.0,
    "precision_at_20_percent": 1.0,
    "precision_at_30_percent": 1.0,
    "precision_at_40_percent": 0.75,
    "precision_at_50_percent": 0.6,
    "precision_at_60_percent": 0.6666666666666666,
    "precision_at_70_percent": 0.5714285714285714,
    "precision_at_80_percent": 0.625,
    "precision_at_90_percent": 0.5555555555555556,
    "recall_at_sizeof_ground_truth": 0.45454545454545453
  },
  "run_times": {
    "total_time": 0.7710642689999077,
    "algorithm_time": 0.45556623899983606
  }
}