{
  "name": "prospect_both_50_1_ec_ev__DiscreteQualityMatcher{'process_num': 4}",
  "matches": {
    "(('prospect_both_50_1_ec_ev_source', 'AgencyID'), ('prospect_both_50_1_ec_ev_target', 'AgencyID'))": 0.5
  },
  "metrics": {
    "precision": 1.0,
    "recall": 1.0,
    "f1_score": 1.0,
    "precision_at_10_percent": 1.0,
    "precision_at_20_percent": 1.0,
    "precision_at_30_percent": 1.0,
    "precision_at_40_percent": 1.0,
    "precision_at_50_percent": 1.0,
    "precision_at_60_percent": 1.0,
    "precision_at_70_percent": 1.0,
    "precision_at_80_percent": 1.0,
    "precision_at_90_percent": 1.0,
    "recall_at_sizeof_ground_truth": 1.0
  },
  "run_times": {
    "total_time": 0.21887736500002575,
    "algorithm_time": 0.1348867690003317
  }
}