{
  "name": "prospect_both_0_50_ac4_av__DiscreteQualityMatcher{'process_num': 4}",
  "matches": {
    "(('prospect_both_0_50_ac4_av_source', 'Gender'), ('prospect_both_0_50_ac4_av_target', 'prospect_Ge'))": 1.0,
    "(('prospect_both_0_50_ac4_av_source', 'Gender'), ('prospect_both_0_50_ac4_av_target', 'prospect_MidIn'))": 1.0,
    "(('prospect_both_0_50_ac4_av_source', 'MiddleInitial'), ('prospect_both_0_50_ac4_av_target', 'prospect_Ge'))": 1.0,
    "(('prospect_both_0_50_ac4_av_source', 'MiddleInitial'), ('prospect_both_0_50_ac4_av_target', 'prospect_MidIn'))": 1,
    "(('prospect_both_0_50_ac4_av_source', 'NumberCars'), ('prospect_both_0_50_ac4_av_target', 'prospect_NumChil'))": 1,
    "(('prospect_both_0_50_ac4_av_source', 'NumberCars'), ('prospect_both_0_50_ac4_av_target', 'prospect_NumCreCa'))": 1.0
  },
  "metrics": {
    "precision": 0.3333333333333333,
    "recall": 0.18181818181818182,
    "f1_score": 0.23529411764705885,
    "precision_at_10_percent": 1.0,
    "precision_at_20_percent": 0.5,
    "precision_at_30_percent": 0.5,
    "precision_at_40_percent": 0.3333333333333333,
    "precision_at_50_percent": 0.3333333333333333,
    "precision_at_60_percent": 0.5,
    "precision_at_70_percent": 0.4,
    "precision_at_80_percent": 0.4,
    "precision_at_90_percent": 0.3333333333333333,
    "recall_at_sizeof_ground_truth": 0.18181818181818182
  },
  "run_times": {
    "total_time": 0.7684388970001237,
    "algorithm_time": 0.45023956499971973
  }
}