{
  "name": "prospect_both_0_70_ac1_av__DiscreteQualityMatcher{'process_num': 4}",
  "matches": {
    "(('prospect_both_0_70_ac1_av_source', 'NumberCars'), ('prospect_both_0_70_ac1_av_target', 'prospect_NumberCars'))": 1,
    "(('prospect_both_0_70_ac1_av_source', 'NumberCars'), ('prospect_both_0_70_ac1_av_target', 'prospect_NumberChildren'))": 1,
    "(('prospect_both_0_70_ac1_av_source', 'NumberCars'), ('prospect_both_0_70_ac1_av_target', 'prospect_NumberCreditCards'))": 1.0,
    "(('prospect_both_0_70_ac1_av_source', 'NumberChildren'), ('prospect_both_0_70_ac1_av_target', 'prospect_NumberCars'))": 1,
    "(('prospect_both_0_70_ac1_av_source', 'NumberChildren'), ('prospect_both_0_70_ac1_av_target', 'prospect_NumberChildren'))": 1,
    "(('prospect_both_0_70_ac1_av_source', 'NumberChildren'), ('prospect_both_0_70_ac1_av_target', 'prospect_NumberCreditCards'))": 1.0,
    "(('prospect_both_0_70_ac1_av_source', 'MiddleInitial'), ('prospect_both_0_70_ac1_av_target', 'prospect_MiddleInitial'))": 1,
    "(('prospect_both_0_70_ac1_av_source', 'MiddleInitial'), ('prospect_both_0_70_ac1_av_target', 'prospect_Gender'))": 1.0,
    "(('prospect_both_0_70_ac1_av_source', 'Gender'), ('prospect_both_0_70_ac1_av_target', 'prospect_MiddleInitial'))": 1.0,
    "(('prospect_both_0_70_ac1_av_source', 'Gender'), ('prospect_both_0_70_ac1_av_target', 'prospect_Gender'))": 1.0,
    "(('prospect_both_0_70_ac1_av_source', 'OwnOrRentFlag'), ('prospect_both_0_70_ac1_av_target', 'prospect_OwnOrRentFlag'))": 1,
    "(('prospect_both_0_70_ac1_av_source', 'CreditRating'), ('prospect_both_0_70_ac1_av_target', 'prospect_CreditRating'))": 0.75,
    "(('prospect_both_0_70_ac1_av_source', 'OwnOrRentFlag'), ('prospect_both_0_70_ac1_av_target', 'prospect_MaritalStatus'))": 0.5
  },
  "metrics": {
    "precision": 1.0,
    "recall": 0.4,
    "f1_score": 0.5714285714285715,
    "precision_at_10_percent": 0.5,
    "precision_at_20_percent": 0.3333333333333333,
    "precision_at_30_percent": 0.25,
    "precision_at_40_percent": 0.3333333333333333,
    "precision_at_50_percent": 0.42857142857142855,
    "precision_at_60_percent": 0.375,
    "precision_at_70_percent": 0.4,
    "precision_at_80_percent": 0.45454545454545453,
    "precision_at_90_percent": 0.5,
    "recall_at_sizeof_ground_truth": 0.4
  },
  "run_times": {
    "total_time": 1.0309207479999714,
    "algorithm_time": 0.7111077549998299
  }
}