{
  "name": "prospect_both_50_30_ac3_ev__DiscreteQualityMatcher{'process_num': 4}",
  "matches": {
    "(('prospect_both_50_30_ac3_ev_source', 'MaritalStatus'), ('prospect_both_50_30_ac3_ev_target', 'mrtlstts'))": 1,
    "(('prospect_both_50_30_ac3_ev_source', 'NumberChildren'), ('prospect_both_50_30_ac3_ev_target', 'nmbrchldrn'))": 1,
    "(('prospect_both_50_30_ac3_ev_source', 'NumberChildren'), ('prospect_both_50_30_ac3_ev_target', 'nmbrcrs'))": 1,
    "(('prospect_both_50_30_ac3_ev_source', 'NumberChildren'), ('prospect_both_50_30_ac3_ev_target', 'nmbrcrdtcrds'))": 1.0,
    "(('prospect_both_50_30_ac3_ev_source', 'Age'), ('prospect_both_50_30_ac3_ev_target', 'g'))": 1,
    "(('prospect_both_50_30_ac3_ev_source', 'AgencyID'), ('prospect_both_50_30_ac3_ev_target', 'gncd'))": 0.5,
    "(('prospect_both_50_30_ac3_ev_source', 'NetWorth'), ('prospect_both_50_30_ac3_ev_target', 'ntwrth'))": 0.5
  },
  "metrics": {
    "precision": 1.0,
    "recall": 0.5,
    "f1_score": 0.6666666666666666,
    "precision_at_10_percent": 1.0,
    "precision_at_20_percent": 1.0,
    "precision_at_30_percent": 0.6666666666666666,
    "precision_at_40_percent": 0.6666666666666666,
    "precision_at_50_percent": 0.5,
    "precision_at_60_percent": 0.6,
    "precision_at_70_percent": 0.6,
    "precision_at_80_percent": 0.6666666666666666,
    "precision_at_90_percent": 0.7142857142857143,
    "recall_at_sizeof_ground_truth": 0.6666666666666666
  },
  "run_times": {
    "total_time": 0.5140708139997514,
    "algorithm_time": 0.4079242779998822
  }
}