{
  "name": "prospect_both_50_50_ac2_av__DiscreteQualityMatcher{'process_num': 4}",
  "matches": {
    "(('prospect_both_50_50_ac2_av_source', 'NumberCars'), ('prospect_both_50_50_ac2_av_target', 'NumC'))": 1.0,
    "(('prospect_both_50_50_ac2_av_source', 'NumberCars'), ('prospect_both_50_50_ac2_av_target', 'NumChi'))": 1.0,
    "(('prospect_both_50_50_ac2_av_source', 'NumberCars'), ('prospect_both_50_50_ac2_av_target', 'NuCrCar'))": 1.0,
    "(('prospect_both_50_50_ac2_av_source', 'MaritalStatus'), ('prospect_both_50_50_ac2_av_target', 'MarSt'))": 1,
    "(('prospect_both_50_50_ac2_av_source', 'NumberChildren'), ('prospect_both_50_50_ac2_av_target', 'NumC'))": 1,
    "(('prospect_both_50_50_ac2_av_source', 'NumberChildren'), ('prospect_both_50_50_ac2_av_target', 'NumChi'))": 1,
    "(('prospect_both_50_50_ac2_av_source', 'NumberChildren'), ('prospect_both_50_50_ac2_av_target', 'NuCrCar'))": 1.0,
    "(('prospect_both_50_50_ac2_av_source', 'Age'), ('prospect_both_50_50_ac2_av_target', 'A'))": 0.75
  },
  "metrics": {
    "precision": 1.0,
    "recall": 0.2727272727272727,
    "f1_score": 0.42857142857142855,
    "precision_at_10_percent": 1.0,
    "precision_at_20_percent": 0.5,
    "precision_at_30_percent": 0.3333333333333333,
    "precision_at_40_percent": 0.5,
    "precision_at_50_percent": 0.5,
    "precision_at_60_percent": 0.4,
    "precision_at_70_percent": 0.5,
    "precision_at_80_percent": 0.42857142857142855,
    "precision_at_90_percent": 0.5,
    "recall_at_sizeof_ground_truth": 0.36363636363636365
  },
  "run_times": {
    "total_time": 0.8317674160002753,
    "algorithm_time": 0.681704050999997
  }
}