{
  "name": "prospect_both_0_30_ac5_av__DiscreteQualityMatcher{'process_num': 4}",
  "matches": {
    "(('prospect_both_0_30_ac5_av_source', 'NumberChildren'), ('prospect_both_0_30_ac5_av_target', 'prospect_nmbrcrdtcrds'))": 1.0,
    "(('prospect_both_0_30_ac5_av_source', 'Gender'), ('prospect_both_0_30_ac5_av_target', 'prospect_gndr'))": 1.0,
    "(('prospect_both_0_30_ac5_av_source', 'MiddleInitial'), ('prospect_both_0_30_ac5_av_target', 'prospect_gndr'))": 1.0,
    "(('prospect_both_0_30_ac5_av_source', 'NumberChildren'), ('prospect_both_0_30_ac5_av_target', 'prospect_nmbrchldrn'))": 0.5,
    "(('prospect_both_0_30_ac5_av_source', 'NumberChildren'), ('prospect_both_0_30_ac5_av_target', 'prospect_g'))": 0.5,
    "(('prospect_both_0_30_ac5_av_source', 'NumberChildren'), ('prospect_both_0_30_ac5_av_target', 'prospect_nmbrcrs'))": 0.5,
    "(('prospect_both_0_30_ac5_av_source', 'Age'), ('prospect_both_0_30_ac5_av_target', 'prospect_g'))": 0.5
  },
  "metrics": {
    "precision": 0.5,
    "recall": 0.16666666666666666,
    "f1_score": 0.25,
    "precision_at_10_percent": 0.0,
    "precision_at_20_percent": 0.5,
    "precision_at_30_percent": 0.3333333333333333,
    "precision_at_40_percent": 0.3333333333333333,
    "precision_at_50_percent": 0.5,
    "precision_at_60_percent": 0.4,
    "precision_at_70_percent": 0.4,
    "precision_at_80_percent": 0.3333333333333333,
    "precision_at_90_percent": 0.42857142857142855,
    "recall_at_sizeof_ground_truth": 0.3333333333333333
  },
  "run_times": {
    "total_time": 0.35404336400006287,
    "algorithm_time": 0.2723990050003522
  }
}