{
  "name": "prospect_both_50_30_ac1_ev__DiscreteQualityMatcher{'process_num': 4}",
  "matches": {
    "(('prospect_both_50_30_ac1_ev_source', 'OwnOrRentFlag'), ('prospect_both_50_30_ac1_ev_target', 'prospect_OwnOrRentFlag'))": 1,
    "(('prospect_both_50_30_ac1_ev_source', 'MaritalStatus'), ('prospect_both_50_30_ac1_ev_target', 'prospect_MaritalStatus'))": 1,
    "(('prospect_both_50_30_ac1_ev_source', 'CreditRating'), ('prospect_both_50_30_ac1_ev_target', 'prospect_CreditRating'))": 1,
    "(('prospect_both_50_30_ac1_ev_source', 'Country'), ('prospect_both_50_30_ac1_ev_target', 'prospect_Country'))": 1,
    "(('prospect_both_50_30_ac1_ev_source', 'MiddleInitial'), ('prospect_both_50_30_ac1_ev_target', 'prospect_MiddleInitial'))": 1,
    "(('prospect_both_50_30_ac1_ev_source', 'Gender'), ('prospect_both_50_30_ac1_ev_target', 'prospect_MiddleInitial'))": 1.0,
    "(('prospect_both_50_30_ac1_ev_source', 'AgencyID'), ('prospect_both_50_30_ac1_ev_target', 'prospect_AgencyID'))": 0.5,
    "(('prospect_both_50_30_ac1_ev_source', 'OwnOrRentFlag'), ('prospect_both_50_30_ac1_ev_target', 'prospect_MaritalStatus'))": 0.5
  },
  "metrics": {
    "precision": 1.0,
    "recall": 0.8333333333333334,
    "f1_score": 0.9090909090909091,
    "precision_at_10_percent": 1.0,
    "precision_at_20_percent": 1.0,
    "precision_at_30_percent": 1.0,
    "precision_at_40_percent": 1.0,
    "precision_at_50_percent": 1.0,
    "precision_at_60_percent": 1.0,
    "precision_at_70_percent": 0.8333333333333334,
    "precision_at_80_percent": 0.8571428571428571,
    "precision_at_90_percent": 0.75,
    "recall_at_sizeof_ground_truth": 0.8333333333333334
  },
  "run_times": {
    "total_time": 0.3760659049999049,
    "algorithm_time": 0.2757760539998344
  }
}