{
  "name": "prospect_horizontal_100_ac2_av__DiscreteQualityMatcher{'process_num': 4}",
  "matches": {
    "(('prospect_horizontal_100_ac2_av_source', 'MiddleInitial'), ('prospect_horizontal_100_ac2_av_target', 'MiInit'))": 1,
    "(('prospect_horizontal_100_ac2_av_source', 'MiddleInitial'), ('prospect_horizontal_100_ac2_av_target', 'Gen'))": 1.0,
    "(('prospect_horizontal_100_ac2_av_source', 'Gender'), ('prospect_horizontal_100_ac2_av_target', 'MiInit'))": 1.0,
    "(('prospect_horizontal_100_ac2_av_source', 'Gender'), ('prospect_horizontal_100_ac2_av_target', 'Gen'))": 1.0,
    "(('prospect_horizontal_100_ac2_av_source', 'NumberCars'), ('prospect_horizontal_100_ac2_av_target', 'NumC'))": 1.0,
    "(('prospect_horizontal_100_ac2_av_source', 'NumberCars'), ('prospect_horizontal_100_ac2_av_target', 'NumCh'))": 1.0,
    "(('prospect_horizontal_100_ac2_av_source', 'NumberCars'), ('prospect_horizontal_100_ac2_av_target', 'NumCreCa'))": 1.0,
    "(('prospect_horizontal_100_ac2_av_source', 'MaritalStatus'), ('prospect_horizontal_100_ac2_av_target', 'MarSta'))": 1,
    "(('prospect_horizontal_100_ac2_av_source', 'OwnOrRentFlag'), ('prospect_horizontal_100_ac2_av_target', 'OORFl'))": 1,
    "(('prospect_horizontal_100_ac2_av_source', 'NumberChildren'), ('prospect_horizontal_100_ac2_av_target', 'NumCreCa'))": 0.75,
    "(('prospect_horizontal_100_ac2_av_source', 'Age'), ('prospect_horizontal_100_ac2_av_target', 'A'))": 0.75,
    "(('prospect_horizontal_100_ac2_av_source', 'CreditRating'), ('prospect_horizontal_100_ac2_av_target', 'CreRat'))": 0.75,
    "(('prospect_horizontal_100_ac2_av_source', 'NumberCreditCards'), ('prospect_horizontal_100_ac2_av_target', 'NumCreCa'))": 0.75,
    "(('prospect_horizontal_100_ac2_av_source', 'NumberChildren'), ('prospect_horizontal_100_ac2_av_target', 'NumC'))": 0.5,
    "(('prospect_horizontal_100_ac2_av_source', 'NumberChildren'), ('prospect_horizontal_100_ac2_av_target', 'NumCh'))": 0.5,
    "(('prospect_horizontal_100_ac2_av_source', 'NumberChildren'), ('prospect_horizontal_100_ac2_av_target', 'A'))": 0.5,
    "(('prospect_horizontal_100_ac2_av_source', 'MaritalStatus'), ('prospect_horizontal_100_ac2_av_target', 'Gen'))": 0.5,
    "(('prospect_horizontal_100_ac2_av_source', 'OwnOrRentFlag'), ('prospect_horizontal_100_ac2_av_target', 'MarSta'))": 0.5,
    "(('prospect_horizontal_100_ac2_av_source', 'NumberCreditCards'), ('prospect_horizontal_100_ac2_av_target', 'NumC'))": 0.5,
    "(('prospect_horizontal_100_ac2_av_source', 'NumberCreditCards'), ('prospect_horizontal_100_ac2_av_target', 'NumCh'))": 0.5,
    "(('prospect_horizontal_100_ac2_av_source', 'NumberCreditCards'), ('prospect_horizontal_100_ac2_av_target', 'A'))": 0.5
  },
  "metrics": {
    "precision": 0.7777777777777778,
    "recall": 0.3181818181818182,
    "f1_score": 0.45161290322580644,
    "precision_at_10_percent": 0.3333333333333333,
    "precision_at_20_percent": 0.6,
    "precision_at_30_percent": 0.42857142857142855,
    "precision_at_40_percent": 0.5555555555555556,
    "precision_at_50_percent": 0.5454545454545454,
    "precision_at_60_percent": 0.6153846153846154,
    "precision_at_70_percent": 0.6,
    "precision_at_80_percent": 0.5294117647058824,
    "precision_at_90_percent": 0.47368421052631576,
    "recall_at_sizeof_ground_truth": 0.4090909090909091
  },
  "run_times": {
    "total_time": 1.6482056270001522,
    "algorithm_time": 1.395736731999932
  }
}