{
  "name": "prospect_horizontal_50_ac3_av__DiscreteQualityMatcher{'process_num': 4}",
  "matches": {
    "(('prospect_horizontal_50_ac3_av_source', 'MiddleInitial'), ('prospect_horizontal_50_ac3_av_target', 'mddlntl'))": 1,
    "(('prospect_horizontal_50_ac3_av_source', 'MiddleInitial'), ('prospect_horizontal_50_ac3_av_target', 'gndr'))": 1.0,
    "(('prospect_horizontal_50_ac3_av_source', 'Gender'), ('prospect_horizontal_50_ac3_av_target', 'mddlntl'))": 1.0,
    "(('prospect_horizontal_50_ac3_av_source', 'Gender'), ('prospect_horizontal_50_ac3_av_target', 'gndr'))": 1.0,
    "(('prospect_horizontal_50_ac3_av_source', 'NumberCars'), ('prospect_horizontal_50_ac3_av_target', 'nmbrcrdtcrds'))": 1,
    "(('prospect_horizontal_50_ac3_av_source', 'NumberChildren'), ('prospect_horizontal_50_ac3_av_target', 'nmbrcrs'))": 1,
    "(('prospect_horizontal_50_ac3_av_source', 'NumberChildren'), ('prospect_horizontal_50_ac3_av_target', 'nmbrchldrn'))": 1,
    "(('prospect_horizontal_50_ac3_av_source', 'NumberChildren'), ('prospect_horizontal_50_ac3_av_target', 'nmbrcrdtcrds'))": 1.0,
    "(('prospect_horizontal_50_ac3_av_source', 'MaritalStatus'), ('prospect_horizontal_50_ac3_av_target', 'mrtlstts'))": 1,
    "(('prospect_horizontal_50_ac3_av_source', 'Age'), ('prospect_horizontal_50_ac3_av_target', 'g'))": 1.0,
    "(('prospect_horizontal_50_ac3_av_source', 'CreditRating'), ('prospect_horizontal_50_ac3_av_target', 'crdtrtng'))": 1.0,
    "(('prospect_horizontal_50_ac3_av_source', 'OwnOrRentFlag'), ('prospect_horizontal_50_ac3_av_target', 'wnrrntflg'))": 1,
    "(('prospect_horizontal_50_ac3_av_source', 'NumberCars'), ('prospect_horizontal_50_ac3_av_target', 'nmbrcrs'))": 0.75,
    "(('prospect_horizontal_50_ac3_av_source', 'NumberCars'), ('prospect_horizontal_50_ac3_av_target', 'nmbrchldrn'))": 0.75,
    "(('prospect_horizontal_50_ac3_av_source', 'MaritalStatus'), ('prospect_horizontal_50_ac3_av_target', 'gndr'))": 0.5,
    "(('prospect_horizontal_50_ac3_av_source', 'OwnOrRentFlag'), ('prospect_horizontal_50_ac3_av_target', 'mrtlstts'))": 0.5,
    "(('prospect_horizontal_50_ac3_av_source', 'NumberCreditCards'), ('prospect_horizontal_50_ac3_av_target', 'nmbrcrs'))": 0.5,
    "(('prospect_horizontal_50_ac3_av_source', 'NumberCreditCards'), ('prospect_horizontal_50_ac3_av_target', 'nmbrchldrn'))": 0.5,
    "(('prospect_horizontal_50_ac3_av_source', 'NumberCreditCards'), ('prospect_horizontal_50_ac3_av_target', 'g'))": 0.5,
    "(('prospect_horizontal_50_ac3_av_source', 'NumberCreditCards'), ('prospect_horizontal_50_ac3_av_target', 'nmbrcrdtcrds'))": 0.5
  },
  "metrics": {
    "precision": 0.6666666666666666,
    "recall": 0.2727272727272727,
    "f1_score": 0.3870967741935484,
    "precision_at_10_percent": 0.5,
    "precision_at_20_percent": 0.5,
    "precision_at_30_percent": 0.3333333333333333,
    "precision_at_40_percent": 0.375,
    "precision_at_50_percent": 0.5,
    "precision_at_60_percent": 0.5833333333333334,
    "precision_at_70_percent": 0.5714285714285714,
    "precision_at_80_percent": 0.5,
    "precision_at_90_percent": 0.4444444444444444,
    "recall_at_sizeof_ground_truth": 0.4090909090909091
  },
  "run_times": {
    "total_time": 1.467417924000074,
    "algorithm_time": 1.259640777000186
  }
}