{
  "name": "prospect_both_50_50_ac5_ev__DiscreteQualityMatcher{'process_num': 4}",
  "matches": {
    "(('prospect_both_50_50_ac5_ev_source', 'Age'), ('prospect_both_50_50_ac5_ev_target', 'prospect_g'))": 1,
    "(('prospect_both_50_50_ac5_ev_source', 'CreditRating'), ('prospect_both_50_50_ac5_ev_target', 'prospect_crdtrtng'))": 1,
    "(('prospect_both_50_50_ac5_ev_source', 'State'), ('prospect_both_50_50_ac5_ev_target', 'prospect_stt'))": 1,
    "(('prospect_both_50_50_ac5_ev_source', 'Employer'), ('prospect_both_50_50_ac5_ev_target', 'prospect_mplr'))": 1,
    "(('prospect_both_50_50_ac5_ev_source', 'MaritalStatus'), ('prospect_both_50_50_ac5_ev_target', 'prospect_mrtlstts'))": 1,
    "(('prospect_both_50_50_ac5_ev_source', 'NumberCars'), ('prospect_both_50_50_ac5_ev_target', 'prospect_nmbrcrs'))": 1,
    "(('prospect_both_50_50_ac5_ev_source', 'NumberCars'), ('prospect_both_50_50_ac5_ev_target', 'prospect_nmbrchldrn'))": 1,
    "(('prospect_both_50_50_ac5_ev_source', 'NumberCars'), ('prospect_both_50_50_ac5_ev_target', 'prospect_nmbrcrdtcrds'))": 1.0,
    "(('prospect_both_50_50_ac5_ev_source', 'Income'), ('prospect_both_50_50_ac5_ev_target', 'prospect_ncm'))": 0.75,
    "(('prospect_both_50_50_ac5_ev_source', 'AgencyID'), ('prospect_both_50_50_ac5_ev_target', 'prospect_gncd'))": 0.5,
    "(('prospect_both_50_50_ac5_ev_source', 'NetWorth'), ('prospect_both_50_50_ac5_ev_target', 'prospect_ntwrth'))": 0.5,
    "(('prospect_both_50_50_ac5_ev_source', 'AddressLine1'), ('prospect_both_50_50_ac5_ev_target', 'prospect_ddrssln1'))": 0.5,
    "(('prospect_both_50_50_ac5_ev_source', 'PostalCode'), ('prospect_both_50_50_ac5_ev_target', 'prospect_pstlcd'))": 0.5
  },
  "metrics": {
    "precision": 1.0,
    "recall": 1.0,
    "f1_score": 1.0,
    "precision_at_10_percent": 1.0,
    "precision_at_20_percent": 1.0,
    "precision_at_30_percent": 1.0,
    "precision_at_40_percent": 1.0,
    "precision_at_50_percent": 0.8571428571428571,
    "precision_at_60_percent": 0.75,
    "precision_at_70_percent": 0.8,
    "precision_at_80_percent": 0.8181818181818182,
    "precision_at_90_percent": 0.8333333333333334,
    "recall_at_sizeof_ground_truth": 0.8181818181818182
  },
  "run_times": {
    "total_time": 0.6498528410002109,
    "algorithm_time": 0.5247441010001239
  }
}