{
  "name": "prospect_both_50_70_ac5_ev__DiscreteQualityMatcher{'process_num': 4}",
  "matches": {
    "(('prospect_both_50_70_ac5_ev_source', 'Employer'), ('prospect_both_50_70_ac5_ev_target', 'prospect_mplr'))": 1,
    "(('prospect_both_50_70_ac5_ev_source', 'NumberCreditCards'), ('prospect_both_50_70_ac5_ev_target', 'prospect_nmbrcrdtcrds'))": 1,
    "(('prospect_both_50_70_ac5_ev_source', 'MaritalStatus'), ('prospect_both_50_70_ac5_ev_target', 'prospect_mrtlstts'))": 1,
    "(('prospect_both_50_70_ac5_ev_source', 'Gender'), ('prospect_both_50_70_ac5_ev_target', 'prospect_gndr'))": 1.0,
    "(('prospect_both_50_70_ac5_ev_source', 'NumberChildren'), ('prospect_both_50_70_ac5_ev_target', 'prospect_nmbrcrdtcrds'))": 1.0,
    "(('prospect_both_50_70_ac5_ev_source', 'NumberChildren'), ('prospect_both_50_70_ac5_ev_target', 'prospect_nmbrchldrn'))": 1,
    "(('prospect_both_50_70_ac5_ev_source', 'NumberChildren'), ('prospect_both_50_70_ac5_ev_target', 'prospect_nmbrcrs'))": 1,
    "(('prospect_both_50_70_ac5_ev_source', 'Age'), ('prospect_both_50_70_ac5_ev_target', 'prospect_g'))": 1,
    "(('prospect_both_50_70_ac5_ev_source', 'City'), ('prospect_both_50_70_ac5_ev_target', 'prospect_ct'))": 1,
    "(('prospect_both_50_70_ac5_ev_source', 'Country'), ('prospect_both_50_70_ac5_ev_target', 'prospect_cntr'))": 1,
    "(('prospect_both_50_70_ac5_ev_source', 'NumberCars'), ('prospect_both_50_70_ac5_ev_target', 'prospect_nmbrcrdtcrds'))": 1.0,
    "(('prospect_both_50_70_ac5_ev_source', 'NumberCars'), ('prospect_both_50_70_ac5_ev_target', 'prospect_nmbrchldrn'))": 1,
    "(('prospect_both_50_70_ac5_ev_source', 'NumberCars'), ('prospect_both_50_70_ac5_ev_target', 'prospect_nmbrcrs'))": 1,
    "(('prospect_both_50_70_ac5_ev_source', 'MiddleInitial'), ('prospect_both_50_70_ac5_ev_target', 'prospect_gndr'))": 1.0,
    "(('prospect_both_50_70_ac5_ev_source', 'NumberCreditCards'), ('prospect_both_50_70_ac5_ev_target', 'prospect_nmbrchldrn'))": 0.75,
    "(('prospect_both_50_70_ac5_ev_source', 'NumberCreditCards'), ('prospect_both_50_70_ac5_ev_target', 'prospect_nmbrcrs'))": 0.75,
    "(('prospect_both_50_70_ac5_ev_source', 'Phone'), ('prospect_both_50_70_ac5_ev_target', 'prospect_phn'))": 0.75,
    "(('prospect_both_50_70_ac5_ev_source', 'AgencyID'), ('prospect_both_50_70_ac5_ev_target', 'prospect_gncd'))": 0.5,
    "(('prospect_both_50_70_ac5_ev_source', 'FirstName'), ('prospect_both_50_70_ac5_ev_target', 'prospect_frstnm'))": 0.5,
    "(('prospect_both_50_70_ac5_ev_source', 'NetWorth'), ('prospect_both_50_70_ac5_ev_target', 'prospect_ntwrth'))": 0.5,
    "(('prospect_both_50_70_ac5_ev_source', 'LastName'), ('prospect_both_50_70_ac5_ev_target', 'prospect_lstnm'))": 0.5
  },
  "metrics": {
    "precision": 1.0,
    "recall": 0.9333333333333333,
    "f1_score": 0.9655172413793104,
    "precision_at_10_percent": 1.0,
    "precision_at_20_percent": 0.8,
    "precision_at_30_percent": 0.7142857142857143,
    "precision_at_40_percent": 0.7777777777777778,
    "precision_at_50_percent": 0.7272727272727273,
    "precision_at_60_percent": 0.6923076923076923,
    "precision_at_70_percent": 0.6,
    "precision_at_80_percent": 0.5882352941176471,
    "precision_at_90_percent": 0.631578947368421,
    "recall_at_sizeof_ground_truth": 0.6
  },
  "run_times": {
    "total_time": 0.8413844250003422,
    "algorithm_time": 0.6993396630000461
  }
}