{
  "name": "prospect_both_0_50_ac3_ev__DiscreteQualityMatcher{'process_num': 4}",
  "matches": {
    "(('prospect_both_0_50_ac3_ev_source', 'OwnOrRentFlag'), ('prospect_both_0_50_ac3_ev_target', 'wnrrntflg'))": 1,
    "(('prospect_both_0_50_ac3_ev_source', 'Employer'), ('prospect_both_0_50_ac3_ev_target', 'mplr'))": 1,
    "(('prospect_both_0_50_ac3_ev_source', 'MiddleInitial'), ('prospect_both_0_50_ac3_ev_target', 'mddlntl'))": 1,
    "(('prospect_both_0_50_ac3_ev_source', 'MiddleInitial'), ('prospect_both_0_50_ac3_ev_target', 'gndr'))": 1.0,
    "(('prospect_both_0_50_ac3_ev_source', 'Gender'), ('prospect_both_0_50_ac3_ev_target', 'mddlntl'))": 1.0,
    "(('prospect_both_0_50_ac3_ev_source', 'Gender'), ('prospect_both_0_50_ac3_ev_target', 'gndr'))": 1.0,
    "(('prospect_both_0_50_ac3_ev_source', 'NumberCars'), ('prospect_both_0_50_ac3_ev_target', 'nmbrcrs'))": 1,
    "(('prospect_both_0_50_ac3_ev_source', 'NumberCars'), ('prospect_both_0_50_ac3_ev_target', 'nmbrchldrn'))": 1,
    "(('prospect_both_0_50_ac3_ev_source', 'NumberCars'), ('prospect_both_0_50_ac3_ev_target', 'nmbrcrdtcrds'))": 1.0,
    "(('prospect_both_0_50_ac3_ev_source', 'State'), ('prospect_both_0_50_ac3_ev_target', 'stt'))": 1,
    "(('prospect_both_0_50_ac3_ev_source', 'MaritalStatus'), ('prospect_both_0_50_ac3_ev_target', 'mrtlstts'))": 1,
    "(('prospect_both_0_50_ac3_ev_source', 'OwnOrRentFlag'), ('prospect_both_0_50_ac3_ev_target', 'mrtlstts'))": 0.5,
    "(('prospect_both_0_50_ac3_ev_source', 'MaritalStatus'), ('prospect_both_0_50_ac3_ev_target', 'gndr'))": 0.5
  },
  "metrics": {
    "precision": 1.0,
    "recall": 0.6363636363636364,
    "f1_score": 0.7777777777777778,
    "precision_at_10_percent": 1.0,
    "precision_at_20_percent": 1.0,
    "precision_at_30_percent": 0.75,
    "precision_at_40_percent": 0.6666666666666666,
    "precision_at_50_percent": 0.7142857142857143,
    "precision_at_60_percent": 0.625,
    "precision_at_70_percent": 0.6,
    "precision_at_80_percent": 0.6363636363636364,
    "precision_at_90_percent": 0.5833333333333334,
    "recall_at_sizeof_ground_truth": 0.6363636363636364
  },
  "run_times": {
    "total_time": 0.4502722749998611,
    "algorithm_time": 0.35946178699987286
  }
}