{
  "name": "prospect_both_0_70_ac2_ev__DiscreteQualityMatcher{'process_num': 4}",
  "matches": {
    "(('prospect_both_0_70_ac2_ev_source', 'MiddleInitial'), ('prospect_both_0_70_ac2_ev_target', 'MidInit'))": 1,
    "(('prospect_both_0_70_ac2_ev_source', 'CreditRating'), ('prospect_both_0_70_ac2_ev_target', 'CrRat'))": 1,
    "(('prospect_both_0_70_ac2_ev_source', 'State'), ('prospect_both_0_70_ac2_ev_target', 'Sta'))": 1,
    "(('prospect_both_0_70_ac2_ev_source', 'NumberCreditCards'), ('prospect_both_0_70_ac2_ev_target', 'NuCreCar'))": 1,
    "(('prospect_both_0_70_ac2_ev_source', 'City'), ('prospect_both_0_70_ac2_ev_target', 'Ci'))": 1,
    "(('prospect_both_0_70_ac2_ev_source', 'MaritalStatus'), ('prospect_both_0_70_ac2_ev_target', 'MaSta'))": 1,
    "(('prospect_both_0_70_ac2_ev_source', 'NumberChildren'), ('prospect_both_0_70_ac2_ev_target', 'NuCreCar'))": 1.0,
    "(('prospect_both_0_70_ac2_ev_source', 'NumberChildren'), ('prospect_both_0_70_ac2_ev_target', 'NuCh'))": 1,
    "(('prospect_both_0_70_ac2_ev_source', 'NumberChildren'), ('prospect_both_0_70_ac2_ev_target', 'NumCa'))": 1,
    "(('prospect_both_0_70_ac2_ev_source', 'Age'), ('prospect_both_0_70_ac2_ev_target', 'Ag'))": 1,
    "(('prospect_both_0_70_ac2_ev_source', 'Employer'), ('prospect_both_0_70_ac2_ev_target', 'Emp'))": 1,
    "(('prospect_both_0_70_ac2_ev_source', 'Country'), ('prospect_both_0_70_ac2_ev_target', 'Coun'))": 1,
    "(('prospect_both_0_70_ac2_ev_source', 'Gender'), ('prospect_both_0_70_ac2_ev_target', 'MidInit'))": 1.0,
    "(('prospect_both_0_70_ac2_ev_source', 'NumberCreditCards'), ('prospect_both_0_70_ac2_ev_target', 'NuCh'))": 0.75,
    "(('prospect_both_0_70_ac2_ev_source', 'NumberCreditCards'), ('prospect_both_0_70_ac2_ev_target', 'NumCa'))": 0.75
  },
  "metrics": {
    "precision": 1.0,
    "recall": 0.6666666666666666,
    "f1_score": 0.8,
    "precision_at_10_percent": 1.0,
    "precision_at_20_percent": 1.0,
    "precision_at_30_percent": 1.0,
    "precision_at_40_percent": 1.0,
    "precision_at_50_percent": 0.875,
    "precision_at_60_percent": 0.7777777777777778,
    "precision_at_70_percent": 0.8181818181818182,
    "precision_at_80_percent": 0.8333333333333334,
    "precision_at_90_percent": 0.7142857142857143,
    "recall_at_sizeof_ground_truth": 0.6666666666666666
  },
  "run_times": {
    "total_time": 0.8205049560001498,
    "algorithm_time": 0.6897468880001725
  }
}