{
  "name": "prospect_both_0_70_ac4_ev__DiscreteQualityMatcher{'process_num': 4}",
  "matches": {
    "(('prospect_both_0_70_ac4_ev_source', 'Employer'), ('prospect_both_0_70_ac4_ev_target', 'prospect_Em'))": 1,
    "(('prospect_both_0_70_ac4_ev_source', 'Age'), ('prospect_both_0_70_ac4_ev_target', 'prospect_Ag'))": 1,
    "(('prospect_both_0_70_ac4_ev_source', 'OwnOrRentFlag'), ('prospect_both_0_70_ac4_ev_target', 'prospect_OwOReFl'))": 1,
    "(('prospect_both_0_70_ac4_ev_source', 'MiddleInitial'), ('prospect_both_0_70_ac4_ev_target', 'prospect_MidIn'))": 1,
    "(('prospect_both_0_70_ac4_ev_source', 'MaritalStatus'), ('prospect_both_0_70_ac4_ev_target', 'prospect_MariSt'))": 1,
    "(('prospect_both_0_70_ac4_ev_source', 'Country'), ('prospect_both_0_70_ac4_ev_target', 'prospect_Co'))": 1,
    "(('prospect_both_0_70_ac4_ev_source', 'NumberCars'), ('prospect_both_0_70_ac4_ev_target', 'prospect_NuCa'))": 1,
    "(('prospect_both_0_70_ac4_ev_source', 'NumberCars'), ('prospect_both_0_70_ac4_ev_target', 'prospect_NuCh'))": 1,
    "(('prospect_both_0_70_ac4_ev_source', 'NumberCars'), ('prospect_both_0_70_ac4_ev_target', 'prospect_NuCreCa'))": 1.0,
    "(('prospect_both_0_70_ac4_ev_source', 'NumberChildren'), ('prospect_both_0_70_ac4_ev_target', 'prospect_NuCa'))": 1,
    "(('prospect_both_0_70_ac4_ev_source', 'NumberChildren'), ('prospect_both_0_70_ac4_ev_target', 'prospect_NuCh'))": 1,
    "(('prospect_both_0_70_ac4_ev_source', 'NumberChildren'), ('prospect_both_0_70_ac4_ev_target', 'prospect_NuCreCa'))": 1.0,
    "(('prospect_both_0_70_ac4_ev_source', 'CreditRating'), ('prospect_both_0_70_ac4_ev_target', 'prospect_CreRat'))": 1,
    "(('prospect_both_0_70_ac4_ev_source', 'Gender'), ('prospect_both_0_70_ac4_ev_target', 'prospect_MidIn'))": 1.0,
    "(('prospect_both_0_70_ac4_ev_source', 'OwnOrRentFlag'), ('prospect_both_0_70_ac4_ev_target', 'prospect_MariSt'))": 0.5
  },
  "metrics": {
    "precision": 1.0,
    "recall": 0.6,
    "f1_score": 0.7499999999999999,
    "precision_at_10_percent": 1.0,
    "precision_at_20_percent": 1.0,
    "precision_at_30_percent": 1.0,
    "precision_at_40_percent": 1.0,
    "precision_at_50_percent": 0.875,
    "precision_at_60_percent": 0.7777777777777778,
    "precision_at_70_percent": 0.7272727272727273,
    "precision_at_80_percent": 0.6666666666666666,
    "precision_at_90_percent": 0.6428571428571429,
    "recall_at_sizeof_ground_truth": 0.6
  },
  "run_times": {
    "total_time": 0.8971159050001916,
    "algorithm_time": 0.7776009450003585
  }
}