{
  "name": "prospect_both_50_70_ac5_av__DiscreteQualityMatcher{'process_num': 4}",
  "matches": {
    "(('prospect_both_50_70_ac5_av_source', 'NumberChildren'), ('prospect_both_50_70_ac5_av_target', 'prospect_nmbrcrdtcrds'))": 1.0,
    "(('prospect_both_50_70_ac5_av_source', 'MiddleInitial'), ('prospect_both_50_70_ac5_av_target', 'prospect_mddlntl'))": 1,
    "(('prospect_both_50_70_ac5_av_source', 'MiddleInitial'), ('prospect_both_50_70_ac5_av_target', 'prospect_gndr'))": 1.0,
    "(('prospect_both_50_70_ac5_av_source', 'Gender'), ('prospect_both_50_70_ac5_av_target', 'prospect_mddlntl'))": 1.0,
    "(('prospect_both_50_70_ac5_av_source', 'Gender'), ('prospect_both_50_70_ac5_av_target', 'prospect_gndr'))": 1.0,
    "(('prospect_both_50_70_ac5_av_source', 'NumberCars'), ('prospect_both_50_70_ac5_av_target', 'prospect_nmbrcrdtcrds'))": 1.0,
    "(('prospect_both_50_70_ac5_av_source', 'CreditRating'), ('prospect_both_50_70_ac5_av_target', 'prospect_crdtrtng'))": 0.75,
    "(('prospect_both_50_70_ac5_av_source', 'NumberChildren'), ('prospect_both_50_70_ac5_av_target', 'prospect_nmbrchldrn'))": 0.75,
    "(('prospect_both_50_70_ac5_av_source', 'NumberChildren'), ('prospect_both_50_70_ac5_av_target', 'prospect_nmbrcrs'))": 0.75,
    "(('prospect_both_50_70_ac5_av_source', 'NumberCars'), ('prospect_both_50_70_ac5_av_target', 'prospect_nmbrchldrn'))": 0.75,
    "(('prospect_both_50_70_ac5_av_source', 'NumberCars'), ('prospect_both_50_70_ac5_av_target', 'prospect_nmbrcrs'))": 0.75,
    "(('prospect_both_50_70_ac5_av_source', 'PostalCode'), ('prospect_both_50_70_ac5_av_target', 'prospect_pstlcd'))": 0.5
  },
  "metrics": {
    "precision": 0.6666666666666666,
    "recall": 0.26666666666666666,
    "f1_score": 0.3809523809523809,
    "precision_at_10_percent": 0.5,
    "precision_at_20_percent": 0.3333333333333333,
    "precision_at_30_percent": 0.25,
    "precision_at_40_percent": 0.4,
    "precision_at_50_percent": 0.3333333333333333,
    "precision_at_60_percent": 0.5,
    "precision_at_70_percent": 0.4444444444444444,
    "precision_at_80_percent": 0.4,
    "precision_at_90_percent": 0.45454545454545453,
    "recall_at_sizeof_ground_truth": 0.4
  },
  "run_times": {
    "total_time": 1.29215509200003,
    "algorithm_time": 1.1270101970003452
  }
}