{
  "name": "prospect_both_50_70_ec_ev__DiscreteQualityMatcher{'process_num': 4}",
  "matches": {
    "(('prospect_both_50_70_ec_ev_source', 'NumberCreditCards'), ('prospect_both_50_70_ec_ev_target', 'NumberCreditCards'))": 1,
    "(('prospect_both_50_70_ec_ev_source', 'MaritalStatus'), ('prospect_both_50_70_ec_ev_target', 'MaritalStatus'))": 1,
    "(('prospect_both_50_70_ec_ev_source', 'NumberChildren'), ('prospect_both_50_70_ec_ev_target', 'NumberCreditCards'))": 1.0,
    "(('prospect_both_50_70_ec_ev_source', 'NumberChildren'), ('prospect_both_50_70_ec_ev_target', 'NumberChildren'))": 1,
    "(('prospect_both_50_70_ec_ev_source', 'NumberChildren'), ('prospect_both_50_70_ec_ev_target', 'NumberCars'))": 1,
    "(('prospect_both_50_70_ec_ev_source', 'City'), ('prospect_both_50_70_ec_ev_target', 'City'))": 1,
    "(('prospect_both_50_70_ec_ev_source', 'Gender'), ('prospect_both_50_70_ec_ev_target', 'Gender'))": 1.0,
    "(('prospect_both_50_70_ec_ev_source', 'State'), ('prospect_both_50_70_ec_ev_target', 'State'))": 1,
    "(('prospect_both_50_70_ec_ev_source', 'Age'), ('prospect_both_50_70_ec_ev_target', 'Age'))": 1,
    "(('prospect_both_50_70_ec_ev_source', 'Country'), ('prospect_both_50_70_ec_ev_target', 'Country'))": 1,
    "(('prospect_both_50_70_ec_ev_source', 'MiddleInitial'), ('prospect_both_50_70_ec_ev_target', 'Gender'))": 1.0,
    "(('prospect_both_50_70_ec_ev_source', 'Phone'), ('prospect_both_50_70_ec_ev_target', 'Phone'))": 0.75,
    "(('prospect_both_50_70_ec_ev_source', 'NumberCreditCards'), ('prospect_both_50_70_ec_ev_target', 'NumberChildren'))": 0.75,
    "(('prospect_both_50_70_ec_ev_source', 'NumberCreditCards'), ('prospect_both_50_70_ec_ev_target', 'NumberCars'))": 0.75,
    "(('prospect_both_50_70_ec_ev_source', 'Income'), ('prospect_both_50_70_ec_ev_target', 'Income'))": 0.75,
    "(('prospect_both_50_70_ec_ev_source', 'AgencyID'), ('prospect_both_50_70_ec_ev_target', 'AgencyID'))": 0.5,
    "(('prospect_both_50_70_ec_ev_source', 'NetWorth'), ('prospect_both_50_70_ec_ev_target', 'NetWorth'))": 0.5,
    "(('prospect_both_50_70_ec_ev_source', 'AddressLine1'), ('prospect_both_50_70_ec_ev_target', 'AddressLine1'))": 0.5,
    "(('prospect_both_50_70_ec_ev_source', 'FirstName'), ('prospect_both_50_70_ec_ev_target', 'FirstName'))": 0.5,
    "(('prospect_both_50_70_ec_ev_source', 'PostalCode'), ('prospect_both_50_70_ec_ev_target', 'PostalCode'))": 0.5
  },
  "metrics": {
    "precision": 1.0,
    "recall": 1.0,
    "f1_score": 1.0,
    "precision_at_10_percent": 1.0,
    "precision_at_20_percent": 0.75,
    "precision_at_30_percent": 0.6666666666666666,
    "precision_at_40_percent": 0.75,
    "precision_at_50_percent": 0.8,
    "precision_at_60_percent": 0.75,
    "precision_at_70_percent": 0.6428571428571429,
    "precision_at_80_percent": 0.6875,
    "precision_at_90_percent": 0.7222222222222222,
    "recall_at_sizeof_ground_truth": 0.6666666666666666
  },
  "run_times": {
    "total_time": 0.8079475229997115,
    "algorithm_time": 0.6694504119996054
  }
}