{
  "name": "prospect_both_50_70_ac3_ev__DiscreteQualityMatcher{'process_num': 4}",
  "matches": {
    "(('prospect_both_50_70_ac3_ev_source', 'CreditRating'), ('prospect_both_50_70_ac3_ev_target', 'crdtrtng'))": 1,
    "(('prospect_both_50_70_ac3_ev_source', 'City'), ('prospect_both_50_70_ac3_ev_target', 'ct'))": 1,
    "(('prospect_both_50_70_ac3_ev_source', 'Gender'), ('prospect_both_50_70_ac3_ev_target', 'gndr'))": 1.0,
    "(('prospect_both_50_70_ac3_ev_source', 'Gender'), ('prospect_both_50_70_ac3_ev_target', 'mddlntl'))": 1.0,
    "(('prospect_both_50_70_ac3_ev_source', 'NumberChildren'), ('prospect_both_50_70_ac3_ev_target', 'nmbrchldrn'))": 1,
    "(('prospect_both_50_70_ac3_ev_source', 'NumberChildren'), ('prospect_both_50_70_ac3_ev_target', 'nmbrcrs'))": 1,
    "(('prospect_both_50_70_ac3_ev_source', 'NumberChildren'), ('prospect_both_50_70_ac3_ev_target', 'nmbrcrdtcrds'))": 1.0,
    "(('prospect_both_50_70_ac3_ev_source', 'OwnOrRentFlag'), ('prospect_both_50_70_ac3_ev_target', 'wnrrntflg'))": 1,
    "(('prospect_both_50_70_ac3_ev_source', 'MiddleInitial'), ('prospect_both_50_70_ac3_ev_target', 'gndr'))": 1.0,
    "(('prospect_both_50_70_ac3_ev_source', 'MiddleInitial'), ('prospect_both_50_70_ac3_ev_target', 'mddlntl'))": 1,
    "(('prospect_both_50_70_ac3_ev_source', 'Employer'), ('prospect_both_50_70_ac3_ev_target', 'mplr'))": 1,
    "(('prospect_both_50_70_ac3_ev_source', 'Country'), ('prospect_both_50_70_ac3_ev_target', 'cntr'))": 1,
    "(('prospect_both_50_70_ac3_ev_source', 'Phone'), ('prospect_both_50_70_ac3_ev_target', 'phn'))": 0.75,
    "(('prospect_both_50_70_ac3_ev_source', 'Income'), ('prospect_both_50_70_ac3_ev_target', 'ncm'))": 0.75,
    "(('prospect_both_50_70_ac3_ev_source', 'AgencyID'), ('prospect_both_50_70_ac3_ev_target', 'gncd'))": 0.5,
    "(('prospect_both_50_70_ac3_ev_source', 'PostalCode'), ('prospect_both_50_70_ac3_ev_target', 'pstlcd'))": 0.5,
    "(('prospect_both_50_70_ac3_ev_source', 'OwnOrRentFlag'), ('prospect_both_50_70_ac3_ev_target', 'mrtlstts'))": 0.5,
    "(('prospect_both_50_70_ac3_ev_source', 'AddressLine1'), ('prospect_both_50_70_ac3_ev_target', 'ddrssln1'))": 0.5,
    "(('prospect_both_50_70_ac3_ev_source', 'LastName'), ('prospect_both_50_70_ac3_ev_target', 'lstnm'))": 0.5,
    "(('prospect_both_50_70_ac3_ev_source', 'NetWorth'), ('prospect_both_50_70_ac3_ev_target', 'ntwrth'))": 0.5
  },
  "metrics": {
    "precision": 1.0,
    "recall": 1.0,
    "f1_score": 1.0,
    "precision_at_10_percent": 1.0,
    "precision_at_20_percent": 0.75,
    "precision_at_30_percent": 0.6666666666666666,
    "precision_at_40_percent": 0.625,
    "precision_at_50_percent": 0.6,
    "precision_at_60_percent": 0.6666666666666666,
    "precision_at_70_percent": 0.7142857142857143,
    "precision_at_80_percent": 0.75,
    "precision_at_90_percent": 0.7222222222222222,
    "recall_at_sizeof_ground_truth": 0.7333333333333333
  },
  "run_times": {
    "total_time": 0.7752700649998587,
    "algorithm_time": 0.6341290409995963
  }
}