{
  "name": "prospect_both_50_70_ac2_ev__DiscreteQualityMatcher{'process_num': 4}",
  "matches": {
    "(('prospect_both_50_70_ac2_ev_source', 'City'), ('prospect_both_50_70_ac2_ev_target', 'Ci'))": 1,
    "(('prospect_both_50_70_ac2_ev_source', 'MiddleInitial'), ('prospect_both_50_70_ac2_ev_target', 'MiIn'))": 1,
    "(('prospect_both_50_70_ac2_ev_source', 'MiddleInitial'), ('prospect_both_50_70_ac2_ev_target', 'Ge'))": 1.0,
    "(('prospect_both_50_70_ac2_ev_source', 'NumberCreditCards'), ('prospect_both_50_70_ac2_ev_target', 'NumCrCar'))": 1,
    "(('prospect_both_50_70_ac2_ev_source', 'Age'), ('prospect_both_50_70_ac2_ev_target', 'A'))": 1,
    "(('prospect_both_50_70_ac2_ev_source', 'CreditRating'), ('prospect_both_50_70_ac2_ev_target', 'CrRat'))": 1,
    "(('prospect_both_50_70_ac2_ev_source', 'MaritalStatus'), ('prospect_both_50_70_ac2_ev_target', 'MarSt'))": 1,
    "(('prospect_both_50_70_ac2_ev_source', 'Gender'), ('prospect_both_50_70_ac2_ev_target', 'MiIn'))": 1.0,
    "(('prospect_both_50_70_ac2_ev_source', 'Gender'), ('prospect_both_50_70_ac2_ev_target', 'Ge'))": 1.0,
    "(('prospect_both_50_70_ac2_ev_source', 'OwnOrRentFlag'), ('prospect_both_50_70_ac2_ev_target', 'OORFl'))": 1,
    "(('prospect_both_50_70_ac2_ev_source', 'Country'), ('prospect_both_50_70_ac2_ev_target', 'Coun'))": 1,
    "(('prospect_both_50_70_ac2_ev_source', 'NumberChildren'), ('prospect_both_50_70_ac2_ev_target', 'NumCrCar'))": 1.0,
    "(('prospect_both_50_70_ac2_ev_source', 'NumberChildren'), ('prospect_both_50_70_ac2_ev_target', 'NuChi'))": 1,
    "(('prospect_both_50_70_ac2_ev_source', 'NumberChildren'), ('prospect_both_50_70_ac2_ev_target', 'NuC'))": 1,
    "(('prospect_both_50_70_ac2_ev_source', 'NumberCreditCards'), ('prospect_both_50_70_ac2_ev_target', 'NuChi'))": 0.75,
    "(('prospect_both_50_70_ac2_ev_source', 'NumberCreditCards'), ('prospect_both_50_70_ac2_ev_target', 'NuC'))": 0.75,
    "(('prospect_both_50_70_ac2_ev_source', 'Phone'), ('prospect_both_50_70_ac2_ev_target', 'Ph'))": 0.75,
    "(('prospect_both_50_70_ac2_ev_source', 'AgencyID'), ('prospect_both_50_70_ac2_ev_target', 'AgID'))": 0.5,
    "(('prospect_both_50_70_ac2_ev_source', 'LastName'), ('prospect_both_50_70_ac2_ev_target', 'LaNa'))": 0.5,
    "(('prospect_both_50_70_ac2_ev_source', 'OwnOrRentFlag'), ('prospect_both_50_70_ac2_ev_target', 'MarSt'))": 0.5,
    "(('prospect_both_50_70_ac2_ev_source', 'AddressLine1'), ('prospect_both_50_70_ac2_ev_target', 'AddL1'))": 0.5
  },
  "metrics": {
    "precision": 1.0,
    "recall": 0.9333333333333333,
    "f1_score": 0.9655172413793104,
    "precision_at_10_percent": 0.6666666666666666,
    "precision_at_20_percent": 0.8,
    "precision_at_30_percent": 0.8571428571428571,
    "precision_at_40_percent": 0.7777777777777778,
    "precision_at_50_percent": 0.8181818181818182,
    "precision_at_60_percent": 0.7692307692307693,
    "precision_at_70_percent": 0.6666666666666666,
    "precision_at_80_percent": 0.6470588235294118,
    "precision_at_90_percent": 0.6842105263157895,
    "recall_at_sizeof_ground_truth": 0.6666666666666666
  },
  "run_times": {
    "total_time": 1.1577300669996475,
    "algorithm_time": 0.9967761139996583
  }
}