{
  "name": "prospect_horizontal_100_ec_av__DiscreteQualityMatcher{'process_num': 4}",
  "matches": {
    "(('prospect_horizontal_100_ec_av_source', 'MiddleInitial'), ('prospect_horizontal_100_ec_av_target', 'MiddleInitial'))": 1,
    "(('prospect_horizontal_100_ec_av_source', 'MiddleInitial'), ('prospect_horizontal_100_ec_av_target', 'Gender'))": 1.0,
    "(('prospect_horizontal_100_ec_av_source', 'Gender'), ('prospect_horizontal_100_ec_av_target', 'MiddleInitial'))": 1.0,
    "(('prospect_horizontal_100_ec_av_source', 'Gender'), ('prospect_horizontal_100_ec_av_target', 'Gender'))": 1.0,
    "(('prospect_horizontal_100_ec_av_source', 'NumberCars'), ('prospect_horizontal_100_ec_av_target', 'NumberCreditCards'))": 1.0,
    "(('prospect_horizontal_100_ec_av_source', 'NumberChildren'), ('prospect_horizontal_100_ec_av_target', 'NumberCreditCards'))": 1.0,
    "(('prospect_horizontal_100_ec_av_source', 'MaritalStatus'), ('prospect_horizontal_100_ec_av_target', 'MaritalStatus'))": 1,
    "(('prospect_horizontal_100_ec_av_source', 'OwnOrRentFlag'), ('prospect_horizontal_100_ec_av_target', 'OwnOrRentFlag'))": 1,
    "(('prospect_horizontal_100_ec_av_source', 'NumberChildren'), ('prospect_horizontal_100_ec_av_target', 'NumberCars'))": 0.75,
    "(('prospect_horizontal_100_ec_av_source', 'NumberChildren'), ('prospect_horizontal_100_ec_av_target', 'NumberChildren'))": 0.75,
    "(('prospect_horizontal_100_ec_av_source', 'Age'), ('prospect_horizontal_100_ec_av_target', 'Age'))": 0.75,
    "(('prospect_horizontal_100_ec_av_source', 'CreditRating'), ('prospect_horizontal_100_ec_av_target', 'CreditRating'))": 0.75,
    "(('prospect_horizontal_100_ec_av_source', 'NumberCreditCards'), ('prospect_horizontal_100_ec_av_target', 'NumberCreditCards'))": 0.75,
    "(('prospect_horizontal_100_ec_av_source', 'NumberCars'), ('prospect_horizontal_100_ec_av_target', 'NumberCars'))": 0.5,
    "(('prospect_horizontal_100_ec_av_source', 'NumberCars'), ('prospect_horizontal_100_ec_av_target', 'NumberChildren'))": 0.5,
    "(('prospect_horizontal_100_ec_av_source', 'NumberCars'), ('prospect_horizontal_100_ec_av_target', 'Age'))": 0.5,
    "(('prospect_horizontal_100_ec_av_source', 'MaritalStatus'), ('prospect_horizontal_100_ec_av_target', 'Gender'))": 0.5,
    "(('prospect_horizontal_100_ec_av_source', 'OwnOrRentFlag'), ('prospect_horizontal_100_ec_av_target', 'MaritalStatus'))": 0.5,
    "(('prospect_horizontal_100_ec_av_source', 'NumberCreditCards'), ('prospect_horizontal_100_ec_av_target', 'NumberCars'))": 0.5,
    "(('prospect_horizontal_100_ec_av_source', 'NumberCreditCards'), ('prospect_horizontal_100_ec_av_target', 'NumberChildren'))": 0.5,
    "(('prospect_horizontal_100_ec_av_source', 'NumberCreditCards'), ('prospect_horizontal_100_ec_av_target', 'Age'))": 0.5
  },
  "metrics": {
    "precision": 0.6666666666666666,
    "recall": 0.2727272727272727,
    "f1_score": 0.3870967741935484,
    "precision_at_10_percent": 0.3333333333333333,
    "precision_at_20_percent": 0.4,
    "precision_at_30_percent": 0.42857142857142855,
    "precision_at_40_percent": 0.4444444444444444,
    "precision_at_50_percent": 0.5454545454545454,
    "precision_at_60_percent": 0.6153846153846154,
    "precision_at_70_percent": 0.6,
    "precision_at_80_percent": 0.5294117647058824,
    "precision_at_90_percent": 0.47368421052631576,
    "recall_at_sizeof_ground_truth": 0.4090909090909091
  },
  "run_times": {
    "total_time": 1.5165123330002643,
    "algorithm_time": 1.2916175270001986
  }
}