{
  "name": "prospect_both_50_70_ec_av__DiscreteQualityMatcher{'process_num': 4}",
  "matches": {
    "(('prospect_both_50_70_ec_av_source', 'OwnOrRentFlag'), ('prospect_both_50_70_ec_av_target', 'OwnOrRentFlag'))": 1,
    "(('prospect_both_50_70_ec_av_source', 'MiddleInitial'), ('prospect_both_50_70_ec_av_target', 'MiddleInitial'))": 1,
    "(('prospect_both_50_70_ec_av_source', 'NumberCreditCards'), ('prospect_both_50_70_ec_av_target', 'NumberCreditCards'))": 1.0,
    "(('prospect_both_50_70_ec_av_source', 'Age'), ('prospect_both_50_70_ec_av_target', 'Age'))": 1.0,
    "(('prospect_both_50_70_ec_av_source', 'NumberChildren'), ('prospect_both_50_70_ec_av_target', 'NumberCreditCards'))": 1.0,
    "(('prospect_both_50_70_ec_av_source', 'NumberChildren'), ('prospect_both_50_70_ec_av_target', 'NumberChildren'))": 1,
    "(('prospect_both_50_70_ec_av_source', 'NumberChildren'), ('prospect_both_50_70_ec_av_target', 'NumberCars'))": 1,
    "(('prospect_both_50_70_ec_av_source', 'Gender'), ('prospect_both_50_70_ec_av_target', 'MiddleInitial'))": 1.0,
    "(('prospect_both_50_70_ec_av_source', 'CreditRating'), ('prospect_both_50_70_ec_av_target', 'CreditRating'))": 0.75,
    "(('prospect_both_50_70_ec_av_source', 'NumberCreditCards'), ('prospect_both_50_70_ec_av_target', 'NumberChildren'))": 0.75,
    "(('prospect_both_50_70_ec_av_source', 'NumberCreditCards'), ('prospect_both_50_70_ec_av_target', 'NumberCars'))": 0.75,
    "(('prospect_both_50_70_ec_av_source', 'OwnOrRentFlag'), ('prospect_both_50_70_ec_av_target', 'MaritalStatus'))": 0.5
  },
  "metrics": {
    "precision": 1.0,
    "recall": 0.4,
    "f1_score": 0.5714285714285715,
    "precision_at_10_percent": 1.0,
    "precision_at_20_percent": 1.0,
    "precision_at_30_percent": 1.0,
    "precision_at_40_percent": 0.8,
    "precision_at_50_percent": 0.8333333333333334,
    "precision_at_60_percent": 0.625,
    "precision_at_70_percent": 0.6666666666666666,
    "precision_at_80_percent": 0.6,
    "precision_at_90_percent": 0.5454545454545454,
    "recall_at_sizeof_ground_truth": 0.4
  },
  "run_times": {
    "total_time": 1.404338209999878,
    "algorithm_time": 1.0269776449999881
  }
}