{
  "name": "prospect_both_50_50_ec_ev__DiscreteQualityMatcher{'process_num': 4}",
  "matches": {
    "(('prospect_both_50_50_ec_ev_source', 'Gender'), ('prospect_both_50_50_ec_ev_target', 'Gender'))": 1.0,
    "(('prospect_both_50_50_ec_ev_source', 'MaritalStatus'), ('prospect_both_50_50_ec_ev_target', 'MaritalStatus'))": 1,
    "(('prospect_both_50_50_ec_ev_source', 'City'), ('prospect_both_50_50_ec_ev_target', 'City'))": 1,
    "(('prospect_both_50_50_ec_ev_source', 'CreditRating'), ('prospect_both_50_50_ec_ev_target', 'CreditRating'))": 1,
    "(('prospect_both_50_50_ec_ev_source', 'NumberChildren'), ('prospect_both_50_50_ec_ev_target', 'NumberChildren'))": 1,
    "(('prospect_both_50_50_ec_ev_source', 'NumberChildren'), ('prospect_both_50_50_ec_ev_target', 'NumberCars'))": 1,
    "(('prospect_both_50_50_ec_ev_source', 'NumberChildren'), ('prospect_both_50_50_ec_ev_target', 'NumberCreditCards'))": 1.0,
    "(('prospect_both_50_50_ec_ev_source', 'MiddleInitial'), ('prospect_both_50_50_ec_ev_target', 'Gender'))": 1.0,
    "(('prospect_both_50_50_ec_ev_source', 'Income'), ('prospect_both_50_50_ec_ev_target', 'Income'))": 0.75,
    "(('prospect_both_50_50_ec_ev_source', 'AgencyID'), ('prospect_both_50_50_ec_ev_target', 'AgencyID'))": 0.5,
    "(('prospect_both_50_50_ec_ev_source', 'AddressLine1'), ('prospect_both_50_50_ec_ev_target', 'AddressLine1'))": 0.5,
    "(('prospect_both_50_50_ec_ev_source', 'PostalCode'), ('prospect_both_50_50_ec_ev_target', 'PostalCode'))": 0.5,
    "(('prospect_both_50_50_ec_ev_source', 'NetWorth'), ('prospect_both_50_50_ec_ev_target', 'NetWorth'))": 0.5
  },
  "metrics": {
    "precision": 1.0,
    "recall": 0.9090909090909091,
    "f1_score": 0.9523809523809523,
    "precision_at_10_percent": 1.0,
    "precision_at_20_percent": 1.0,
    "precision_at_30_percent": 1.0,
    "precision_at_40_percent": 0.8333333333333334,
    "precision_at_50_percent": 0.7142857142857143,
    "precision_at_60_percent": 0.625,
    "precision_at_70_percent": 0.7,
    "precision_at_80_percent": 0.7272727272727273,
    "precision_at_90_percent": 0.75,
    "recall_at_sizeof_ground_truth": 0.7272727272727273
  },
  "run_times": {
    "total_time": 0.596590902999651,
    "algorithm_time": 0.46929233499986367
  }
}