{
  "name": "prospect_horizontal_100_ac1_ev__DiscreteQualityMatcher{'process_num': 4}",
  "matches": {
    "(('prospect_horizontal_100_ac1_ev_source', 'MiddleInitial'), ('prospect_horizontal_100_ac1_ev_target', 'prospect_MiddleInitial'))": 1,
    "(('prospect_horizontal_100_ac1_ev_source', 'MiddleInitial'), ('prospect_horizontal_100_ac1_ev_target', 'prospect_Gender'))": 1.0,
    "(('prospect_horizontal_100_ac1_ev_source', 'Gender'), ('prospect_horizontal_100_ac1_ev_target', 'prospect_MiddleInitial'))": 1.0,
    "(('prospect_horizontal_100_ac1_ev_source', 'Gender'), ('prospect_horizontal_100_ac1_ev_target', 'prospect_Gender'))": 1.0,
    "(('prospect_horizontal_100_ac1_ev_source', 'City'), ('prospect_horizontal_100_ac1_ev_target', 'prospect_City'))": 1,
    "(('prospect_horizontal_100_ac1_ev_source', 'State'), ('prospect_horizontal_100_ac1_ev_target', 'prospect_State'))": 1,
    "(('prospect_horizontal_100_ac1_ev_source', 'Country'), ('prospect_horizontal_100_ac1_ev_target', 'prospect_Country'))": 1,
    "(('prospect_horizontal_100_ac1_ev_source', 'NumberCars'), ('prospect_horizontal_100_ac1_ev_target', 'prospect_NumberCars'))": 1,
    "(('prospect_horizontal_100_ac1_ev_source', 'NumberCars'), ('prospect_horizontal_100_ac1_ev_target', 'prospect_NumberChildren'))": 1,
    "(('prospect_horizontal_100_ac1_ev_source', 'NumberCars'), ('prospect_horizontal_100_ac1_ev_target', 'prospect_NumberCreditCards'))": 1.0,
    "(('prospect_horizontal_100_ac1_ev_source', 'NumberChildren'), ('prospect_horizontal_100_ac1_ev_target', 'prospect_NumberCars'))": 1,
    "(('prospect_horizontal_100_ac1_ev_source', 'NumberChildren'), ('prospect_horizontal_100_ac1_ev_target', 'prospect_NumberChildren'))": 1,
    "(('prospect_horizontal_100_ac1_ev_source', 'NumberChildren'), ('prospect_horizontal_100_ac1_ev_target', 'prospect_NumberCreditCards'))": 1.0,
    "(('prospect_horizontal_100_ac1_ev_source', 'MaritalStatus'), ('prospect_horizontal_100_ac1_ev_target', 'prospect_MaritalStatus'))": 1,
    "(('prospect_horizontal_100_ac1_ev_source', 'Age'), ('prospect_horizontal_100_ac1_ev_target', 'prospect_Age'))": 1,
    "(('prospect_horizontal_100_ac1_ev_source', 'CreditRating'), ('prospect_horizontal_100_ac1_ev_target', 'prospect_CreditRating'))": 1,
    "(('prospect_horizontal_100_ac1_ev_source', 'OwnOrRentFlag'), ('prospect_horizontal_100_ac1_ev_target', 'prospect_OwnOrRentFlag'))": 1,
    "(('prospect_horizontal_100_ac1_ev_source', 'Employer'), ('prospect_horizontal_100_ac1_ev_target', 'prospect_Employer'))": 1,
    "(('prospect_horizontal_100_ac1_ev_source', 'NumberCreditCards'), ('prospect_horizontal_100_ac1_ev_target', 'prospect_NumberCreditCards'))": 1,
    "(('prospect_horizontal_100_ac1_ev_source', 'AgencyID'), ('prospect_horizontal_100_ac1_ev_target', 'prospect_AgencyID'))": 0.75,
    "(('prospect_horizontal_100_ac1_ev_source', 'LastName'), ('prospect_horizontal_100_ac1_ev_target', 'prospect_LastName'))": 0.75,
    "(('prospect_horizontal_100_ac1_ev_source', 'FirstName'), ('prospect_horizontal_100_ac1_ev_target', 'prospect_FirstName'))": 0.75,
    "(('prospect_horizontal_100_ac1_ev_source', 'AddressLine1'), ('prospect_horizontal_100_ac1_ev_target', 'prospect_AddressLine1'))": 0.75,
    "(('prospect_horizontal_100_ac1_ev_source', 'AddressLine2'), ('prospect_horizontal_100_ac1_ev_target', 'prospect_AddressLine2'))": 0.75,
    "(('prospect_horizontal_100_ac1_ev_source', 'PostalCode'), ('prospect_horizontal_100_ac1_ev_target', 'prospect_PostalCode'))": 0.75,
    "(('prospect_horizontal_100_ac1_ev_source', 'Phone'), ('prospect_horizontal_100_ac1_ev_target', 'prospect_Phone'))": 0.75,
    "(('prospect_horizontal_100_ac1_ev_source', 'Income'), ('prospect_horizontal_100_ac1_ev_target', 'prospect_Income'))": 0.75,
    "(('prospect_horizontal_100_ac1_ev_source', 'NumberCreditCards'), ('prospect_horizontal_100_ac1_ev_target', 'prospect_NumberCars'))": 0.75,
    "(('prospect_horizontal_100_ac1_ev_source', 'NumberCreditCards'), ('prospect_horizontal_100_ac1_ev_target', 'prospect_NumberChildren'))": 0.75,
    "(('prospect_horizontal_100_ac1_ev_source', 'MaritalStatus'), ('prospect_horizontal_100_ac1_ev_target', 'prospect_Gender'))": 0.5,
    "(('prospect_horizontal_100_ac1_ev_source', 'OwnOrRentFlag'), ('prospect_horizontal_100_ac1_ev_target', 'prospect_MaritalStatus'))": 0.5,
    "(('prospect_horizontal_100_ac1_ev_source', 'NetWorth'), ('prospect_horizontal_100_ac1_ev_target', 'prospect_NetWorth'))": 0.5
  },
  "metrics": {
    "precision": 1.0,
    "recall": 1.0,
    "f1_score": 1.0,
    "precision_at_10_percent": 0.5,
    "precision_at_20_percent": 0.7142857142857143,
    "precision_at_30_percent": 0.6,
    "precision_at_40_percent": 0.5384615384615384,
    "precision_at_50_percent": 0.625,
    "precision_at_60_percent": 0.7,
    "precision_at_70_percent": 0.7391304347826086,
    "precision_at_80_percent": 0.7692307692307693,
    "precision_at_90_percent": 0.7241379310344828,
    "recall_at_sizeof_ground_truth": 0.7272727272727273
  },
  "run_times": {
    "total_time": 1.7890528359998825,
    "algorithm_time": 1.539786106000065
  }
}