{
  "name": "prospect_both_0_50_ac1_av__DiscreteQualityMatcher{'process_num': 4}",
  "matches": {
    "(('prospect_both_0_50_ac1_av_source', 'OwnOrRentFlag'), ('prospect_both_0_50_ac1_av_target', 'prospect_OwnOrRentFlag'))": 1,
    "(('prospect_both_0_50_ac1_av_source', 'NumberChildren'), ('prospect_both_0_50_ac1_av_target', 'prospect_NumberChildren'))": 1.0,
    "(('prospect_both_0_50_ac1_av_source', 'NumberChildren'), ('prospect_both_0_50_ac1_av_target', 'prospect_NumberCreditCards'))": 1.0,
    "(('prospect_both_0_50_ac1_av_source', 'NumberCars'), ('prospect_both_0_50_ac1_av_target', 'prospect_NumberChildren'))": 1,
    "(('prospect_both_0_50_ac1_av_source', 'NumberCars'), ('prospect_both_0_50_ac1_av_target', 'prospect_NumberCreditCards'))": 1.0,
    "(('prospect_both_0_50_ac1_av_source', 'OwnOrRentFlag'), ('prospect_both_0_50_ac1_av_target', 'prospect_MaritalStatus'))": 0.5
  },
  "metrics": {
    "precision": 0.6666666666666666,
    "recall": 0.18181818181818182,
    "f1_score": 0.28571428571428575,
    "precision_at_10_percent": 1.0,
    "precision_at_20_percent": 1.0,
    "precision_at_30_percent": 1.0,
    "precision_at_40_percent": 0.6666666666666666,
    "precision_at_50_percent": 0.6666666666666666,
    "precision_at_60_percent": 0.5,
    "precision_at_70_percent": 0.4,
    "precision_at_80_percent": 0.4,
    "precision_at_90_percent": 0.3333333333333333,
    "recall_at_sizeof_ground_truth": 0.18181818181818182
  },
  "run_times": {
    "total_time": 0.717322213999978,
    "algorithm_time": 0.506621000999985
  }
}