{
  "name": "prospect_vertical_50_ac4_av__Cupid{'leaf_w_struct': 0, 'w_struct': 0.6, 'th_accept': 0.7, 'th_high': 0.6, 'th_low': 0.35, 'c_inc': 1.2, 'c_dec': 0.9, 'th_ns': 0.5}",
  "matches": {
    "(('prospect_vertical_50_ac4_av_source', 'MaritalStatus'), ('prospect_vertical_50_ac4_av_target', 'prospect_C'))": 0.9230769230769231,
    "(('prospect_vertical_50_ac4_av_source', 'MiddleInitial'), ('prospect_vertical_50_ac4_av_target', 'prospect_C'))": 0.9138888888888889,
    "(('prospect_vertical_50_ac4_av_source', 'AgencyID'), ('prospect_vertical_50_ac4_av_target', 'prospect_Co'))": 0.8841346153846154,
    "(('prospect_vertical_50_ac4_av_source', 'AgencyID'), ('prospect_vertical_50_ac4_av_target', 'prospect_AgID'))": 0.8830769230769231
  },
  "metrics": {
    "precision": 0.0,
    "recall": 0.0,
    "f1_score": 0,
    "precision_at_10_percent": 0.0,
    "precision_at_20_percent": 0.0,
    "precision_at_30_percent": 0.0,
    "precision_at_40_percent": 0.0,
    "precision_at_50_percent": 0.0,
    "precision_at_60_percent": 0.0,
    "precision_at_70_percent": 0.0,
    "precision_at_80_percent": 0.25,
    "precision_at_90_percent": 0.25,
    "recall_at_sizeof_ground_truth": 0.09090909090909091
  },
  "run_times": {
    "total_time": 12.627923479998572,
    "algorithm_time": 12.627717535997363
  }
}