{
  "name": "prospect_vertical_30_ac3_ev__Cupid{'leaf_w_struct': 0.4, 'w_struct': 0.6, 'th_accept': 0.6, 'th_high': 0.6, 'th_low': 0.35, 'c_inc': 1.2, 'c_dec': 0.9, 'th_ns': 0.5}",
  "matches": {
    "(('prospect_vertical_30_ac3_ev_source', 'NumberCars'), ('prospect_vertical_30_ac3_ev_target', 'g'))": 0.8502923976608188,
    "(('prospect_vertical_30_ac3_ev_source', 'Gender'), ('prospect_vertical_30_ac3_ev_target', 'gndr'))": 0.8,
    "(('prospect_vertical_30_ac3_ev_source', 'Gender'), ('prospect_vertical_30_ac3_ev_target', 'gncd'))": 0.7333333333333334
  },
  "metrics": {
    "precision": 0.5,
    "recall": 0.16666666666666666,
    "f1_score": 0.25,
    "precision_at_10_percent": 0.0,
    "precision_at_20_percent": 0.0,
    "precision_at_30_percent": 0.0,
    "precision_at_40_percent": 0.5,
    "precision_at_50_percent": 0.5,
    "precision_at_60_percent": 0.5,
    "precision_at_70_percent": 0.3333333333333333,
    "precision_at_80_percent": 0.3333333333333333,
    "precision_at_90_percent": 0.3333333333333333,
    "recall_at_sizeof_ground_truth": 0.16666666666666666
  },
  "run_times": {
    "total_time": 6.573996429000545,
    "algorithm_time": 6.573824826999044
  }
}