{
  "name": "prospect_horizontal_50_ac2_av__Cupid{'leaf_w_struct': 0.6, 'w_struct': 0.4, 'th_accept': 0.7, 'th_high': 0.6, 'th_low': 0.35, 'c_inc': 1.2, 'c_dec': 0.9, 'th_ns': 0.5}",
  "matches": {
    "(('prospect_horizontal_50_ac2_av_source', 'MiddleInitial'), ('prospect_horizontal_50_ac2_av_target', 'C'))": 0.9777777777777777,
    "(('prospect_horizontal_50_ac2_av_source', 'MaritalStatus'), ('prospect_horizontal_50_ac2_av_target', 'C'))": 0.8666666666666667,
    "(('prospect_horizontal_50_ac2_av_source', 'AgencyID'), ('prospect_horizontal_50_ac2_av_target', 'MiIni'))": 0.8616666666666666,
    "(('prospect_horizontal_50_ac2_av_source', 'NumberCars'), ('prospect_horizontal_50_ac2_av_target', 'NumCreCar'))": 0.8305882352941176,
    "(('prospect_horizontal_50_ac2_av_source', 'AgencyID'), ('prospect_horizontal_50_ac2_av_target', 'AgID'))": 0.8061538461538462,
    "(('prospect_horizontal_50_ac2_av_source', 'OwnOrRentFlag'), ('prospect_horizontal_50_ac2_av_target', 'C'))": 0.7866666666666666,
    "(('prospect_horizontal_50_ac2_av_source', 'State'), ('prospect_horizontal_50_ac2_av_target', 'C'))": 0.7674999999999998,
    "(('prospect_horizontal_50_ac2_av_source', 'City'), ('prospect_horizontal_50_ac2_av_target', 'MiIni'))": 0.7611111111111111,
    "(('prospect_horizontal_50_ac2_av_source', 'State'), ('prospect_horizontal_50_ac2_av_target', 'Sta'))": 0.76,
    "(('prospect_horizontal_50_ac2_av_source', 'NumberChildren'), ('prospect_horizontal_50_ac2_av_target', 'CrRat'))": 0.755514705882353,
    "(('prospect_horizontal_50_ac2_av_source', 'CreditRating'), ('prospect_horizontal_50_ac2_av_target', 'CrRat'))": 0.7535714285714286,
    "(('prospect_horizontal_50_ac2_av_source', 'FirstName'), ('prospect_horizontal_50_ac2_av_target', 'FirNa'))": 0.7514285714285713,
    "(('prospect_horizontal_50_ac2_av_source', 'LastName'), ('prospect_horizontal_50_ac2_av_target', 'Em'))": 0.7472527472527473,
    "(('prospect_horizontal_50_ac2_av_source', 'NetWorth'), ('prospect_horizontal_50_ac2_av_target', 'CrRat'))": 0.7447368421052631,
    "(('prospect_horizontal_50_ac2_av_source', 'Gender'), ('prospect_horizontal_50_ac2_av_target', 'Ph'))": 0.7428571428571429,
    "(('prospect_horizontal_50_ac2_av_source', 'Country'), ('prospect_horizontal_50_ac2_av_target', 'MiIni'))": 0.7396825396825397,
    "(('prospect_horizontal_50_ac2_av_source', 'NumberCreditCards'), ('prospect_horizontal_50_ac2_av_target', 'CrRat'))": 0.7380075187969924,
    "(('prospect_horizontal_50_ac2_av_source', 'Phone'), ('prospect_horizontal_50_ac2_av_target', 'FirNa'))": 0.7352380952380952,
    "(('prospect_horizontal_50_ac2_av_source', 'NumberCreditCards'), ('prospect_horizontal_50_ac2_av_target', 'NuCa'))": 0.7314285714285715,
    "(('prospect_horizontal_50_ac2_av_source', 'Phone'), ('prospect_horizontal_50_ac2_av_target', 'MiIni'))": 0.7257142857142858,
    "(('prospect_horizontal_50_ac2_av_source', 'NumberCreditCards'), ('prospect_horizontal_50_ac2_av_target', 'NumCreCar'))": 0.7247899159663865,
    "(('prospect_horizontal_50_ac2_av_source', 'NumberCars'), ('prospect_horizontal_50_ac2_av_target', 'CrRat'))": 0.7218891402714933,
    "(('prospect_horizontal_50_ac2_av_source', 'LastName'), ('prospect_horizontal_50_ac2_av_target', 'MiIni'))": 0.7214285714285714,
    "(('prospect_horizontal_50_ac2_av_source', 'AddressLine1'), ('prospect_horizontal_50_ac2_av_target', 'AddrLi2'))": 0.7214285714285714,
    "(('prospect_horizontal_50_ac2_av_source', 'AddressLine2'), ('prospect_horizontal_50_ac2_av_target', 'AddrLi2'))": 0.7214285714285714,
    "(('prospect_horizontal_50_ac2_av_source', 'MaritalStatus'), ('prospect_horizontal_50_ac2_av_target', 'MariSta'))": 0.7214285714285714,
    "(('prospect_horizontal_50_ac2_av_source', 'NumberCreditCards'), ('prospect_horizontal_50_ac2_av_target', 'NumChi'))": 0.7194285714285715,
    "(('prospect_horizontal_50_ac2_av_source', 'AgencyID'), ('prospect_horizontal_50_ac2_av_target', 'PosCo'))": 0.7066666666666667,
    "(('prospect_horizontal_50_ac2_av_source', 'LastName'), ('prospect_horizontal_50_ac2_av_target', 'FirNa'))": 0.7059740259740259,
    "(('prospect_horizontal_50_ac2_av_source', 'NumberChildren'), ('prospect_horizontal_50_ac2_av_target', 'NuCa'))": 0.7058823529411764,
    "(('prospect_horizontal_50_ac2_av_source', 'NumberChildren'), ('prospect_horizontal_50_ac2_av_target', 'NumCreCar'))": 0.7026470588235294
  },
  "metrics": {
    "precision": 0.3333333333333333,
    "recall": 0.09090909090909091,
    "f1_score": 0.14285714285714288,
    "precision_at_10_percent": 0.0,
    "precision_at_20_percent": 0.14285714285714285,
    "precision_at_30_percent": 0.2,
    "precision_at_40_percent": 0.3076923076923077,
    "precision_at_50_percent": 0.25,
    "precision_at_60_percent": 0.21052631578947367,
    "precision_at_70_percent": 0.22727272727272727,
    "precision_at_80_percent": 0.24,
    "precision_at_90_percent": 0.25,
    "recall_at_sizeof_ground_truth": 0.22727272727272727
  },
  "run_times": {
    "total_time": 13.640644371000235,
    "algorithm_time": 13.640458780002518
  }
}