{
  "name": "prospect_horizontal_50_ac3_ev__Cupid{'leaf_w_struct': 0, 'w_struct': 0, 'th_accept': 0.5, 'th_high': 0.6, 'th_low': 0.35, 'c_inc': 1.2, 'c_dec': 0.9, 'th_ns': 0.5}",
  "matches": {
    "(('prospect_horizontal_50_ac3_ev_source', 'MiddleInitial'), ('prospect_horizontal_50_ac3_ev_target', 'g'))": 0.8333333333333334,
    "(('prospect_horizontal_50_ac3_ev_source', 'City'), ('prospect_horizontal_50_ac3_ev_target', 'ct'))": 0.7777777777777778,
    "(('prospect_horizontal_50_ac3_ev_source', 'MaritalStatus'), ('prospect_horizontal_50_ac3_ev_target', 'g'))": 0.7777777777777778,
    "(('prospect_horizontal_50_ac3_ev_source', 'NumberCreditCards'), ('prospect_horizontal_50_ac3_ev_target', 'g'))": 0.7162280701754387,
    "(('prospect_horizontal_50_ac3_ev_source', 'NumberChildren'), ('prospect_horizontal_50_ac3_ev_target', 'g'))": 0.7000000000000001,
    "(('prospect_horizontal_50_ac3_ev_source', 'NumberCars'), ('prospect_horizontal_50_ac3_ev_target', 'g'))": 0.6812865497076023,
    "(('prospect_horizontal_50_ac3_ev_source', 'Country'), ('prospect_horizontal_50_ac3_ev_target', 'ct'))": 0.6805555555555556,
    "(('prospect_horizontal_50_ac3_ev_source', 'FirstName'), ('prospect_horizontal_50_ac3_ev_target', 'g'))": 0.5661764705882354,
    "(('prospect_horizontal_50_ac3_ev_source', 'CreditRating'), ('prospect_horizontal_50_ac3_ev_target', 'g'))": 0.5619047619047619,
    "(('prospect_horizontal_50_ac3_ev_source', 'PostalCode'), ('prospect_horizontal_50_ac3_ev_target', 'g'))": 0.5565476190476192,
    "(('prospect_horizontal_50_ac3_ev_source', 'AddressLine1'), ('prospect_horizontal_50_ac3_ev_target', 'g'))": 0.5499999999999999,
    "(('prospect_horizontal_50_ac3_ev_source', 'AddressLine2'), ('prospect_horizontal_50_ac3_ev_target', 'g'))": 0.5499999999999999,
    "(('prospect_horizontal_50_ac3_ev_source', 'City'), ('prospect_horizontal_50_ac3_ev_target', 'cntr'))": 0.546875,
    "(('prospect_horizontal_50_ac3_ev_source', 'State'), ('prospect_horizontal_50_ac3_ev_target', 'g'))": 0.5113636363636365,
    "(('prospect_horizontal_50_ac3_ev_source', 'Phone'), ('prospect_horizontal_50_ac3_ev_target', 'g'))": 0.5055147058823529,
    "(('prospect_horizontal_50_ac3_ev_source', 'Gender'), ('prospect_horizontal_50_ac3_ev_target', 'gndr'))": 0.5,
    "(('prospect_horizontal_50_ac3_ev_source', 'State'), ('prospect_horizontal_50_ac3_ev_target', 'stt'))": 0.5,
    "(('prospect_horizontal_50_ac3_ev_source', 'Country'), ('prospect_horizontal_50_ac3_ev_target', 'cntr'))": 0.5,
    "(('prospect_horizontal_50_ac3_ev_source', 'Phone'), ('prospect_horizontal_50_ac3_ev_target', 'phn'))": 0.5
  },
  "metrics": {
    "precision": 0.5,
    "recall": 0.045454545454545456,
    "f1_score": 0.08333333333333334,
    "precision_at_10_percent": 0.5,
    "precision_at_20_percent": 0.25,
    "precision_at_30_percent": 0.16666666666666666,
    "precision_at_40_percent": 0.125,
    "precision_at_50_percent": 0.1,
    "precision_at_60_percent": 0.08333333333333333,
    "precision_at_70_percent": 0.07142857142857142,
    "precision_at_80_percent": 0.125,
    "precision_at_90_percent": 0.2222222222222222,
    "recall_at_sizeof_ground_truth": 0.22727272727272727
  },
  "run_times": {
    "total_time": 5.126398420998157,
    "algorithm_time": 5.126209376998304
  }
}