{
  "name": "prospect_horizontal_100_ac2_av__Cupid{'leaf_w_struct': 0.2, 'w_struct': 0, 'th_accept': 0.8, 'th_high': 0.6, 'th_low': 0.35, 'c_inc': 1.2, 'c_dec': 0.9, 'th_ns': 0.5}",
  "matches": {
    "(('prospect_horizontal_100_ac2_av_source', 'MiddleInitial'), ('prospect_horizontal_100_ac2_av_target', 'C'))": 1.0,
    "(('prospect_horizontal_100_ac2_av_source', 'MiddleInitial'), ('prospect_horizontal_100_ac2_av_target', 'LaN'))": 0.8333333333333334,
    "(('prospect_horizontal_100_ac2_av_source', 'MiddleInitial'), ('prospect_horizontal_100_ac2_av_target', 'FiN'))": 0.8125,
    "(('prospect_horizontal_100_ac2_av_source', 'AgencyID'), ('prospect_horizontal_100_ac2_av_target', 'AgeID'))": 0.8000000000000002
  },
  "metrics": {
    "precision": 0.5,
    "recall": 0.045454545454545456,
    "f1_score": 0.08333333333333334,
    "precision_at_10_percent": 0.0,
    "precision_at_20_percent": 0.0,
    "precision_at_30_percent": 0.0,
    "precision_at_40_percent": 0.0,
    "precision_at_50_percent": 0.0,
    "precision_at_60_percent": 0.0,
    "precision_at_70_percent": 0.0,
    "precision_at_80_percent": 0.25,
    "precision_at_90_percent": 0.25,
    "recall_at_sizeof_ground_truth": 0.045454545454545456
  },
  "run_times": {
    "total_time": 16.03680790100043,
    "algorithm_time": 16.03662211000119
  }
}