{
  "name": "prospect_both_50_70_ac2_ev__Cupid{'leaf_w_struct': 0.2, 'w_struct': 0.4, 'th_accept': 0.7, 'th_high': 0.6, 'th_low': 0.35, 'c_inc': 1.2, 'c_dec': 0.9, 'th_ns': 0.5}",
  "matches": {
    "(('prospect_both_50_70_ac2_ev_source', 'State'), ('prospect_both_50_70_ac2_ev_target', 'MiIn'))": 0.8999999999999999,
    "(('prospect_both_50_70_ac2_ev_source', 'AgencyID'), ('prospect_both_50_70_ac2_ev_target', 'MiIn'))": 0.8833333333333333,
    "(('prospect_both_50_70_ac2_ev_source', 'City'), ('prospect_both_50_70_ac2_ev_target', 'MiIn'))": 0.8374999999999999,
    "(('prospect_both_50_70_ac2_ev_source', 'Country'), ('prospect_both_50_70_ac2_ev_target', 'MiIn'))": 0.8374999999999999,
    "(('prospect_both_50_70_ac2_ev_source', 'CreditRating'), ('prospect_both_50_70_ac2_ev_target', 'CrRat'))": 0.8285714285714285,
    "(('prospect_both_50_70_ac2_ev_source', 'NumberChildren'), ('prospect_both_50_70_ac2_ev_target', 'NuC'))": 0.8142857142857143,
    "(('prospect_both_50_70_ac2_ev_source', 'NumberCreditCards'), ('prospect_both_50_70_ac2_ev_target', 'NuC'))": 0.8111740890688259,
    "(('prospect_both_50_70_ac2_ev_source', 'AgencyID'), ('prospect_both_50_70_ac2_ev_target', 'AgID'))": 0.8061538461538462,
    "(('prospect_both_50_70_ac2_ev_source', 'State'), ('prospect_both_50_70_ac2_ev_target', 'AgID'))": 0.7958333333333333,
    "(('prospect_both_50_70_ac2_ev_source', 'State'), ('prospect_both_50_70_ac2_ev_target', 'LaNa'))": 0.7958333333333333
  },
  "metrics": {
    "precision": 0.0,
    "recall": 0.0,
    "f1_score": 0,
    "precision_at_10_percent": 0.0,
    "precision_at_20_percent": 0.0,
    "precision_at_30_percent": 0.0,
    "precision_at_40_percent": 0.0,
    "precision_at_50_percent": 0.2,
    "precision_at_60_percent": 0.16666666666666666,
    "precision_at_70_percent": 0.14285714285714285,
    "precision_at_80_percent": 0.25,
    "precision_at_90_percent": 0.2222222222222222,
    "recall_at_sizeof_ground_truth": 0.13333333333333333
  },
  "run_times": {
    "total_time": 13.46158423399902,
    "algorithm_time": 13.461395308000647
  }
}