{
  "name": "prospect_both_50_50_ac5_ev__Cupid{'leaf_w_struct': 0.6, 'w_struct': 0.2, 'th_accept': 0.6, 'th_high': 0.6, 'th_low': 0.35, 'c_inc': 1.2, 'c_dec': 0.9, 'th_ns': 0.5}",
  "matches": {
    "(('prospect_both_50_50_ac5_ev_source', 'NetWorth'), ('prospect_both_50_50_ac5_ev_target', 'prospect_g'))": 0.825,
    "(('prospect_both_50_50_ac5_ev_source', 'State'), ('prospect_both_50_50_ac5_ev_target', 'prospect_ct'))": 0.8111111111111111,
    "(('prospect_both_50_50_ac5_ev_source', 'NumberCars'), ('prospect_both_50_50_ac5_ev_target', 'prospect_g'))": 0.7274509803921569,
    "(('prospect_both_50_50_ac5_ev_source', 'CreditRating'), ('prospect_both_50_50_ac5_ev_target', 'prospect_g'))": 0.7216374269005847,
    "(('prospect_both_50_50_ac5_ev_source', 'State'), ('prospect_both_50_50_ac5_ev_target', 'prospect_stt'))": 0.6888888888888889,
    "(('prospect_both_50_50_ac5_ev_source', 'Employer'), ('prospect_both_50_50_ac5_ev_target', 'prospect_mplr'))": 0.6764705882352942,
    "(('prospect_both_50_50_ac5_ev_source', 'MaritalStatus'), ('prospect_both_50_50_ac5_ev_target', 'prospect_g'))": 0.6461538461538462,
    "(('prospect_both_50_50_ac5_ev_source', 'AgencyID'), ('prospect_both_50_50_ac5_ev_target', 'prospect_gncd'))": 0.6361538461538461,
    "(('prospect_both_50_50_ac5_ev_source', 'Employer'), ('prospect_both_50_50_ac5_ev_target', 'prospect_mrtlstts'))": 0.6098039215686275,
    "(('prospect_both_50_50_ac5_ev_source', 'Employer'), ('prospect_both_50_50_ac5_ev_target', 'prospect_phn'))": 0.6098039215686275,
    "(('prospect_both_50_50_ac5_ev_source', 'CreditRating'), ('prospect_both_50_50_ac5_ev_target', 'prospect_crdtrtng'))": 0.6091374269005848,
    "(('prospect_both_50_50_ac5_ev_source', 'MiddleInitial'), ('prospect_both_50_50_ac5_ev_target', 'prospect_g'))": 0.6055555555555556
  },
  "metrics": {
    "precision": 0.3333333333333333,
    "recall": 0.09090909090909091,
    "f1_score": 0.14285714285714288,
    "precision_at_10_percent": 0.0,
    "precision_at_20_percent": 0.0,
    "precision_at_30_percent": 0.0,
    "precision_at_40_percent": 0.2,
    "precision_at_50_percent": 0.3333333333333333,
    "precision_at_60_percent": 0.375,
    "precision_at_70_percent": 0.3333333333333333,
    "precision_at_80_percent": 0.3,
    "precision_at_90_percent": 0.36363636363636365,
    "recall_at_sizeof_ground_truth": 0.36363636363636365
  },
  "run_times": {
    "total_time": 15.717036224999902,
    "algorithm_time": 15.716840969998884
  }
}