{
  "name": "prospect_horizontal_0_ac3_av__Cupid{'leaf_w_struct': 0.6, 'w_struct': 0.2, 'th_accept': 0.6, 'th_high': 0.6, 'th_low': 0.35, 'c_inc': 1.2, 'c_dec': 0.9, 'th_ns': 0.5}",
  "matches": {
    "(('prospect_horizontal_0_ac3_av_source', 'NetWorth'), ('prospect_horizontal_0_ac3_av_target', 'g'))": 1.0,
    "(('prospect_horizontal_0_ac3_av_source', 'State'), ('prospect_horizontal_0_ac3_av_target', 'ct'))": 0.8666666666666667,
    "(('prospect_horizontal_0_ac3_av_source', 'City'), ('prospect_horizontal_0_ac3_av_target', 'ct'))": 0.8222222222222222,
    "(('prospect_horizontal_0_ac3_av_source', 'Age'), ('prospect_horizontal_0_ac3_av_target', 'g'))": 0.7846153846153847,
    "(('prospect_horizontal_0_ac3_av_source', 'NumberCreditCards'), ('prospect_horizontal_0_ac3_av_target', 'g'))": 0.7729824561403509,
    "(('prospect_horizontal_0_ac3_av_source', 'Country'), ('prospect_horizontal_0_ac3_av_target', 'ct'))": 0.7444444444444445,
    "(('prospect_horizontal_0_ac3_av_source', 'NumberChildren'), ('prospect_horizontal_0_ac3_av_target', 'g'))": 0.7155555555555557,
    "(('prospect_horizontal_0_ac3_av_source', 'NumberCars'), ('prospect_horizontal_0_ac3_av_target', 'g'))": 0.7005847953216375,
    "(('prospect_horizontal_0_ac3_av_source', 'City'), ('prospect_horizontal_0_ac3_av_target', 'cntr'))": 0.6375,
    "(('prospect_horizontal_0_ac3_av_source', 'MaritalStatus'), ('prospect_horizontal_0_ac3_av_target', 'g'))": 0.6222222222222222,
    "(('prospect_horizontal_0_ac3_av_source', 'MiddleInitial'), ('prospect_horizontal_0_ac3_av_target', 'g'))": 0.6074074074074074,
    "(('prospect_horizontal_0_ac3_av_source', 'Gender'), ('prospect_horizontal_0_ac3_av_target', 'gndr'))": 0.6000000000000001,
    "(('prospect_horizontal_0_ac3_av_source', 'State'), ('prospect_horizontal_0_ac3_av_target', 'stt'))": 0.6000000000000001,
    "(('prospect_horizontal_0_ac3_av_source', 'Country'), ('prospect_horizontal_0_ac3_av_target', 'cntr'))": 0.6000000000000001,
    "(('prospect_horizontal_0_ac3_av_source', 'Phone'), ('prospect_horizontal_0_ac3_av_target', 'phn'))": 0.6000000000000001
  },
  "metrics": {
    "precision": 0.0,
    "recall": 0.0,
    "f1_score": 0,
    "precision_at_10_percent": 0.0,
    "precision_at_20_percent": 0.3333333333333333,
    "precision_at_30_percent": 0.4,
    "precision_at_40_percent": 0.3333333333333333,
    "precision_at_50_percent": 0.25,
    "precision_at_60_percent": 0.2222222222222222,
    "precision_at_70_percent": 0.18181818181818182,
    "precision_at_80_percent": 0.25,
    "precision_at_90_percent": 0.35714285714285715,
    "recall_at_sizeof_ground_truth": 0.2727272727272727
  },
  "run_times": {
    "total_time": 10.638620828001876,
    "algorithm_time": 10.638398268001765
  }
}