{
  "name": "prospect_horizontal_50_ac1_av__Cupid{'leaf_w_struct': 0, 'w_struct': 0, 'th_accept': 0.8, 'th_high': 0.6, 'th_low': 0.35, 'c_inc': 1.2, 'c_dec': 0.9, 'th_ns': 0.5}",
  "matches": {
    "(('prospect_horizontal_50_ac1_av_source', 'NumberCreditCards'), ('prospect_horizontal_50_ac1_av_target', 'prospect_NumberCreditCards'))": 0.9523809523809523,
    "(('prospect_horizontal_50_ac1_av_source', 'NumberChildren'), ('prospect_horizontal_50_ac1_av_target', 'prospect_NumberChildren'))": 0.95,
    "(('prospect_horizontal_50_ac1_av_source', 'MiddleInitial'), ('prospect_horizontal_50_ac1_av_target', 'prospect_MiddleInitial'))": 0.925,
    "(('prospect_horizontal_50_ac1_av_source', 'AgencyID'), ('prospect_horizontal_50_ac1_av_target', 'prospect_AgencyID'))": 0.9230769230769231,
    "(('prospect_horizontal_50_ac1_av_source', 'MaritalStatus'), ('prospect_horizontal_50_ac1_av_target', 'prospect_MaritalStatus'))": 0.9230769230769231,
    "(('prospect_horizontal_50_ac1_av_source', 'CreditRating'), ('prospect_horizontal_50_ac1_av_target', 'prospect_CreditRating'))": 0.9052631578947368,
    "(('prospect_horizontal_50_ac1_av_source', 'OwnOrRentFlag'), ('prospect_horizontal_50_ac1_av_target', 'prospect_OwnOrRentFlag'))": 0.9030303030303032,
    "(('prospect_horizontal_50_ac1_av_source', 'Employer'), ('prospect_horizontal_50_ac1_av_target', 'prospect_Employer'))": 0.9019607843137256,
    "(('prospect_horizontal_50_ac1_av_source', 'NumberCars'), ('prospect_horizontal_50_ac1_av_target', 'prospect_NumberCars'))": 0.9,
    "(('prospect_horizontal_50_ac1_av_source', 'State'), ('prospect_horizontal_50_ac1_av_target', 'prospect_State'))": 0.8888888888888888,
    "(('prospect_horizontal_50_ac1_av_source', 'PostalCode'), ('prospect_horizontal_50_ac1_av_target', 'prospect_PostalCode'))": 0.875,
    "(('prospect_horizontal_50_ac1_av_source', 'State'), ('prospect_horizontal_50_ac1_av_target', 'prospect_Country'))": 0.8333333333333333,
    "(('prospect_horizontal_50_ac1_av_source', 'LastName'), ('prospect_horizontal_50_ac1_av_target', 'prospect_LastName'))": 0.825,
    "(('prospect_horizontal_50_ac1_av_source', 'FirstName'), ('prospect_horizontal_50_ac1_av_target', 'prospect_FirstName'))": 0.825,
    "(('prospect_horizontal_50_ac1_av_source', 'AddressLine1'), ('prospect_horizontal_50_ac1_av_target', 'prospect_AddressLine1'))": 0.825,
    "(('prospect_horizontal_50_ac1_av_source', 'AddressLine2'), ('prospect_horizontal_50_ac1_av_target', 'prospect_AddressLine2'))": 0.825,
    "(('prospect_horizontal_50_ac1_av_source', 'NetWorth'), ('prospect_horizontal_50_ac1_av_target', 'prospect_NetWorth'))": 0.825,
    "(('prospect_horizontal_50_ac1_av_source', 'Phone'), ('prospect_horizontal_50_ac1_av_target', 'prospect_Phone'))": 0.823529411764706,
    "(('prospect_horizontal_50_ac1_av_source', 'Country'), ('prospect_horizontal_50_ac1_av_target', 'prospect_Country'))": 0.8205128205128206,
    "(('prospect_horizontal_50_ac1_av_source', 'Age'), ('prospect_horizontal_50_ac1_av_target', 'prospect_Age'))": 0.8205128205128206,
    "(('prospect_horizontal_50_ac1_av_source', 'NumberChildren'), ('prospect_horizontal_50_ac1_av_target', 'prospect_NumberCreditCards'))": 0.8200757575757575,
    "(('prospect_horizontal_50_ac1_av_source', 'NumberChildren'), ('prospect_horizontal_50_ac1_av_target', 'prospect_NumberCars'))": 0.8176470588235294,
    "(('prospect_horizontal_50_ac1_av_source', 'NumberChildren'), ('prospect_horizontal_50_ac1_av_target', 'prospect_Gender'))": 0.8035714285714286
  },
  "metrics": {
    "precision": 1.0,
    "recall": 0.5,
    "f1_score": 0.6666666666666666,
    "precision_at_10_percent": 1.0,
    "precision_at_20_percent": 1.0,
    "precision_at_30_percent": 1.0,
    "precision_at_40_percent": 1.0,
    "precision_at_50_percent": 0.9166666666666666,
    "precision_at_60_percent": 0.9285714285714286,
    "precision_at_70_percent": 0.9411764705882353,
    "precision_at_80_percent": 0.9473684210526315,
    "precision_at_90_percent": 0.9047619047619048,
    "recall_at_sizeof_ground_truth": 0.8636363636363636
  },
  "run_times": {
    "total_time": 31.71709128099974,
    "algorithm_time": 31.716903387998173
  }
}