{
  "name": "prospect_horizontal_0_ac3_ev__Cupid{'leaf_w_struct': 0.4, 'w_struct': 0, 'th_accept': 0.7, 'th_high': 0.6, 'th_low': 0.35, 'c_inc': 1.2, 'c_dec': 0.9, 'th_ns': 0.5}",
  "matches": {
    "(('prospect_horizontal_0_ac3_ev_source', 'MiddleInitial'), ('prospect_horizontal_0_ac3_ev_target', 'g'))": 0.7962962962962963,
    "(('prospect_horizontal_0_ac3_ev_source', 'City'), ('prospect_horizontal_0_ac3_ev_target', 'ct'))": 0.7777777777777778,
    "(('prospect_horizontal_0_ac3_ev_source', 'MaritalStatus'), ('prospect_horizontal_0_ac3_ev_target', 'g'))": 0.7777777777777778,
    "(('prospect_horizontal_0_ac3_ev_source', 'State'), ('prospect_horizontal_0_ac3_ev_target', 'ct'))": 0.7777777777777777,
    "(('prospect_horizontal_0_ac3_ev_source', 'Age'), ('prospect_horizontal_0_ac3_ev_target', 'g'))": 0.7307692307692307
  },
  "metrics": {
    "precision": 0.5,
    "recall": 0.045454545454545456,
    "f1_score": 0.08333333333333334,
    "precision_at_10_percent": 0.0,
    "precision_at_20_percent": 0.0,
    "precision_at_30_percent": 0.5,
    "precision_at_40_percent": 0.5,
    "precision_at_50_percent": 0.3333333333333333,
    "precision_at_60_percent": 0.3333333333333333,
    "precision_at_70_percent": 0.25,
    "precision_at_80_percent": 0.25,
    "precision_at_90_percent": 0.4,
    "recall_at_sizeof_ground_truth": 0.09090909090909091
  },
  "run_times": {
    "total_time": 9.049943464997341,
    "algorithm_time": 9.049745181997423
  }
}