{
  "name": "prospect_horizontal_100_ec_ev__Cupid{'leaf_w_struct': 0.6, 'w_struct': 0.2, 'th_accept': 0.7, 'th_high': 0.6, 'th_low': 0.35, 'c_inc': 1.2, 'c_dec': 0.9, 'th_ns': 0.5}",
  "matches": {
    "(('prospect_horizontal_100_ec_ev_source', 'AgencyID'), ('prospect_horizontal_100_ec_ev_target', 'AgencyID'))": 1.0,
    "(('prospect_horizontal_100_ec_ev_source', 'LastName'), ('prospect_horizontal_100_ec_ev_target', 'LastName'))": 1.0,
    "(('prospect_horizontal_100_ec_ev_source', 'FirstName'), ('prospect_horizontal_100_ec_ev_target', 'FirstName'))": 1.0,
    "(('prospect_horizontal_100_ec_ev_source', 'MiddleInitial'), ('prospect_horizontal_100_ec_ev_target', 'MiddleInitial'))": 1.0,
    "(('prospect_horizontal_100_ec_ev_source', 'Gender'), ('prospect_horizontal_100_ec_ev_target', 'Gender'))": 1.0,
    "(('prospect_horizontal_100_ec_ev_source', 'AddressLine1'), ('prospect_horizontal_100_ec_ev_target', 'AddressLine1'))": 1.0,
    "(('prospect_horizontal_100_ec_ev_source', 'AddressLine2'), ('prospect_horizontal_100_ec_ev_target', 'AddressLine2'))": 1.0,
    "(('prospect_horizontal_100_ec_ev_source', 'PostalCode'), ('prospect_horizontal_100_ec_ev_target', 'PostalCode'))": 1.0,
    "(('prospect_horizontal_100_ec_ev_source', 'City'), ('prospect_horizontal_100_ec_ev_target', 'City'))": 1.0,
    "(('prospect_horizontal_100_ec_ev_source', 'State'), ('prospect_horizontal_100_ec_ev_target', 'State'))": 1.0,
    "(('prospect_horizontal_100_ec_ev_source', 'Country'), ('prospect_horizontal_100_ec_ev_target', 'Country'))": 1.0,
    "(('prospect_horizontal_100_ec_ev_source', 'Phone'), ('prospect_horizontal_100_ec_ev_target', 'Phone'))": 1.0,
    "(('prospect_horizontal_100_ec_ev_source', 'Income'), ('prospect_horizontal_100_ec_ev_target', 'Income'))": 1.0,
    "(('prospect_horizontal_100_ec_ev_source', 'NumberCars'), ('prospect_horizontal_100_ec_ev_target', 'NumberCars'))": 1.0,
    "(('prospect_horizontal_100_ec_ev_source', 'NumberChildren'), ('prospect_horizontal_100_ec_ev_target', 'NumberChildren'))": 1.0,
    "(('prospect_horizontal_100_ec_ev_source', 'MaritalStatus'), ('prospect_horizontal_100_ec_ev_target', 'MaritalStatus'))": 1.0,
    "(('prospect_horizontal_100_ec_ev_source', 'Age'), ('prospect_horizontal_100_ec_ev_target', 'Age'))": 1.0,
    "(('prospect_horizontal_100_ec_ev_source', 'CreditRating'), ('prospect_horizontal_100_ec_ev_target', 'CreditRating'))": 1.0,
    "(('prospect_horizontal_100_ec_ev_source', 'OwnOrRentFlag'), ('prospect_horizontal_100_ec_ev_target', 'OwnOrRentFlag'))": 1.0,
    "(('prospect_horizontal_100_ec_ev_source', 'Employer'), ('prospect_horizontal_100_ec_ev_target', 'Employer'))": 1.0,
    "(('prospect_horizontal_100_ec_ev_source', 'NumberCreditCards'), ('prospect_horizontal_100_ec_ev_target', 'NumberCreditCards'))": 1.0,
    "(('prospect_horizontal_100_ec_ev_source', 'NetWorth'), ('prospect_horizontal_100_ec_ev_target', 'NetWorth'))": 1.0,
    "(('prospect_horizontal_100_ec_ev_source', 'AddressLine1'), ('prospect_horizontal_100_ec_ev_target', 'AddressLine2'))": 0.96,
    "(('prospect_horizontal_100_ec_ev_source', 'AddressLine2'), ('prospect_horizontal_100_ec_ev_target', 'AddressLine1'))": 0.96,
    "(('prospect_horizontal_100_ec_ev_source', 'NumberCars'), ('prospect_horizontal_100_ec_ev_target', 'NumberCreditCards'))": 0.8592727272727272,
    "(('prospect_horizontal_100_ec_ev_source', 'NumberCreditCards'), ('prospect_horizontal_100_ec_ev_target', 'NumberCars'))": 0.8592727272727272,
    "(('prospect_horizontal_100_ec_ev_source', 'NumberChildren'), ('prospect_horizontal_100_ec_ev_target', 'NumberCreditCards'))": 0.8272727272727274,
    "(('prospect_horizontal_100_ec_ev_source', 'NumberCreditCards'), ('prospect_horizontal_100_ec_ev_target', 'NumberChildren'))": 0.8272727272727274,
    "(('prospect_horizontal_100_ec_ev_source', 'CreditRating'), ('prospect_horizontal_100_ec_ev_target', 'NumberCreditCards'))": 0.8206060606060606,
    "(('prospect_horizontal_100_ec_ev_source', 'NumberCreditCards'), ('prospect_horizontal_100_ec_ev_target', 'CreditRating'))": 0.8206060606060606,
    "(('prospect_horizontal_100_ec_ev_source', 'NumberCars'), ('prospect_horizontal_100_ec_ev_target', 'NumberChildren'))": 0.8176470588235294,
    "(('prospect_horizontal_100_ec_ev_source', 'NumberChildren'), ('prospect_horizontal_100_ec_ev_target', 'NumberCars'))": 0.8176470588235294,
    "(('prospect_horizontal_100_ec_ev_source', 'City'), ('prospect_horizontal_100_ec_ev_target', 'Country'))": 0.8125,
    "(('prospect_horizontal_100_ec_ev_source', 'Country'), ('prospect_horizontal_100_ec_ev_target', 'City'))": 0.8125,
    "(('prospect_horizontal_100_ec_ev_source', 'LastName'), ('prospect_horizontal_100_ec_ev_target', 'FirstName'))": 0.72,
    "(('prospect_horizontal_100_ec_ev_source', 'FirstName'), ('prospect_horizontal_100_ec_ev_target', 'LastName'))": 0.72,
    "(('prospect_horizontal_100_ec_ev_source', 'LastName'), ('prospect_horizontal_100_ec_ev_target', 'MaritalStatus'))": 0.7190476190476192,
    "(('prospect_horizontal_100_ec_ev_source', 'MaritalStatus'), ('prospect_horizontal_100_ec_ev_target', 'LastName'))": 0.7190476190476192,
    "(('prospect_horizontal_100_ec_ev_source', 'Income'), ('prospect_horizontal_100_ec_ev_target', 'NetWorth'))": 0.7052631578947368,
    "(('prospect_horizontal_100_ec_ev_source', 'NetWorth'), ('prospect_horizontal_100_ec_ev_target', 'Income'))": 0.7052631578947368
  },
  "metrics": {
    "precision": 1.0,
    "recall": 1.0,
    "f1_score": 1.0,
    "precision_at_10_percent": 1.0,
    "precision_at_20_percent": 1.0,
    "precision_at_30_percent": 1.0,
    "precision_at_40_percent": 1.0,
    "precision_at_50_percent": 1.0,
    "precision_at_60_percent": 0.9166666666666666,
    "precision_at_70_percent": 0.7857142857142857,
    "precision_at_80_percent": 0.6875,
    "precision_at_90_percent": 0.6111111111111112,
    "recall_at_sizeof_ground_truth": 1.0
  },
  "run_times": {
    "total_time": 29.21571566000057,
    "algorithm_time": 29.21552863800025
  }
}