{
  "name": "prospect_horizontal_0_ac5_ev__Cupid{'leaf_w_struct': 0.4, 'w_struct': 0.6, 'th_accept': 0.7, 'th_high': 0.6, 'th_low': 0.35, 'c_inc': 1.2, 'c_dec': 0.9, 'th_ns': 0.5}",
  "matches": {
    "(('prospect_horizontal_0_ac5_ev_source', 'NumberChildren'), ('prospect_horizontal_0_ac5_ev_target', 'prospect_g'))": 0.9166666666666667,
    "(('prospect_horizontal_0_ac5_ev_source', 'NumberCreditCards'), ('prospect_horizontal_0_ac5_ev_target', 'prospect_g'))": 0.8821052631578947,
    "(('prospect_horizontal_0_ac5_ev_source', 'NumberCars'), ('prospect_horizontal_0_ac5_ev_target', 'prospect_g'))": 0.8637254901960785,
    "(('prospect_horizontal_0_ac5_ev_source', 'CreditRating'), ('prospect_horizontal_0_ac5_ev_target', 'prospect_g'))": 0.8608187134502924,
    "(('prospect_horizontal_0_ac5_ev_source', 'City'), ('prospect_horizontal_0_ac5_ev_target', 'prospect_ct'))": 0.8607407407407408,
    "(('prospect_horizontal_0_ac5_ev_source', 'Employer'), ('prospect_horizontal_0_ac5_ev_target', 'prospect_mplr'))": 0.8382352941176471,
    "(('prospect_horizontal_0_ac5_ev_source', 'NetWorth'), ('prospect_horizontal_0_ac5_ev_target', 'prospect_ncm'))": 0.8366666666666667,
    "(('prospect_horizontal_0_ac5_ev_source', 'NumberChildren'), ('prospect_horizontal_0_ac5_ev_target', 'prospect_nmbrcrs'))": 0.8357142857142857,
    "(('prospect_horizontal_0_ac5_ev_source', 'Country'), ('prospect_horizontal_0_ac5_ev_target', 'prospect_ct'))": 0.8353276353276353,
    "(('prospect_horizontal_0_ac5_ev_source', 'NumberChildren'), ('prospect_horizontal_0_ac5_ev_target', 'prospect_ncm'))": 0.8333333333333334,
    "(('prospect_horizontal_0_ac5_ev_source', 'NetWorth'), ('prospect_horizontal_0_ac5_ev_target', 'prospect_ntwrth'))": 0.8283333333333334,
    "(('prospect_horizontal_0_ac5_ev_source', 'NumberChildren'), ('prospect_horizontal_0_ac5_ev_target', 'prospect_nmbrchldrn'))": 0.825,
    "(('prospect_horizontal_0_ac5_ev_source', 'NumberChildren'), ('prospect_horizontal_0_ac5_ev_target', 'prospect_crdtrtng'))": 0.825,
    "(('prospect_horizontal_0_ac5_ev_source', 'NumberChildren'), ('prospect_horizontal_0_ac5_ev_target', 'prospect_ntwrth'))": 0.825,
    "(('prospect_horizontal_0_ac5_ev_source', 'NetWorth'), ('prospect_horizontal_0_ac5_ev_target', 'prospect_g'))": 0.8218749999999999,
    "(('prospect_horizontal_0_ac5_ev_source', 'NumberChildren'), ('prospect_horizontal_0_ac5_ev_target', 'prospect_nmbrcrdtcrds'))": 0.8208333333333333,
    "(('prospect_horizontal_0_ac5_ev_source', 'NumberCreditCards'), ('prospect_horizontal_0_ac5_ev_target', 'prospect_crdtrtng'))": 0.8187719298245614,
    "(('prospect_horizontal_0_ac5_ev_source', 'AgencyID'), ('prospect_horizontal_0_ac5_ev_target', 'prospect_gncd'))": 0.818076923076923,
    "(('prospect_horizontal_0_ac5_ev_source', 'NumberCreditCards'), ('prospect_horizontal_0_ac5_ev_target', 'prospect_nmbrcrs'))": 0.8173433583959899,
    "(('prospect_horizontal_0_ac5_ev_source', 'NumberCreditCards'), ('prospect_horizontal_0_ac5_ev_target', 'prospect_ncm'))": 0.8154385964912281,
    "(('prospect_horizontal_0_ac5_ev_source', 'FirstName'), ('prospect_horizontal_0_ac5_ev_target', 'prospect_frstnm'))": 0.815,
    "(('prospect_horizontal_0_ac5_ev_source', 'NumberCreditCards'), ('prospect_horizontal_0_ac5_ev_target', 'prospect_nmbrcrdtcrds'))": 0.8121052631578947,
    "(('prospect_horizontal_0_ac5_ev_source', 'NumberCreditCards'), ('prospect_horizontal_0_ac5_ev_target', 'prospect_nmbrchldrn'))": 0.8087719298245614,
    "(('prospect_horizontal_0_ac5_ev_source', 'NumberCreditCards'), ('prospect_horizontal_0_ac5_ev_target', 'prospect_ntwrth'))": 0.8087719298245614,
    "(('prospect_horizontal_0_ac5_ev_source', 'NetWorth'), ('prospect_horizontal_0_ac5_ev_target', 'prospect_nmbrcrs'))": 0.8080952380952381,
    "(('prospect_horizontal_0_ac5_ev_source', 'OwnOrRentFlag'), ('prospect_horizontal_0_ac5_ev_target', 'prospect_ct'))": 0.804953560371517,
    "(('prospect_horizontal_0_ac5_ev_source', 'Employer'), ('prospect_horizontal_0_ac5_ev_target', 'prospect_lstnm'))": 0.8049019607843138,
    "(('prospect_horizontal_0_ac5_ev_source', 'Employer'), ('prospect_horizontal_0_ac5_ev_target', 'prospect_phn'))": 0.8049019607843138,
    "(('prospect_horizontal_0_ac5_ev_source', 'CreditRating'), ('prospect_horizontal_0_ac5_ev_target', 'prospect_crdtrtng'))": 0.8045687134502923,
    "(('prospect_horizontal_0_ac5_ev_source', 'NetWorth'), ('prospect_horizontal_0_ac5_ev_target', 'prospect_nmbrcrdtcrds'))": 0.8033333333333333,
    "(('prospect_horizontal_0_ac5_ev_source', 'NetWorth'), ('prospect_horizontal_0_ac5_ev_target', 'prospect_nmbrchldrn'))": 0.8016666666666666
  },
  "metrics": {
    "precision": 0.5714285714285714,
    "recall": 0.18181818181818182,
    "f1_score": 0.27586206896551724,
    "precision_at_10_percent": 0.0,
    "precision_at_20_percent": 0.2857142857142857,
    "precision_at_30_percent": 0.2,
    "precision_at_40_percent": 0.3076923076923077,
    "precision_at_50_percent": 0.25,
    "precision_at_60_percent": 0.2631578947368421,
    "precision_at_70_percent": 0.3181818181818182,
    "precision_at_80_percent": 0.28,
    "precision_at_90_percent": 0.25,
    "recall_at_sizeof_ground_truth": 0.3181818181818182
  },
  "run_times": {
    "total_time": 21.22255562099963,
    "algorithm_time": 21.222362824999436
  }
}