{
  "name": "prospect_both_50_70_ec_ev__Cupid{'leaf_w_struct': 0.2, 'w_struct': 0.6, 'th_accept': 0.8, 'th_high': 0.6, 'th_low': 0.35, 'c_inc': 1.2, 'c_dec': 0.9, 'th_ns': 0.5}",
  "matches": {
    "(('prospect_both_50_70_ec_ev_source', 'AgencyID'), ('prospect_both_50_70_ec_ev_target', 'AgencyID'))": 1.0,
    "(('prospect_both_50_70_ec_ev_source', 'Phone'), ('prospect_both_50_70_ec_ev_target', 'Phone'))": 1.0,
    "(('prospect_both_50_70_ec_ev_source', 'NetWorth'), ('prospect_both_50_70_ec_ev_target', 'NetWorth'))": 1.0,
    "(('prospect_both_50_70_ec_ev_source', 'AddressLine1'), ('prospect_both_50_70_ec_ev_target', 'AddressLine1'))": 1.0,
    "(('prospect_both_50_70_ec_ev_source', 'NumberCreditCards'), ('prospect_both_50_70_ec_ev_target', 'NumberCreditCards'))": 1.0,
    "(('prospect_both_50_70_ec_ev_source', 'MaritalStatus'), ('prospect_both_50_70_ec_ev_target', 'MaritalStatus'))": 1.0,
    "(('prospect_both_50_70_ec_ev_source', 'NumberChildren'), ('prospect_both_50_70_ec_ev_target', 'NumberChildren'))": 1.0,
    "(('prospect_both_50_70_ec_ev_source', 'City'), ('prospect_both_50_70_ec_ev_target', 'City'))": 1.0,
    "(('prospect_both_50_70_ec_ev_source', 'FirstName'), ('prospect_both_50_70_ec_ev_target', 'FirstName'))": 1.0,
    "(('prospect_both_50_70_ec_ev_source', 'PostalCode'), ('prospect_both_50_70_ec_ev_target', 'PostalCode'))": 1.0,
    "(('prospect_both_50_70_ec_ev_source', 'Gender'), ('prospect_both_50_70_ec_ev_target', 'Gender'))": 1.0,
    "(('prospect_both_50_70_ec_ev_source', 'Income'), ('prospect_both_50_70_ec_ev_target', 'Income'))": 1.0,
    "(('prospect_both_50_70_ec_ev_source', 'State'), ('prospect_both_50_70_ec_ev_target', 'State'))": 1.0,
    "(('prospect_both_50_70_ec_ev_source', 'Age'), ('prospect_both_50_70_ec_ev_target', 'Age'))": 1.0,
    "(('prospect_both_50_70_ec_ev_source', 'Country'), ('prospect_both_50_70_ec_ev_target', 'Country'))": 1.0,
    "(('prospect_both_50_70_ec_ev_source', 'AddressLine2'), ('prospect_both_50_70_ec_ev_target', 'AddressLine1'))": 0.98,
    "(('prospect_both_50_70_ec_ev_source', 'LastName'), ('prospect_both_50_70_ec_ev_target', 'FirstName'))": 0.9714285714285714,
    "(('prospect_both_50_70_ec_ev_source', 'State'), ('prospect_both_50_70_ec_ev_target', 'Country'))": 0.95,
    "(('prospect_both_50_70_ec_ev_source', 'Country'), ('prospect_both_50_70_ec_ev_target', 'State'))": 0.95,
    "(('prospect_both_50_70_ec_ev_source', 'City'), ('prospect_both_50_70_ec_ev_target', 'State'))": 0.928125,
    "(('prospect_both_50_70_ec_ev_source', 'State'), ('prospect_both_50_70_ec_ev_target', 'City'))": 0.928125,
    "(('prospect_both_50_70_ec_ev_source', 'NumberCreditCards'), ('prospect_both_50_70_ec_ev_target', 'NumberChildren'))": 0.926969696969697,
    "(('prospect_both_50_70_ec_ev_source', 'NumberChildren'), ('prospect_both_50_70_ec_ev_target', 'NumberCreditCards'))": 0.926969696969697,
    "(('prospect_both_50_70_ec_ev_source', 'NumberCreditCards'), ('prospect_both_50_70_ec_ev_target', 'NumberCars'))": 0.9206951871657754,
    "(('prospect_both_50_70_ec_ev_source', 'LastName'), ('prospect_both_50_70_ec_ev_target', 'Phone'))": 0.9155555555555556,
    "(('prospect_both_50_70_ec_ev_source', 'Phone'), ('prospect_both_50_70_ec_ev_target', 'FirstName'))": 0.9111111111111111,
    "(('prospect_both_50_70_ec_ev_source', 'FirstName'), ('prospect_both_50_70_ec_ev_target', 'Phone'))": 0.9111111111111111,
    "(('prospect_both_50_70_ec_ev_source', 'NumberChildren'), ('prospect_both_50_70_ec_ev_target', 'NumberCars'))": 0.9088235294117647,
    "(('prospect_both_50_70_ec_ev_source', 'NumberCreditCards'), ('prospect_both_50_70_ec_ev_target', 'CreditRating'))": 0.906969696969697,
    "(('prospect_both_50_70_ec_ev_source', 'City'), ('prospect_both_50_70_ec_ev_target', 'Country'))": 0.90625,
    "(('prospect_both_50_70_ec_ev_source', 'Country'), ('prospect_both_50_70_ec_ev_target', 'City'))": 0.90625
  },
  "metrics": {
    "precision": 1.0,
    "recall": 1.0,
    "f1_score": 1.0,
    "precision_at_10_percent": 1.0,
    "precision_at_20_percent": 1.0,
    "precision_at_30_percent": 1.0,
    "precision_at_40_percent": 1.0,
    "precision_at_50_percent": 0.9375,
    "precision_at_60_percent": 0.7894736842105263,
    "precision_at_70_percent": 0.6818181818181818,
    "precision_at_80_percent": 0.6,
    "precision_at_90_percent": 0.5357142857142857,
    "recall_at_sizeof_ground_truth": 1.0
  },
  "run_times": {
    "total_time": 20.376852170000348,
    "algorithm_time": 20.376675773997704
  }
}