{
  "name": "prospect_both_50_70_ac2_ev__Cupid{'leaf_w_struct': 0.4, 'w_struct': 0.4, 'th_accept': 0.7, 'th_high': 0.6, 'th_low': 0.35, 'c_inc': 1.2, 'c_dec': 0.9, 'th_ns': 0.5}",
  "matches": {
    "(('prospect_both_50_70_ac2_ev_source', 'State'), ('prospect_both_50_70_ac2_ev_target', 'MiIn'))": 0.9333333333333333,
    "(('prospect_both_50_70_ac2_ev_source', 'AgencyID'), ('prospect_both_50_70_ac2_ev_target', 'MiIn'))": 0.9155555555555556,
    "(('prospect_both_50_70_ac2_ev_source', 'City'), ('prospect_both_50_70_ac2_ev_target', 'MiIn'))": 0.8666666666666667,
    "(('prospect_both_50_70_ac2_ev_source', 'Country'), ('prospect_both_50_70_ac2_ev_target', 'MiIn'))": 0.8666666666666667,
    "(('prospect_both_50_70_ac2_ev_source', 'CreditRating'), ('prospect_both_50_70_ac2_ev_target', 'CrRat'))": 0.8285714285714285,
    "(('prospect_both_50_70_ac2_ev_source', 'LastName'), ('prospect_both_50_70_ac2_ev_target', 'MiIn'))": 0.8285714285714285,
    "(('prospect_both_50_70_ac2_ev_source', 'Phone'), ('prospect_both_50_70_ac2_ev_target', 'MiIn'))": 0.8285714285714285,
    "(('prospect_both_50_70_ac2_ev_source', 'NumberChildren'), ('prospect_both_50_70_ac2_ev_target', 'NuC'))": 0.8142857142857143,
    "(('prospect_both_50_70_ac2_ev_source', 'NumberCreditCards'), ('prospect_both_50_70_ac2_ev_target', 'NuC'))": 0.8111740890688259,
    "(('prospect_both_50_70_ac2_ev_source', 'AgencyID'), ('prospect_both_50_70_ac2_ev_target', 'AgID'))": 0.8061538461538462,
    "(('prospect_both_50_70_ac2_ev_source', 'Phone'), ('prospect_both_50_70_ac2_ev_target', 'LaNa'))": 0.8,
    "(('prospect_both_50_70_ac2_ev_source', 'FirstName'), ('prospect_both_50_70_ac2_ev_target', 'MiIn'))": 0.7714285714285714,
    "(('prospect_both_50_70_ac2_ev_source', 'Phone'), ('prospect_both_50_70_ac2_ev_target', 'Ge'))": 0.7692307692307693,
    "(('prospect_both_50_70_ac2_ev_source', 'AgencyID'), ('prospect_both_50_70_ac2_ev_target', 'LaNa'))": 0.7623076923076924,
    "(('prospect_both_50_70_ac2_ev_source', 'State'), ('prospect_both_50_70_ac2_ev_target', 'OORFl'))": 0.7555555555555555,
    "(('prospect_both_50_70_ac2_ev_source', 'NumberChildren'), ('prospect_both_50_70_ac2_ev_target', 'CrRat'))": 0.755514705882353,
    "(('prospect_both_50_70_ac2_ev_source', 'Country'), ('prospect_both_50_70_ac2_ev_target', 'OORFl'))": 0.753968253968254,
    "(('prospect_both_50_70_ac2_ev_source', 'LastName'), ('prospect_both_50_70_ac2_ev_target', 'Em'))": 0.7472527472527473,
    "(('prospect_both_50_70_ac2_ev_source', 'Gender'), ('prospect_both_50_70_ac2_ev_target', 'Ph'))": 0.7428571428571429,
    "(('prospect_both_50_70_ac2_ev_source', 'Country'), ('prospect_both_50_70_ac2_ev_target', 'Coun'))": 0.7428571428571429,
    "(('prospect_both_50_70_ac2_ev_source', 'NumberCreditCards'), ('prospect_both_50_70_ac2_ev_target', 'NuChi'))": 0.7394285714285713,
    "(('prospect_both_50_70_ac2_ev_source', 'NumberCreditCards'), ('prospect_both_50_70_ac2_ev_target', 'CrRat'))": 0.7380075187969924,
    "(('prospect_both_50_70_ac2_ev_source', 'NumberChildren'), ('prospect_both_50_70_ac2_ev_target', 'NuChi'))": 0.7214285714285714,
    "(('prospect_both_50_70_ac2_ev_source', 'NumberCreditCards'), ('prospect_both_50_70_ac2_ev_target', 'NumCrCar'))": 0.7176470588235294,
    "(('prospect_both_50_70_ac2_ev_source', 'City'), ('prospect_both_50_70_ac2_ev_target', 'OORFl'))": 0.711111111111111
  },
  "metrics": {
    "precision": 0.2222222222222222,
    "recall": 0.13333333333333333,
    "f1_score": 0.16666666666666669,
    "precision_at_10_percent": 0.0,
    "precision_at_20_percent": 0.2,
    "precision_at_30_percent": 0.125,
    "precision_at_40_percent": 0.2,
    "precision_at_50_percent": 0.15384615384615385,
    "precision_at_60_percent": 0.13333333333333333,
    "precision_at_70_percent": 0.1111111111111111,
    "precision_at_80_percent": 0.15,
    "precision_at_90_percent": 0.17391304347826086,
    "recall_at_sizeof_ground_truth": 0.13333333333333333
  },
  "run_times": {
    "total_time": 14.200749275998533,
    "algorithm_time": 14.200577794999845
  }
}