{
  "name": "prospect_both_50_70_ac5_av__Cupid{'leaf_w_struct': 0.2, 'w_struct': 0.2, 'th_accept': 0.7, 'th_high': 0.6, 'th_low': 0.35, 'c_inc': 1.2, 'c_dec': 0.9, 'th_ns': 0.5}",
  "matches": {
    "(('prospect_both_50_70_ac5_av_source', 'NumberChildren'), ('prospect_both_50_70_ac5_av_target', 'prospect_g'))": 0.8333333333333335,
    "(('prospect_both_50_70_ac5_av_source', 'NetWorth'), ('prospect_both_50_70_ac5_av_target', 'prospect_g'))": 0.7733333333333332,
    "(('prospect_both_50_70_ac5_av_source', 'State'), ('prospect_both_50_70_ac5_av_target', 'prospect_ct'))": 0.7703703703703704,
    "(('prospect_both_50_70_ac5_av_source', 'NumberCars'), ('prospect_both_50_70_ac5_av_target', 'prospect_g'))": 0.7274509803921569,
    "(('prospect_both_50_70_ac5_av_source', 'City'), ('prospect_both_50_70_ac5_av_target', 'prospect_ct'))": 0.7214814814814816
  },
  "metrics": {
    "precision": 0.0,
    "recall": 0.0,
    "f1_score": 0,
    "precision_at_10_percent": 0.0,
    "precision_at_20_percent": 0.0,
    "precision_at_30_percent": 0.0,
    "precision_at_40_percent": 0.0,
    "precision_at_50_percent": 0.0,
    "precision_at_60_percent": 0.0,
    "precision_at_70_percent": 0.0,
    "precision_at_80_percent": 0.0,
    "precision_at_90_percent": 0.2,
    "recall_at_sizeof_ground_truth": 0.06666666666666667
  },
  "run_times": {
    "total_time": 13.243548108999676,
    "algorithm_time": 13.243358715997601
  }
}