{
  "name": "prospect_vertical_70_ac3_av__Cupid{'leaf_w_struct': 0.6, 'w_struct': 0.2, 'th_accept': 0.8, 'th_high': 0.6, 'th_low': 0.35, 'c_inc': 1.2, 'c_dec': 0.9, 'th_ns': 0.5}",
  "matches": {
    "(('prospect_vertical_70_ac3_av_source', 'State'), ('prospect_vertical_70_ac3_av_target', 'ct'))": 0.8222222222222222,
    "(('prospect_vertical_70_ac3_av_source', 'City'), ('prospect_vertical_70_ac3_av_target', 'ct'))": 0.8222222222222222
  },
  "metrics": {
    "precision": 0.5,
    "recall": 0.06666666666666667,
    "f1_score": 0.11764705882352941,
    "precision_at_10_percent": 0.0,
    "precision_at_20_percent": 0.0,
    "precision_at_30_percent": 0.0,
    "precision_at_40_percent": 0.0,
    "precision_at_50_percent": 0.0,
    "precision_at_60_percent": 0.5,
    "precision_at_70_percent": 0.5,
    "precision_at_80_percent": 0.5,
    "precision_at_90_percent": 0.5,
    "recall_at_sizeof_ground_truth": 0.06666666666666667
  },
  "run_times": {
    "total_time": 7.127507198998501,
    "algorithm_time": 7.1273330399999395
  }
}