{
  "name": "prospect_vertical_1_ac3_ev__Cupid{'leaf_w_struct': 0, 'w_struct': 0, 'th_accept': 0.5, 'th_high': 0.6, 'th_low': 0.35, 'c_inc': 1.2, 'c_dec': 0.9, 'th_ns': 0.5}",
  "matches": {
    "(('prospect_vertical_1_ac3_ev_source', 'MiddleInitial'), ('prospect_vertical_1_ac3_ev_target', 'g'))": 0.9629629629629629,
    "(('prospect_vertical_1_ac3_ev_source', 'AddressLine1'), ('prospect_vertical_1_ac3_ev_target', 'g'))": 0.6,
    "(('prospect_vertical_1_ac3_ev_source', 'AddressLine2'), ('prospect_vertical_1_ac3_ev_target', 'g'))": 0.6,
    "(('prospect_vertical_1_ac3_ev_source', 'LastName'), ('prospect_vertical_1_ac3_ev_target', 'g'))": 0.5661764705882354,
    "(('prospect_vertical_1_ac3_ev_source', 'PostalCode'), ('prospect_vertical_1_ac3_ev_target', 'g'))": 0.5565476190476192
  },
  "metrics": {
    "precision": 0.0,
    "recall": 0.0,
    "f1_score": 0,
    "precision_at_10_percent": 0.0,
    "precision_at_20_percent": 0.0,
    "precision_at_30_percent": 0.0,
    "precision_at_40_percent": 0.0,
    "precision_at_50_percent": 0.0,
    "precision_at_60_percent": 0.0,
    "precision_at_70_percent": 0.0,
    "precision_at_80_percent": 0.0,
    "precision_at_90_percent": 0.0,
    "recall_at_sizeof_ground_truth": 0.0
  },
  "run_times": {
    "total_time": 3.431353838997893,
    "algorithm_time": 3.431190720999439
  }
}