{
  "name": "prospect_both_50_70_ac5_av__Cupid{'leaf_w_struct': 0, 'w_struct': 0, 'th_accept': 0.5, 'th_high': 0.6, 'th_low': 0.35, 'c_inc': 1.2, 'c_dec': 0.9, 'th_ns': 0.5}",
  "matches": {
    "(('prospect_both_50_70_ac5_av_source', 'MiddleInitial'), ('prospect_both_50_70_ac5_av_target', 'prospect_g'))": 0.9062500000000001,
    "(('prospect_both_50_70_ac5_av_source', 'State'), ('prospect_both_50_70_ac5_av_target', 'prospect_ct'))": 0.712962962962963,
    "(('prospect_both_50_70_ac5_av_source', 'NumberChildren'), ('prospect_both_50_70_ac5_av_target', 'prospect_g'))": 0.6708333333333334,
    "(('prospect_both_50_70_ac5_av_source', 'CreditRating'), ('prospect_both_50_70_ac5_av_target', 'prospect_g'))": 0.6593567251461988,
    "(('prospect_both_50_70_ac5_av_source', 'City'), ('prospect_both_50_70_ac5_av_target', 'prospect_ct'))": 0.6518518518518519,
    "(('prospect_both_50_70_ac5_av_source', 'NumberCars'), ('prospect_both_50_70_ac5_av_target', 'prospect_g'))": 0.5942982456140351,
    "(('prospect_both_50_70_ac5_av_source', 'Country'), ('prospect_both_50_70_ac5_av_target', 'prospect_ct'))": 0.5883190883190883,
    "(('prospect_both_50_70_ac5_av_source', 'FirstName'), ('prospect_both_50_70_ac5_av_target', 'prospect_frstnm'))": 0.5416666666666666,
    "(('prospect_both_50_70_ac5_av_source', 'LastName'), ('prospect_both_50_70_ac5_av_target', 'prospect_g'))": 0.5208333333333333,
    "(('prospect_both_50_70_ac5_av_source', 'CreditRating'), ('prospect_both_50_70_ac5_av_target', 'prospect_crdtrtng'))": 0.5187317251461989,
    "(('prospect_both_50_70_ac5_av_source', 'PostalCode'), ('prospect_both_50_70_ac5_av_target', 'prospect_g'))": 0.5178571428571428,
    "(('prospect_both_50_70_ac5_av_source', 'AddressLine1'), ('prospect_both_50_70_ac5_av_target', 'prospect_g'))": 0.5079861111111111,
    "(('prospect_both_50_70_ac5_av_source', 'AddressLine2'), ('prospect_both_50_70_ac5_av_target', 'prospect_g'))": 0.5079861111111111
  },
  "metrics": {
    "precision": 0.0,
    "recall": 0.0,
    "f1_score": 0,
    "precision_at_10_percent": 0.0,
    "precision_at_20_percent": 0.0,
    "precision_at_30_percent": 0.0,
    "precision_at_40_percent": 0.16666666666666666,
    "precision_at_50_percent": 0.14285714285714285,
    "precision_at_60_percent": 0.25,
    "precision_at_70_percent": 0.3,
    "precision_at_80_percent": 0.2727272727272727,
    "precision_at_90_percent": 0.25,
    "recall_at_sizeof_ground_truth": 0.2
  },
  "run_times": {
    "total_time": 11.50718774300185,
    "algorithm_time": 11.506999084002018
  }
}