{
  "name": "prospect_vertical_50_ac4_ev__Cupid{'leaf_w_struct': 0.4, 'w_struct': 0, 'th_accept': 0.6, 'th_high': 0.6, 'th_low': 0.35, 'c_inc': 1.2, 'c_dec': 0.9, 'th_ns': 0.5}",
  "matches": {
    "(('prospect_vertical_50_ac4_ev_source', 'AgencyID'), ('prospect_vertical_50_ac4_ev_target', 'prospect_MiInit'))": 0.7136324786324786,
    "(('prospect_vertical_50_ac4_ev_source', 'AgencyID'), ('prospect_vertical_50_ac4_ev_target', 'prospect_AgID'))": 0.6646153846153846,
    "(('prospect_vertical_50_ac4_ev_source', 'State'), ('prospect_vertical_50_ac4_ev_target', 'prospect_Sta'))": 0.6444444444444444,
    "(('prospect_vertical_50_ac4_ev_source', 'NumberCars'), ('prospect_vertical_50_ac4_ev_target', 'prospect_NumCrCar'))": 0.6397058823529412,
    "(('prospect_vertical_50_ac4_ev_source', 'NumberCreditCards'), ('prospect_vertical_50_ac4_ev_target', 'prospect_Ag'))": 0.6385964912280702,
    "(('prospect_vertical_50_ac4_ev_source', 'NumberCreditCards'), ('prospect_vertical_50_ac4_ev_target', 'prospect_Ge'))": 0.6209494324045408,
    "(('prospect_vertical_50_ac4_ev_source', 'FirstName'), ('prospect_vertical_50_ac4_ev_target', 'prospect_Em'))": 0.6190476190476191
  },
  "metrics": {
    "precision": 0.25,
    "recall": 0.09090909090909091,
    "f1_score": 0.13333333333333333,
    "precision_at_10_percent": 0.0,
    "precision_at_20_percent": 0.5,
    "precision_at_30_percent": 0.6666666666666666,
    "precision_at_40_percent": 0.6666666666666666,
    "precision_at_50_percent": 0.5,
    "precision_at_60_percent": 0.4,
    "precision_at_70_percent": 0.4,
    "precision_at_80_percent": 0.3333333333333333,
    "precision_at_90_percent": 0.2857142857142857,
    "recall_at_sizeof_ground_truth": 0.18181818181818182
  },
  "run_times": {
    "total_time": 17.891627658998914,
    "algorithm_time": 17.891451031999168
  }
}