{
  "name": "prospect_horizontal_100_ac4_ev__Cupid{'leaf_w_struct': 0, 'w_struct': 0.4, 'th_accept': 0.6, 'th_high': 0.6, 'th_low': 0.35, 'c_inc': 1.2, 'c_dec': 0.9, 'th_ns': 0.5}",
  "matches": {
    "(('prospect_horizontal_100_ac4_ev_source', 'State'), ('prospect_horizontal_100_ac4_ev_target', 'prospect_MiIn'))": 0.888888888888889,
    "(('prospect_horizontal_100_ac4_ev_source', 'MaritalStatus'), ('prospect_horizontal_100_ac4_ev_target', 'prospect_C'))": 0.8846153846153846,
    "(('prospect_horizontal_100_ac4_ev_source', 'MiddleInitial'), ('prospect_horizontal_100_ac4_ev_target', 'prospect_C'))": 0.8833333333333333,
    "(('prospect_horizontal_100_ac4_ev_source', 'AgencyID'), ('prospect_horizontal_100_ac4_ev_target', 'prospect_PosCo'))": 0.8717307692307692,
    "(('prospect_horizontal_100_ac4_ev_source', 'NumberChildren'), ('prospect_horizontal_100_ac4_ev_target', 'prospect_NumC'))": 0.8600000000000001,
    "(('prospect_horizontal_100_ac4_ev_source', 'AgencyID'), ('prospect_horizontal_100_ac4_ev_target', 'prospect_AgeID'))": 0.8596923076923078,
    "(('prospect_horizontal_100_ac4_ev_source', 'AgencyID'), ('prospect_horizontal_100_ac4_ev_target', 'prospect_MiIn'))": 0.8490384615384616,
    "(('prospect_horizontal_100_ac4_ev_source', 'CreditRating'), ('prospect_horizontal_100_ac4_ev_target', 'prospect_CreRat'))": 0.8298245614035087,
    "(('prospect_horizontal_100_ac4_ev_source', 'MaritalStatus'), ('prospect_horizontal_100_ac4_ev_target', 'prospect_NumC'))": 0.8076923076923077,
    "(('prospect_horizontal_100_ac4_ev_source', 'NumberCreditCards'), ('prospect_horizontal_100_ac4_ev_target', 'prospect_NumC'))": 0.8052631578947369,
    "(('prospect_horizontal_100_ac4_ev_source', 'MiddleInitial'), ('prospect_horizontal_100_ac4_ev_target', 'prospect_NumC'))": 0.8038095238095239,
    "(('prospect_horizontal_100_ac4_ev_source', 'NetWorth'), ('prospect_horizontal_100_ac4_ev_target', 'prospect_NumC'))": 0.80125,
    "(('prospect_horizontal_100_ac4_ev_source', 'NumberCars'), ('prospect_horizontal_100_ac4_ev_target', 'prospect_NumC'))": 0.7929411764705883,
    "(('prospect_horizontal_100_ac4_ev_source', 'City'), ('prospect_horizontal_100_ac4_ev_target', 'prospect_MiIn'))": 0.7911111111111111,
    "(('prospect_horizontal_100_ac4_ev_source', 'NumberCars'), ('prospect_horizontal_100_ac4_ev_target', 'prospect_NuCrCar'))": 0.7887254901960785,
    "(('prospect_horizontal_100_ac4_ev_source', 'State'), ('prospect_horizontal_100_ac4_ev_target', 'prospect_Sta'))": 0.7866666666666666,
    "(('prospect_horizontal_100_ac4_ev_source', 'NumberChildren'), ('prospect_horizontal_100_ac4_ev_target', 'prospect_CreRat'))": 0.7847058823529411,
    "(('prospect_horizontal_100_ac4_ev_source', 'Employer'), ('prospect_horizontal_100_ac4_ev_target', 'prospect_Empl'))": 0.7823529411764707,
    "(('prospect_horizontal_100_ac4_ev_source', 'OwnOrRentFlag'), ('prospect_horizontal_100_ac4_ev_target', 'prospect_C'))": 0.7811004784688995,
    "(('prospect_horizontal_100_ac4_ev_source', 'NumberChildren'), ('prospect_horizontal_100_ac4_ev_target', 'prospect_NuChil'))": 0.78,
    "(('prospect_horizontal_100_ac4_ev_source', 'Country'), ('prospect_horizontal_100_ac4_ev_target', 'prospect_MiIn'))": 0.7782051282051282,
    "(('prospect_horizontal_100_ac4_ev_source', 'NumberChildren'), ('prospect_horizontal_100_ac4_ev_target', 'prospect_MiIn'))": 0.7779411764705882,
    "(('prospect_horizontal_100_ac4_ev_source', 'Country'), ('prospect_horizontal_100_ac4_ev_target', 'prospect_PosCo'))": 0.7774038461538462,
    "(('prospect_horizontal_100_ac4_ev_source', 'Employer'), ('prospect_horizontal_100_ac4_ev_target', 'prospect_PosCo'))": 0.7689839572192513,
    "(('prospect_horizontal_100_ac4_ev_source', 'State'), ('prospect_horizontal_100_ac4_ev_target', 'prospect_OwORFl'))": 0.7666666666666666
  },
  "metrics": {
    "precision": 0.2857142857142857,
    "recall": 0.09090909090909091,
    "f1_score": 0.13793103448275862,
    "precision_at_10_percent": 0.0,
    "precision_at_20_percent": 0.0,
    "precision_at_30_percent": 0.25,
    "precision_at_40_percent": 0.2,
    "precision_at_50_percent": 0.23076923076923078,
    "precision_at_60_percent": 0.2,
    "precision_at_70_percent": 0.2777777777777778,
    "precision_at_80_percent": 0.3,
    "precision_at_90_percent": 0.2608695652173913,
    "recall_at_sizeof_ground_truth": 0.2727272727272727
  },
  "run_times": {
    "total_time": 26.414385090996802,
    "algorithm_time": 26.41419395399862
  }
}