{
  "name": "prospect_vertical_30_ac5_av__Cupid{'leaf_w_struct': 0.6, 'w_struct': 0.2, 'th_accept': 0.6, 'th_high': 0.6, 'th_low': 0.35, 'c_inc': 1.2, 'c_dec': 0.9, 'th_ns': 0.5}",
  "matches": {
    "(('prospect_vertical_30_ac5_av_source', 'NumberChildren'), ('prospect_vertical_30_ac5_av_target', 'prospect_g'))": 0.7366666666666668,
    "(('prospect_vertical_30_ac5_av_source', 'MiddleInitial'), ('prospect_vertical_30_ac5_av_target', 'prospect_g'))": 0.6027777777777779
  },
  "metrics": {
    "precision": 0.0,
    "recall": 0.0,
    "f1_score": 0,
    "precision_at_10_percent": 0.0,
    "precision_at_20_percent": 0.0,
    "precision_at_30_percent": 0.0,
    "precision_at_40_percent": 0.0,
    "precision_at_50_percent": 0.0,
    "precision_at_60_percent": 0.0,
    "precision_at_70_percent": 0.0,
    "precision_at_80_percent": 0.0,
    "precision_at_90_percent": 0.0,
    "recall_at_sizeof_ground_truth": 0.0
  },
  "run_times": {
    "total_time": 12.0278717029978,
    "algorithm_time": 12.027690768998582
  }
}