{
  "name": "prospect_horizontal_50_ac3_av__Cupid{'leaf_w_struct': 0.2, 'w_struct': 0, 'th_accept': 0.6, 'th_high': 0.6, 'th_low': 0.35, 'c_inc': 1.2, 'c_dec': 0.9, 'th_ns': 0.5}",
  "matches": {
    "(('prospect_horizontal_50_ac3_av_source', 'MiddleInitial'), ('prospect_horizontal_50_ac3_av_target', 'g'))": 0.7962962962962963,
    "(('prospect_horizontal_50_ac3_av_source', 'City'), ('prospect_horizontal_50_ac3_av_target', 'ct'))": 0.7777777777777778,
    "(('prospect_horizontal_50_ac3_av_source', 'MaritalStatus'), ('prospect_horizontal_50_ac3_av_target', 'g'))": 0.7777777777777778,
    "(('prospect_horizontal_50_ac3_av_source', 'State'), ('prospect_horizontal_50_ac3_av_target', 'ct'))": 0.7777777777777777,
    "(('prospect_horizontal_50_ac3_av_source', 'Country'), ('prospect_horizontal_50_ac3_av_target', 'ct'))": 0.6805555555555556,
    "(('prospect_horizontal_50_ac3_av_source', 'NumberCreditCards'), ('prospect_horizontal_50_ac3_av_target', 'g'))": 0.6745614035087719,
    "(('prospect_horizontal_50_ac3_av_source', 'NumberChildren'), ('prospect_horizontal_50_ac3_av_target', 'g'))": 0.6444444444444445,
    "(('prospect_horizontal_50_ac3_av_source', 'NumberCars'), ('prospect_horizontal_50_ac3_av_target', 'g'))": 0.6257309941520468,
    "(('prospect_horizontal_50_ac3_av_source', 'OwnOrRentFlag'), ('prospect_horizontal_50_ac3_av_target', 'g'))": 0.602020202020202
  },
  "metrics": {
    "precision": 0.5,
    "recall": 0.045454545454545456,
    "f1_score": 0.08333333333333334,
    "precision_at_10_percent": 0.0,
    "precision_at_20_percent": 0.5,
    "precision_at_30_percent": 0.3333333333333333,
    "precision_at_40_percent": 0.25,
    "precision_at_50_percent": 0.2,
    "precision_at_60_percent": 0.16666666666666666,
    "precision_at_70_percent": 0.14285714285714285,
    "precision_at_80_percent": 0.125,
    "precision_at_90_percent": 0.1111111111111111,
    "recall_at_sizeof_ground_truth": 0.045454545454545456
  },
  "run_times": {
    "total_time": 9.135215412999969,
    "algorithm_time": 9.134999737998442
  }
}