{
  "name": "prospect_vertical_50_ec_ev__Cupid{'leaf_w_struct': 0, 'w_struct': 0, 'th_accept': 0.8, 'th_high': 0.6, 'th_low': 0.35, 'c_inc': 1.2, 'c_dec': 0.9, 'th_ns': 0.5}",
  "matches": {
    "(('prospect_vertical_50_ec_ev_source', 'AgencyID'), ('prospect_vertical_50_ec_ev_target', 'AgencyID'))": 1.0,
    "(('prospect_vertical_50_ec_ev_source', 'FirstName'), ('prospect_vertical_50_ec_ev_target', 'FirstName'))": 1.0,
    "(('prospect_vertical_50_ec_ev_source', 'Age'), ('prospect_vertical_50_ec_ev_target', 'Age'))": 1.0,
    "(('prospect_vertical_50_ec_ev_source', 'MiddleInitial'), ('prospect_vertical_50_ec_ev_target', 'MiddleInitial'))": 1.0,
    "(('prospect_vertical_50_ec_ev_source', 'MaritalStatus'), ('prospect_vertical_50_ec_ev_target', 'MaritalStatus'))": 1.0,
    "(('prospect_vertical_50_ec_ev_source', 'NumberCreditCards'), ('prospect_vertical_50_ec_ev_target', 'NumberCreditCards'))": 1.0,
    "(('prospect_vertical_50_ec_ev_source', 'NumberChildren'), ('prospect_vertical_50_ec_ev_target', 'NumberChildren'))": 1.0,
    "(('prospect_vertical_50_ec_ev_source', 'OwnOrRentFlag'), ('prospect_vertical_50_ec_ev_target', 'OwnOrRentFlag'))": 1.0,
    "(('prospect_vertical_50_ec_ev_source', 'LastName'), ('prospect_vertical_50_ec_ev_target', 'LastName'))": 1.0,
    "(('prospect_vertical_50_ec_ev_source', 'CreditRating'), ('prospect_vertical_50_ec_ev_target', 'CreditRating'))": 1.0,
    "(('prospect_vertical_50_ec_ev_source', 'NumberCars'), ('prospect_vertical_50_ec_ev_target', 'NumberCars'))": 1.0,
    "(('prospect_vertical_50_ec_ev_source', 'AgencyID'), ('prospect_vertical_50_ec_ev_target', 'State'))": 0.8333333333333333,
    "(('prospect_vertical_50_ec_ev_source', 'City'), ('prospect_vertical_50_ec_ev_target', 'State'))": 0.8203125
  },
  "metrics": {
    "precision": 0.9166666666666666,
    "recall": 1.0,
    "f1_score": 0.9565217391304348,
    "precision_at_10_percent": 1.0,
    "precision_at_20_percent": 1.0,
    "precision_at_30_percent": 1.0,
    "precision_at_40_percent": 1.0,
    "precision_at_50_percent": 1.0,
    "precision_at_60_percent": 1.0,
    "precision_at_70_percent": 1.0,
    "precision_at_80_percent": 1.0,
    "precision_at_90_percent": 0.9166666666666666,
    "recall_at_sizeof_ground_truth": 1.0
  },
  "run_times": {
    "total_time": 16.351621589001297,
    "algorithm_time": 16.35145375400316
  }
}