{
  "name": "prospect_horizontal_100_ac3_av__Cupid{'leaf_w_struct': 0, 'w_struct': 0, 'th_accept': 0.5, 'th_high': 0.6, 'th_low': 0.35, 'c_inc': 1.2, 'c_dec': 0.9, 'th_ns': 0.5}",
  "matches": {
    "(('prospect_horizontal_100_ac3_av_source', 'MiddleInitial'), ('prospect_horizontal_100_ac3_av_target', 'g'))": 0.8333333333333334,
    "(('prospect_horizontal_100_ac3_av_source', 'City'), ('prospect_horizontal_100_ac3_av_target', 'ct'))": 0.7777777777777778,
    "(('prospect_horizontal_100_ac3_av_source', 'MaritalStatus'), ('prospect_horizontal_100_ac3_av_target', 'g'))": 0.7777777777777778,
    "(('prospect_horizontal_100_ac3_av_source', 'State'), ('prospect_horizontal_100_ac3_av_target', 'ct'))": 0.7777777777777777,
    "(('prospect_horizontal_100_ac3_av_source', 'Country'), ('prospect_horizontal_100_ac3_av_target', 'ct'))": 0.6805555555555556,
    "(('prospect_horizontal_100_ac3_av_source', 'NumberCreditCards'), ('prospect_horizontal_100_ac3_av_target', 'g'))": 0.6745614035087719,
    "(('prospect_horizontal_100_ac3_av_source', 'NumberChildren'), ('prospect_horizontal_100_ac3_av_target', 'g'))": 0.6444444444444445,
    "(('prospect_horizontal_100_ac3_av_source', 'NumberCars'), ('prospect_horizontal_100_ac3_av_target', 'g'))": 0.6257309941520468,
    "(('prospect_horizontal_100_ac3_av_source', 'PostalCode'), ('prospect_horizontal_100_ac3_av_target', 'g'))": 0.6071428571428572,
    "(('prospect_horizontal_100_ac3_av_source', 'AddressLine1'), ('prospect_horizontal_100_ac3_av_target', 'g'))": 0.6,
    "(('prospect_horizontal_100_ac3_av_source', 'AddressLine2'), ('prospect_horizontal_100_ac3_av_target', 'g'))": 0.6,
    "(('prospect_horizontal_100_ac3_av_source', 'City'), ('prospect_horizontal_100_ac3_av_target', 'cntr'))": 0.546875,
    "(('prospect_horizontal_100_ac3_av_source', 'Gender'), ('prospect_horizontal_100_ac3_av_target', 'gndr'))": 0.5,
    "(('prospect_horizontal_100_ac3_av_source', 'State'), ('prospect_horizontal_100_ac3_av_target', 'stt'))": 0.5,
    "(('prospect_horizontal_100_ac3_av_source', 'Country'), ('prospect_horizontal_100_ac3_av_target', 'cntr'))": 0.5,
    "(('prospect_horizontal_100_ac3_av_source', 'Phone'), ('prospect_horizontal_100_ac3_av_target', 'phn'))": 0.5
  },
  "metrics": {
    "precision": 0.5,
    "recall": 0.045454545454545456,
    "f1_score": 0.08333333333333334,
    "precision_at_10_percent": 0.5,
    "precision_at_20_percent": 0.25,
    "precision_at_30_percent": 0.2,
    "precision_at_40_percent": 0.14285714285714285,
    "precision_at_50_percent": 0.125,
    "precision_at_60_percent": 0.1,
    "precision_at_70_percent": 0.08333333333333333,
    "precision_at_80_percent": 0.15384615384615385,
    "precision_at_90_percent": 0.26666666666666666,
    "recall_at_sizeof_ground_truth": 0.22727272727272727
  },
  "run_times": {
    "total_time": 5.1087932430018554,
    "algorithm_time": 5.108607892001601
  }
}