{
  "name": "prospect_both_50_70_ac5_ev__Cupid{'leaf_w_struct': 0.4, 'w_struct': 0.4, 'th_accept': 0.7, 'th_high': 0.6, 'th_low': 0.35, 'c_inc': 1.2, 'c_dec': 0.9, 'th_ns': 0.5}",
  "matches": {
    "(('prospect_both_50_70_ac5_ev_source', 'NumberChildren'), ('prospect_both_50_70_ac5_ev_target', 'prospect_g'))": 0.875,
    "(('prospect_both_50_70_ac5_ev_source', 'NumberCreditCards'), ('prospect_both_50_70_ac5_ev_target', 'prospect_g'))": 0.8231578947368421,
    "(('prospect_both_50_70_ac5_ev_source', 'NetWorth'), ('prospect_both_50_70_ac5_ev_target', 'prospect_g'))": 0.7987499999999998,
    "(('prospect_both_50_70_ac5_ev_source', 'NumberCars'), ('prospect_both_50_70_ac5_ev_target', 'prospect_g'))": 0.7955882352941177,
    "(('prospect_both_50_70_ac5_ev_source', 'City'), ('prospect_both_50_70_ac5_ev_target', 'prospect_ct'))": 0.7911111111111111,
    "(('prospect_both_50_70_ac5_ev_source', 'Employer'), ('prospect_both_50_70_ac5_ev_target', 'prospect_mplr'))": 0.7573529411764707,
    "(('prospect_both_50_70_ac5_ev_source', 'NumberChildren'), ('prospect_both_50_70_ac5_ev_target', 'prospect_nmbrcrs'))": 0.7535714285714286,
    "(('prospect_both_50_70_ac5_ev_source', 'Country'), ('prospect_both_50_70_ac5_ev_target', 'prospect_ct'))": 0.752991452991453,
    "(('prospect_both_50_70_ac5_ev_source', 'NumberChildren'), ('prospect_both_50_70_ac5_ev_target', 'prospect_ncm'))": 0.75,
    "(('prospect_both_50_70_ac5_ev_source', 'NumberChildren'), ('prospect_both_50_70_ac5_ev_target', 'prospect_ntwrth'))": 0.7375,
    "(('prospect_both_50_70_ac5_ev_source', 'NumberChildren'), ('prospect_both_50_70_ac5_ev_target', 'prospect_nmbrchldrn'))": 0.7375,
    "(('prospect_both_50_70_ac5_ev_source', 'NumberChildren'), ('prospect_both_50_70_ac5_ev_target', 'prospect_crdtrtng'))": 0.7375,
    "(('prospect_both_50_70_ac5_ev_source', 'NumberChildren'), ('prospect_both_50_70_ac5_ev_target', 'prospect_nmbrcrdtcrds'))": 0.73125,
    "(('prospect_both_50_70_ac5_ev_source', 'NumberCreditCards'), ('prospect_both_50_70_ac5_ev_target', 'prospect_crdtrtng'))": 0.7281578947368421,
    "(('prospect_both_50_70_ac5_ev_source', 'AgencyID'), ('prospect_both_50_70_ac5_ev_target', 'prospect_gncd'))": 0.7271153846153846,
    "(('prospect_both_50_70_ac5_ev_source', 'NumberCreditCards'), ('prospect_both_50_70_ac5_ev_target', 'prospect_nmbrcrs'))": 0.7260150375939849,
    "(('prospect_both_50_70_ac5_ev_source', 'NumberCreditCards'), ('prospect_both_50_70_ac5_ev_target', 'prospect_ncm'))": 0.723157894736842,
    "(('prospect_both_50_70_ac5_ev_source', 'NumberCreditCards'), ('prospect_both_50_70_ac5_ev_target', 'prospect_nmbrcrdtcrds'))": 0.7181578947368421,
    "(('prospect_both_50_70_ac5_ev_source', 'NumberCreditCards'), ('prospect_both_50_70_ac5_ev_target', 'prospect_ntwrth'))": 0.7131578947368421,
    "(('prospect_both_50_70_ac5_ev_source', 'NumberCreditCards'), ('prospect_both_50_70_ac5_ev_target', 'prospect_nmbrchldrn'))": 0.7131578947368421,
    "(('prospect_both_50_70_ac5_ev_source', 'Employer'), ('prospect_both_50_70_ac5_ev_target', 'prospect_lstnm'))": 0.7073529411764706,
    "(('prospect_both_50_70_ac5_ev_source', 'Employer'), ('prospect_both_50_70_ac5_ev_target', 'prospect_mrtlstts'))": 0.7073529411764706,
    "(('prospect_both_50_70_ac5_ev_source', 'Employer'), ('prospect_both_50_70_ac5_ev_target', 'prospect_phn'))": 0.7073529411764706,
    "(('prospect_both_50_70_ac5_ev_source', 'Age'), ('prospect_both_50_70_ac5_ev_target', 'prospect_g'))": 0.7048076923076924,
    "(('prospect_both_50_70_ac5_ev_source', 'AgencyID'), ('prospect_both_50_70_ac5_ev_target', 'prospect_gndr'))": 0.7021153846153847
  },
  "metrics": {
    "precision": 0.6,
    "recall": 0.2,
    "f1_score": 0.3,
    "precision_at_10_percent": 0.0,
    "precision_at_20_percent": 0.2,
    "precision_at_30_percent": 0.25,
    "precision_at_40_percent": 0.2,
    "precision_at_50_percent": 0.23076923076923078,
    "precision_at_60_percent": 0.26666666666666666,
    "precision_at_70_percent": 0.2777777777777778,
    "precision_at_80_percent": 0.25,
    "precision_at_90_percent": 0.21739130434782608,
    "recall_at_sizeof_ground_truth": 0.26666666666666666
  },
  "run_times": {
    "total_time": 16.603917832999286,
    "algorithm_time": 16.60373760800212
  }
}