{
  "name": "prospect_horizontal_0_ac1_av__Cupid{'leaf_w_struct': 0.4, 'w_struct': 0.6, 'th_accept': 0.8, 'th_high': 0.6, 'th_low': 0.35, 'c_inc': 1.2, 'c_dec': 0.9, 'th_ns': 0.5}",
  "matches": {
    "(('prospect_horizontal_0_ac1_av_source', 'NumberCreditCards'), ('prospect_horizontal_0_ac1_av_target', 'prospect_NumberCreditCards'))": 0.9809523809523809,
    "(('prospect_horizontal_0_ac1_av_source', 'NumberChildren'), ('prospect_horizontal_0_ac1_av_target', 'prospect_NumberChildren'))": 0.98,
    "(('prospect_horizontal_0_ac1_av_source', 'OwnOrRentFlag'), ('prospect_horizontal_0_ac1_av_target', 'prospect_OwnOrRentFlag'))": 0.9738011695906432,
    "(('prospect_horizontal_0_ac1_av_source', 'LastName'), ('prospect_horizontal_0_ac1_av_target', 'prospect_LastName'))": 0.9733333333333333,
    "(('prospect_horizontal_0_ac1_av_source', 'FirstName'), ('prospect_horizontal_0_ac1_av_target', 'prospect_FirstName'))": 0.9733333333333333,
    "(('prospect_horizontal_0_ac1_av_source', 'NetWorth'), ('prospect_horizontal_0_ac1_av_target', 'prospect_NetWorth'))": 0.9733333333333333,
    "(('prospect_horizontal_0_ac1_av_source', 'AgencyID'), ('prospect_horizontal_0_ac1_av_target', 'prospect_AgencyID'))": 0.9692307692307692,
    "(('prospect_horizontal_0_ac1_av_source', 'MaritalStatus'), ('prospect_horizontal_0_ac1_av_target', 'prospect_MaritalStatus'))": 0.9692307692307692,
    "(('prospect_horizontal_0_ac1_av_source', 'AddressLine1'), ('prospect_horizontal_0_ac1_av_target', 'prospect_AddressLine1'))": 0.9644444444444444,
    "(('prospect_horizontal_0_ac1_av_source', 'AddressLine2'), ('prospect_horizontal_0_ac1_av_target', 'prospect_AddressLine2'))": 0.9644444444444444,
    "(('prospect_horizontal_0_ac1_av_source', 'CreditRating'), ('prospect_horizontal_0_ac1_av_target', 'prospect_CreditRating'))": 0.9644444444444444,
    "(('prospect_horizontal_0_ac1_av_source', 'Employer'), ('prospect_horizontal_0_ac1_av_target', 'prospect_Employer'))": 0.9607843137254902,
    "(('prospect_horizontal_0_ac1_av_source', 'NumberCars'), ('prospect_horizontal_0_ac1_av_target', 'prospect_NumberCars'))": 0.9576470588235294,
    "(('prospect_horizontal_0_ac1_av_source', 'PostalCode'), ('prospect_horizontal_0_ac1_av_target', 'prospect_PostalCode'))": 0.95,
    "(('prospect_horizontal_0_ac1_av_source', 'AddressLine1'), ('prospect_horizontal_0_ac1_av_target', 'prospect_AddressLine2'))": 0.9484444444444444,
    "(('prospect_horizontal_0_ac1_av_source', 'AddressLine2'), ('prospect_horizontal_0_ac1_av_target', 'prospect_AddressLine1'))": 0.9484444444444444,
    "(('prospect_horizontal_0_ac1_av_source', 'Phone'), ('prospect_horizontal_0_ac1_av_target', 'prospect_Phone'))": 0.9294117647058824,
    "(('prospect_horizontal_0_ac1_av_source', 'Country'), ('prospect_horizontal_0_ac1_av_target', 'prospect_Country'))": 0.9282051282051282,
    "(('prospect_horizontal_0_ac1_av_source', 'Age'), ('prospect_horizontal_0_ac1_av_target', 'prospect_Age'))": 0.9282051282051282,
    "(('prospect_horizontal_0_ac1_av_source', 'MiddleInitial'), ('prospect_horizontal_0_ac1_av_target', 'prospect_MiddleInitial'))": 0.925,
    "(('prospect_horizontal_0_ac1_av_source', 'Gender'), ('prospect_horizontal_0_ac1_av_target', 'prospect_Gender'))": 0.9199999999999999,
    "(('prospect_horizontal_0_ac1_av_source', 'City'), ('prospect_horizontal_0_ac1_av_target', 'prospect_City'))": 0.9199999999999999,
    "(('prospect_horizontal_0_ac1_av_source', 'NumberChildren'), ('prospect_horizontal_0_ac1_av_target', 'prospect_NumberCars'))": 0.9176470588235295,
    "(('prospect_horizontal_0_ac1_av_source', 'LastName'), ('prospect_horizontal_0_ac1_av_target', 'prospect_Phone'))": 0.9033333333333333,
    "(('prospect_horizontal_0_ac1_av_source', 'NumberCreditCards'), ('prospect_horizontal_0_ac1_av_target', 'prospect_CreditRating'))": 0.903030303030303,
    "(('prospect_horizontal_0_ac1_av_source', 'NetWorth'), ('prospect_horizontal_0_ac1_av_target', 'prospect_Income'))": 0.9026315789473685,
    "(('prospect_horizontal_0_ac1_av_source', 'NumberCreditCards'), ('prospect_horizontal_0_ac1_av_target', 'prospect_NumberChildren'))": 0.9017543859649122,
    "(('prospect_horizontal_0_ac1_av_source', 'Income'), ('prospect_horizontal_0_ac1_av_target', 'prospect_Income'))": 0.9,
    "(('prospect_horizontal_0_ac1_av_source', 'CreditRating'), ('prospect_horizontal_0_ac1_av_target', 'prospect_NumberCreditCards'))": 0.8956228956228955,
    "(('prospect_horizontal_0_ac1_av_source', 'NumberCreditCards'), ('prospect_horizontal_0_ac1_av_target', 'prospect_NumberCars'))": 0.8954051796157059,
    "(('prospect_horizontal_0_ac1_av_source', 'NumberChildren'), ('prospect_horizontal_0_ac1_av_target', 'prospect_NumberCreditCards'))": 0.8911111111111112,
    "(('prospect_horizontal_0_ac1_av_source', 'LastName'), ('prospect_horizontal_0_ac1_av_target', 'prospect_FirstName'))": 0.8873333333333333,
    "(('prospect_horizontal_0_ac1_av_source', 'FirstName'), ('prospect_horizontal_0_ac1_av_target', 'prospect_LastName'))": 0.8873333333333333,
    "(('prospect_horizontal_0_ac1_av_source', 'Phone'), ('prospect_horizontal_0_ac1_av_target', 'prospect_LastName'))": 0.8837254901960785,
    "(('prospect_horizontal_0_ac1_av_source', 'State'), ('prospect_horizontal_0_ac1_av_target', 'prospect_State'))": 0.8833333333333333,
    "(('prospect_horizontal_0_ac1_av_source', 'Country'), ('prospect_horizontal_0_ac1_av_target', 'prospect_City'))": 0.8764423076923076,
    "(('prospect_horizontal_0_ac1_av_source', 'NumberCars'), ('prospect_horizontal_0_ac1_av_target', 'prospect_NumberChildren'))": 0.8729411764705882,
    "(('prospect_horizontal_0_ac1_av_source', 'NumberChildren'), ('prospect_horizontal_0_ac1_av_target', 'prospect_NetWorth'))": 0.8693333333333333
  },
  "metrics": {
    "precision": 1.0,
    "recall": 0.9090909090909091,
    "f1_score": 0.9523809523809523,
    "precision_at_10_percent": 1.0,
    "precision_at_20_percent": 1.0,
    "precision_at_30_percent": 1.0,
    "precision_at_40_percent": 0.875,
    "precision_at_50_percent": 0.8947368421052632,
    "precision_at_60_percent": 0.8695652173913043,
    "precision_at_70_percent": 0.7407407407407407,
    "precision_at_80_percent": 0.6774193548387096,
    "precision_at_90_percent": 0.6285714285714286,
    "recall_at_sizeof_ground_truth": 0.9090909090909091
  },
  "run_times": {
    "total_time": 42.99210389899963,
    "algorithm_time": 42.9919205719998
  }
}