{
  "name": "prospect_horizontal_50_ac4_ev__Cupid{'leaf_w_struct': 0, 'w_struct': 0.6, 'th_accept': 0.7, 'th_high': 0.6, 'th_low': 0.35, 'c_inc': 1.2, 'c_dec': 0.9, 'th_ns': 0.5}",
  "matches": {
    "(('prospect_horizontal_50_ac4_ev_source', 'MiddleInitial'), ('prospect_horizontal_50_ac4_ev_target', 'prospect_NuC'))": 0.9288888888888889,
    "(('prospect_horizontal_50_ac4_ev_source', 'NumberChildren'), ('prospect_horizontal_50_ac4_ev_target', 'prospect_NuC'))": 0.9066666666666667,
    "(('prospect_horizontal_50_ac4_ev_source', 'MiddleInitial'), ('prospect_horizontal_50_ac4_ev_target', 'prospect_LaN'))": 0.8844444444444444,
    "(('prospect_horizontal_50_ac4_ev_source', 'AgencyID'), ('prospect_horizontal_50_ac4_ev_target', 'prospect_AgID'))": 0.8830769230769231,
    "(('prospect_horizontal_50_ac4_ev_source', 'MaritalStatus'), ('prospect_horizontal_50_ac4_ev_target', 'prospect_LaN'))": 0.8830769230769231,
    "(('prospect_horizontal_50_ac4_ev_source', 'MaritalStatus'), ('prospect_horizontal_50_ac4_ev_target', 'prospect_FirN'))": 0.8813186813186813,
    "(('prospect_horizontal_50_ac4_ev_source', 'MaritalStatus'), ('prospect_horizontal_50_ac4_ev_target', 'prospect_NuC'))": 0.8813186813186813
  },
  "metrics": {
    "precision": 0.3333333333333333,
    "recall": 0.045454545454545456,
    "f1_score": 0.08,
    "precision_at_10_percent": 0.0,
    "precision_at_20_percent": 0.0,
    "precision_at_30_percent": 0.0,
    "precision_at_40_percent": 0.0,
    "precision_at_50_percent": 0.25,
    "precision_at_60_percent": 0.2,
    "precision_at_70_percent": 0.2,
    "precision_at_80_percent": 0.16666666666666666,
    "precision_at_90_percent": 0.14285714285714285,
    "recall_at_sizeof_ground_truth": 0.045454545454545456
  },
  "run_times": {
    "total_time": 18.565698025999154,
    "algorithm_time": 18.56469667499914
  }
}