{
  "name": "prospect_vertical_1_ec_ev__Cupid{'leaf_w_struct': 0, 'w_struct': 0, 'th_accept': 0.6, 'th_high': 0.6, 'th_low': 0.35, 'c_inc': 1.2, 'c_dec': 0.9, 'th_ns': 0.5}",
  "matches": {
    "(('prospect_vertical_1_ec_ev_source', 'AgencyID'), ('prospect_vertical_1_ec_ev_target', 'AgencyID'))": 1.0,
    "(('prospect_vertical_1_ec_ev_source', 'LastName'), ('prospect_vertical_1_ec_ev_target', 'Phone'))": 0.788888888888889,
    "(('prospect_vertical_1_ec_ev_source', 'Gender'), ('prospect_vertical_1_ec_ev_target', 'Age'))": 0.6666666666666666,
    "(('prospect_vertical_1_ec_ev_source', 'LastName'), ('prospect_vertical_1_ec_ev_target', 'MaritalStatus'))": 0.6488095238095238,
    "(('prospect_vertical_1_ec_ev_source', 'State'), ('prospect_vertical_1_ec_ev_target', 'MaritalStatus'))": 0.6402116402116401,
    "(('prospect_vertical_1_ec_ev_source', 'Gender'), ('prospect_vertical_1_ec_ev_target', 'NumberChildren'))": 0.626984126984127,
    "(('prospect_vertical_1_ec_ev_source', 'Gender'), ('prospect_vertical_1_ec_ev_target', 'NumberCars'))": 0.613095238095238,
    "(('prospect_vertical_1_ec_ev_source', 'LastName'), ('prospect_vertical_1_ec_ev_target', 'AgencyID'))": 0.6
  },
  "metrics": {
    "precision": 0.25,
    "recall": 1.0,
    "f1_score": 0.4,
    "precision_at_10_percent": 1.0,
    "precision_at_20_percent": 0.5,
    "precision_at_30_percent": 0.3333333333333333,
    "precision_at_40_percent": 0.25,
    "precision_at_50_percent": 0.25,
    "precision_at_60_percent": 0.2,
    "precision_at_70_percent": 0.16666666666666666,
    "precision_at_80_percent": 0.14285714285714285,
    "precision_at_90_percent": 0.125,
    "recall_at_sizeof_ground_truth": 1.0
  },
  "run_times": {
    "total_time": 8.77462021500105,
    "algorithm_time": 8.77442672899997
  }
}