{
  "name": "prospect_both_50_70_ac5_av__Cupid{'leaf_w_struct': 0.2, 'w_struct': 0, 'th_accept': 0.6, 'th_high': 0.6, 'th_low': 0.35, 'c_inc': 1.2, 'c_dec': 0.9, 'th_ns': 0.5}",
  "matches": {
    "(('prospect_both_50_70_ac5_av_source', 'NumberChildren'), ('prospect_both_50_70_ac5_av_target', 'prospect_g'))": 0.7916666666666667,
    "(('prospect_both_50_70_ac5_av_source', 'MiddleInitial'), ('prospect_both_50_70_ac5_av_target', 'prospect_g'))": 0.7847222222222222,
    "(('prospect_both_50_70_ac5_av_source', 'NetWorth'), ('prospect_both_50_70_ac5_av_target', 'prospect_g'))": 0.6645833333333332,
    "(('prospect_both_50_70_ac5_av_source', 'NumberCars'), ('prospect_both_50_70_ac5_av_target', 'prospect_g'))": 0.6593137254901962,
    "(('prospect_both_50_70_ac5_av_source', 'CreditRating'), ('prospect_both_50_70_ac5_av_target', 'prospect_g'))": 0.652046783625731,
    "(('prospect_both_50_70_ac5_av_source', 'City'), ('prospect_both_50_70_ac5_av_target', 'prospect_ct'))": 0.6518518518518519
  },
  "metrics": {
    "precision": 0.0,
    "recall": 0.0,
    "f1_score": 0,
    "precision_at_10_percent": 0.0,
    "precision_at_20_percent": 0.0,
    "precision_at_30_percent": 0.0,
    "precision_at_40_percent": 0.0,
    "precision_at_50_percent": 0.0,
    "precision_at_60_percent": 0.0,
    "precision_at_70_percent": 0.0,
    "precision_at_80_percent": 0.0,
    "precision_at_90_percent": 0.16666666666666666,
    "recall_at_sizeof_ground_truth": 0.06666666666666667
  },
  "run_times": {
    "total_time": 15.613980637997884,
    "algorithm_time": 15.613777354999911
  }
}