{
  "name": "prospect_vertical_50_ac3_av__Cupid{'leaf_w_struct': 0.6, 'w_struct': 0.6, 'th_accept': 0.8, 'th_high': 0.6, 'th_low': 0.35, 'c_inc': 1.2, 'c_dec': 0.9, 'th_ns': 0.5}",
  "matches": {
    "(('prospect_vertical_50_ac3_av_source', 'City'), ('prospect_vertical_50_ac3_av_target', 'ct'))": 0.9111111111111111,
    "(('prospect_vertical_50_ac3_av_source', 'AgencyID'), ('prospect_vertical_50_ac3_av_target', 'ct'))": 0.8944444444444444,
    "(('prospect_vertical_50_ac3_av_source', 'NumberCreditCards'), ('prospect_vertical_50_ac3_av_target', 'g'))": 0.8864912280701754,
    "(('prospect_vertical_50_ac3_av_source', 'NumberCars'), ('prospect_vertical_50_ac3_av_target', 'g'))": 0.8502923976608188,
    "(('prospect_vertical_50_ac3_av_source', 'CreditRating'), ('prospect_vertical_50_ac3_av_target', 'g'))": 0.8247619047619048,
    "(('prospect_vertical_50_ac3_av_source', 'LastName'), ('prospect_vertical_50_ac3_av_target', 'ct'))": 0.8234848484848485,
    "(('prospect_vertical_50_ac3_av_source', 'City'), ('prospect_vertical_50_ac3_av_target', 'cntr'))": 0.81875
  },
  "metrics": {
    "precision": 0.5,
    "recall": 0.09090909090909091,
    "f1_score": 0.15384615384615385,
    "precision_at_10_percent": 1.0,
    "precision_at_20_percent": 0.5,
    "precision_at_30_percent": 0.3333333333333333,
    "precision_at_40_percent": 0.3333333333333333,
    "precision_at_50_percent": 0.25,
    "precision_at_60_percent": 0.2,
    "precision_at_70_percent": 0.2,
    "precision_at_80_percent": 0.16666666666666666,
    "precision_at_90_percent": 0.14285714285714285,
    "recall_at_sizeof_ground_truth": 0.09090909090909091
  },
  "run_times": {
    "total_time": 8.733224223000434,
    "algorithm_time": 8.73303944700092
  }
}