{
  "name": "prospect_horizontal_50_ac2_av__Cupid{'leaf_w_struct': 0, 'w_struct': 0.6, 'th_accept': 0.5, 'th_high': 0.6, 'th_low': 0.35, 'c_inc': 1.2, 'c_dec': 0.9, 'th_ns': 0.5}",
  "matches": {
    "(('prospect_horizontal_50_ac2_av_source', 'MiddleInitial'), ('prospect_horizontal_50_ac2_av_target', 'C'))": 0.9185185185185185,
    "(('prospect_horizontal_50_ac2_av_source', 'MaritalStatus'), ('prospect_horizontal_50_ac2_av_target', 'C'))": 0.9111111111111111,
    "(('prospect_horizontal_50_ac2_av_source', 'AgencyID'), ('prospect_horizontal_50_ac2_av_target', 'MiIni'))": 0.9077777777777778,
    "(('prospect_horizontal_50_ac2_av_source', 'OwnOrRentFlag'), ('prospect_horizontal_50_ac2_av_target', 'A'))": 0.894736842105263,
    "(('prospect_horizontal_50_ac2_av_source', 'NumberCars'), ('prospect_horizontal_50_ac2_av_target', 'NumCreCar'))": 0.8870588235294117,
    "(('prospect_horizontal_50_ac2_av_source', 'AgencyID'), ('prospect_horizontal_50_ac2_av_target', 'AgID'))": 0.8707692307692307,
    "(('prospect_horizontal_50_ac2_av_source', 'NumberCreditCards'), ('prospect_horizontal_50_ac2_av_target', 'Gen'))": 0.864069264069264,
    "(('prospect_horizontal_50_ac2_av_source', 'OwnOrRentFlag'), ('prospect_horizontal_50_ac2_av_target', 'In'))": 0.8622222222222222,
    "(('prospect_horizontal_50_ac2_av_source', 'City'), ('prospect_horizontal_50_ac2_av_target', 'MiIni'))": 0.8407407407407407,
    "(('prospect_horizontal_50_ac2_av_source', 'State'), ('prospect_horizontal_50_ac2_av_target', 'Sta'))": 0.84,
    "(('prospect_horizontal_50_ac2_av_source', 'State'), ('prospect_horizontal_50_ac2_av_target', 'MiIni'))": 0.837037037037037,
    "(('prospect_horizontal_50_ac2_av_source', 'NumberChildren'), ('prospect_horizontal_50_ac2_av_target', 'CrRat'))": 0.8370098039215687,
    "(('prospect_horizontal_50_ac2_av_source', 'CreditRating'), ('prospect_horizontal_50_ac2_av_target', 'CrRat'))": 0.8357142857142857,
    "(('prospect_horizontal_50_ac2_av_source', 'MiddleInitial'), ('prospect_horizontal_50_ac2_av_target', 'NuCa'))": 0.8351073762838469,
    "(('prospect_horizontal_50_ac2_av_source', 'FirstName'), ('prospect_horizontal_50_ac2_av_target', 'FirNa'))": 0.8342857142857143,
    "(('prospect_horizontal_50_ac2_av_source', 'NetWorth'), ('prospect_horizontal_50_ac2_av_target', 'CrRat'))": 0.8298245614035088,
    "(('prospect_horizontal_50_ac2_av_source', 'NumberCreditCards'), ('prospect_horizontal_50_ac2_av_target', 'AgID'))": 0.8297727272727273,
    "(('prospect_horizontal_50_ac2_av_source', 'OwnOrRentFlag'), ('prospect_horizontal_50_ac2_av_target', 'Gen'))": 0.8285714285714286,
    "(('prospect_horizontal_50_ac2_av_source', 'Gender'), ('prospect_horizontal_50_ac2_av_target', 'Ph'))": 0.8285714285714285,
    "(('prospect_horizontal_50_ac2_av_source', 'Country'), ('prospect_horizontal_50_ac2_av_target', 'MiIni'))": 0.8264550264550264,
    "(('prospect_horizontal_50_ac2_av_source', 'NumberCreditCards'), ('prospect_horizontal_50_ac2_av_target', 'CrRat'))": 0.8253383458646616,
    "(('prospect_horizontal_50_ac2_av_source', 'MiddleInitial'), ('prospect_horizontal_50_ac2_av_target', 'MiIni'))": 0.8247899159663865,
    "(('prospect_horizontal_50_ac2_av_source', 'Phone'), ('prospect_horizontal_50_ac2_av_target', 'FirNa'))": 0.8234920634920635,
    "(('prospect_horizontal_50_ac2_av_source', 'NumberCreditCards'), ('prospect_horizontal_50_ac2_av_target', 'NuCa'))": 0.820952380952381,
    "(('prospect_horizontal_50_ac2_av_source', 'CreditRating'), ('prospect_horizontal_50_ac2_av_target', 'Gen'))": 0.8188034188034188,
    "(('prospect_horizontal_50_ac2_av_source', 'Phone'), ('prospect_horizontal_50_ac2_av_target', 'MiIni'))": 0.8171428571428572,
    "(('prospect_horizontal_50_ac2_av_source', 'NumberCreditCards'), ('prospect_horizontal_50_ac2_av_target', 'NumCreCar'))": 0.8165266106442577,
    "(('prospect_horizontal_50_ac2_av_source', 'NumberCars'), ('prospect_horizontal_50_ac2_av_target', 'CrRat'))": 0.8145927601809955,
    "(('prospect_horizontal_50_ac2_av_source', 'AddressLine1'), ('prospect_horizontal_50_ac2_av_target', 'AddrLi2'))": 0.8142857142857143,
    "(('prospect_horizontal_50_ac2_av_source', 'AddressLine2'), ('prospect_horizontal_50_ac2_av_target', 'AddrLi2'))": 0.8142857142857143,
    "(('prospect_horizontal_50_ac2_av_source', 'MaritalStatus'), ('prospect_horizontal_50_ac2_av_target', 'MariSta'))": 0.8142857142857143,
    "(('prospect_horizontal_50_ac2_av_source', 'NumberCreditCards'), ('prospect_horizontal_50_ac2_av_target', 'NumChi'))": 0.812952380952381,
    "(('prospect_horizontal_50_ac2_av_source', 'State'), ('prospect_horizontal_50_ac2_av_target', 'MariSta'))": 0.8070588235294117,
    "(('prospect_horizontal_50_ac2_av_source', 'AgencyID'), ('prospect_horizontal_50_ac2_av_target', 'PosCo'))": 0.8044444444444444,
    "(('prospect_horizontal_50_ac2_av_source', 'NumberChildren'), ('prospect_horizontal_50_ac2_av_target', 'NuCa'))": 0.803921568627451,
    "(('prospect_horizontal_50_ac2_av_source', 'NumberChildren'), ('prospect_horizontal_50_ac2_av_target', 'NumCreCar'))": 0.8017647058823529,
    "(('prospect_horizontal_50_ac2_av_source', 'OwnOrRentFlag'), ('prospect_horizontal_50_ac2_av_target', 'NuCa'))": 0.8007843137254902
  },
  "metrics": {
    "precision": 0.2222222222222222,
    "recall": 0.09090909090909091,
    "f1_score": 0.1290322580645161,
    "precision_at_10_percent": 0.0,
    "precision_at_20_percent": 0.125,
    "precision_at_30_percent": 0.16666666666666666,
    "precision_at_40_percent": 0.26666666666666666,
    "precision_at_50_percent": 0.21052631578947367,
    "precision_at_60_percent": 0.21739130434782608,
    "precision_at_70_percent": 0.19230769230769232,
    "precision_at_80_percent": 0.23333333333333334,
    "precision_at_90_percent": 0.23529411764705882,
    "recall_at_sizeof_ground_truth": 0.22727272727272727
  },
  "run_times": {
    "total_time": 15.08333556800062,
    "algorithm_time": 15.08314898900062
  }
}