{
  "name": "prospect_vertical_70_ec_ev__Cupid{'leaf_w_struct': 0.2, 'w_struct': 0, 'th_accept': 0.8, 'th_high': 0.6, 'th_low': 0.35, 'c_inc': 1.2, 'c_dec': 0.9, 'th_ns': 0.5}",
  "matches": {
    "(('prospect_vertical_70_ec_ev_source', 'AgencyID'), ('prospect_vertical_70_ec_ev_target', 'AgencyID'))": 1.0,
    "(('prospect_vertical_70_ec_ev_source', 'CreditRating'), ('prospect_vertical_70_ec_ev_target', 'CreditRating'))": 1.0,
    "(('prospect_vertical_70_ec_ev_source', 'Employer'), ('prospect_vertical_70_ec_ev_target', 'Employer'))": 1.0,
    "(('prospect_vertical_70_ec_ev_source', 'OwnOrRentFlag'), ('prospect_vertical_70_ec_ev_target', 'OwnOrRentFlag'))": 1.0,
    "(('prospect_vertical_70_ec_ev_source', 'AddressLine1'), ('prospect_vertical_70_ec_ev_target', 'AddressLine1'))": 1.0,
    "(('prospect_vertical_70_ec_ev_source', 'Phone'), ('prospect_vertical_70_ec_ev_target', 'Phone'))": 1.0,
    "(('prospect_vertical_70_ec_ev_source', 'NetWorth'), ('prospect_vertical_70_ec_ev_target', 'NetWorth'))": 1.0,
    "(('prospect_vertical_70_ec_ev_source', 'PostalCode'), ('prospect_vertical_70_ec_ev_target', 'PostalCode'))": 1.0,
    "(('prospect_vertical_70_ec_ev_source', 'Income'), ('prospect_vertical_70_ec_ev_target', 'Income'))": 1.0,
    "(('prospect_vertical_70_ec_ev_source', 'MaritalStatus'), ('prospect_vertical_70_ec_ev_target', 'MaritalStatus'))": 1.0,
    "(('prospect_vertical_70_ec_ev_source', 'Age'), ('prospect_vertical_70_ec_ev_target', 'Age'))": 1.0,
    "(('prospect_vertical_70_ec_ev_source', 'Country'), ('prospect_vertical_70_ec_ev_target', 'Country'))": 1.0,
    "(('prospect_vertical_70_ec_ev_source', 'Gender'), ('prospect_vertical_70_ec_ev_target', 'Gender'))": 1.0,
    "(('prospect_vertical_70_ec_ev_source', 'State'), ('prospect_vertical_70_ec_ev_target', 'State'))": 1.0,
    "(('prospect_vertical_70_ec_ev_source', 'NumberCreditCards'), ('prospect_vertical_70_ec_ev_target', 'NumberCreditCards'))": 1.0,
    "(('prospect_vertical_70_ec_ev_source', 'AddressLine1'), ('prospect_vertical_70_ec_ev_target', 'AddressLine2'))": 0.95,
    "(('prospect_vertical_70_ec_ev_source', 'NumberCreditCards'), ('prospect_vertical_70_ec_ev_target', 'NumberChildren'))": 0.8174242424242424,
    "(('prospect_vertical_70_ec_ev_source', 'NumberCreditCards'), ('prospect_vertical_70_ec_ev_target', 'NumberCars'))": 0.8017379679144385
  },
  "metrics": {
    "precision": 1.0,
    "recall": 1.0,
    "f1_score": 1.0,
    "precision_at_10_percent": 1.0,
    "precision_at_20_percent": 1.0,
    "precision_at_30_percent": 1.0,
    "precision_at_40_percent": 1.0,
    "precision_at_50_percent": 1.0,
    "precision_at_60_percent": 1.0,
    "precision_at_70_percent": 1.0,
    "precision_at_80_percent": 1.0,
    "precision_at_90_percent": 0.8823529411764706,
    "recall_at_sizeof_ground_truth": 1.0
  },
  "run_times": {
    "total_time": 19.24711952600046,
    "algorithm_time": 19.246946379000292
  }
}