{
  "name": "prospect_horizontal_50_ac3_ev__Cupid{'leaf_w_struct': 0, 'w_struct': 0.6, 'th_accept': 0.5, 'th_high': 0.6, 'th_low': 0.35, 'c_inc': 1.2, 'c_dec': 0.9, 'th_ns': 0.5}",
  "matches": {
    "(('prospect_horizontal_50_ac3_ev_source', 'MiddleInitial'), ('prospect_horizontal_50_ac3_ev_target', 'g'))": 0.9851851851851852,
    "(('prospect_horizontal_50_ac3_ev_source', 'City'), ('prospect_horizontal_50_ac3_ev_target', 'ct'))": 0.9111111111111111,
    "(('prospect_horizontal_50_ac3_ev_source', 'State'), ('prospect_horizontal_50_ac3_ev_target', 'ct'))": 0.9111111111111111,
    "(('prospect_horizontal_50_ac3_ev_source', 'MaritalStatus'), ('prospect_horizontal_50_ac3_ev_target', 'g'))": 0.9111111111111111,
    "(('prospect_horizontal_50_ac3_ev_source', 'NetWorth'), ('prospect_horizontal_50_ac3_ev_target', 'g'))": 0.9047619047619048,
    "(('prospect_horizontal_50_ac3_ev_source', 'AgencyID'), ('prospect_horizontal_50_ac3_ev_target', 'ct'))": 0.8944444444444444,
    "(('prospect_horizontal_50_ac3_ev_source', 'Age'), ('prospect_horizontal_50_ac3_ev_target', 'g'))": 0.8923076923076922,
    "(('prospect_horizontal_50_ac3_ev_source', 'Country'), ('prospect_horizontal_50_ac3_ev_target', 'ct'))": 0.8916666666666666,
    "(('prospect_horizontal_50_ac3_ev_source', 'NumberCreditCards'), ('prospect_horizontal_50_ac3_ev_target', 'g'))": 0.8864912280701754,
    "(('prospect_horizontal_50_ac3_ev_source', 'NumberChildren'), ('prospect_horizontal_50_ac3_ev_target', 'g'))": 0.8577777777777778,
    "(('prospect_horizontal_50_ac3_ev_source', 'NumberCars'), ('prospect_horizontal_50_ac3_ev_target', 'g'))": 0.8502923976608188,
    "(('prospect_horizontal_50_ac3_ev_source', 'PostalCode'), ('prospect_horizontal_50_ac3_ev_target', 'g'))": 0.8428571428571429,
    "(('prospect_horizontal_50_ac3_ev_source', 'AddressLine1'), ('prospect_horizontal_50_ac3_ev_target', 'g'))": 0.84,
    "(('prospect_horizontal_50_ac3_ev_source', 'AddressLine2'), ('prospect_horizontal_50_ac3_ev_target', 'g'))": 0.84,
    "(('prospect_horizontal_50_ac3_ev_source', 'City'), ('prospect_horizontal_50_ac3_ev_target', 'cntr'))": 0.834375,
    "(('prospect_horizontal_50_ac3_ev_source', 'FirstName'), ('prospect_horizontal_50_ac3_ev_target', 'g'))": 0.8264705882352942,
    "(('prospect_horizontal_50_ac3_ev_source', 'CreditRating'), ('prospect_horizontal_50_ac3_ev_target', 'g'))": 0.8247619047619048,
    "(('prospect_horizontal_50_ac3_ev_source', 'LastName'), ('prospect_horizontal_50_ac3_ev_target', 'ct'))": 0.8234848484848485
  },
  "metrics": {
    "precision": 0.5,
    "recall": 0.045454545454545456,
    "f1_score": 0.08333333333333334,
    "precision_at_10_percent": 0.5,
    "precision_at_20_percent": 0.25,
    "precision_at_30_percent": 0.16666666666666666,
    "precision_at_40_percent": 0.25,
    "precision_at_50_percent": 0.2222222222222222,
    "precision_at_60_percent": 0.18181818181818182,
    "precision_at_70_percent": 0.15384615384615385,
    "precision_at_80_percent": 0.13333333333333333,
    "precision_at_90_percent": 0.11764705882352941,
    "recall_at_sizeof_ground_truth": 0.09090909090909091
  },
  "run_times": {
    "total_time": 11.365745790997607,
    "algorithm_time": 11.365562499999214
  }
}