{
  "name": "prospect_vertical_50_ac4_ev__Cupid{'leaf_w_struct': 0.4, 'w_struct': 0.2, 'th_accept': 0.7, 'th_high': 0.6, 'th_low': 0.35, 'c_inc': 1.2, 'c_dec': 0.9, 'th_ns': 0.5}",
  "matches": {
    "(('prospect_vertical_50_ac4_ev_source', 'AgencyID'), ('prospect_vertical_50_ac4_ev_target', 'prospect_MiInit'))": 0.770905982905983,
    "(('prospect_vertical_50_ac4_ev_source', 'AgencyID'), ('prospect_vertical_50_ac4_ev_target', 'prospect_AgID'))": 0.7661538461538462,
    "(('prospect_vertical_50_ac4_ev_source', 'LastName'), ('prospect_vertical_50_ac4_ev_target', 'prospect_Em'))": 0.7301587301587302,
    "(('prospect_vertical_50_ac4_ev_source', 'State'), ('prospect_vertical_50_ac4_ev_target', 'prospect_AgID'))": 0.7208333333333334,
    "(('prospect_vertical_50_ac4_ev_source', 'State'), ('prospect_vertical_50_ac4_ev_target', 'prospect_Sta'))": 0.7155555555555555,
    "(('prospect_vertical_50_ac4_ev_source', 'NumberCreditCards'), ('prospect_vertical_50_ac4_ev_target', 'prospect_Ag'))": 0.7108771929824562,
    "(('prospect_vertical_50_ac4_ev_source', 'State'), ('prospect_vertical_50_ac4_ev_target', 'prospect_MiInit'))": 0.7088888888888889,
    "(('prospect_vertical_50_ac4_ev_source', 'NumberCars'), ('prospect_vertical_50_ac4_ev_target', 'prospect_NumCrCar'))": 0.7078431372549021
  },
  "metrics": {
    "precision": 0.0,
    "recall": 0.0,
    "f1_score": 0,
    "precision_at_10_percent": 0.0,
    "precision_at_20_percent": 0.5,
    "precision_at_30_percent": 0.3333333333333333,
    "precision_at_40_percent": 0.25,
    "precision_at_50_percent": 0.25,
    "precision_at_60_percent": 0.4,
    "precision_at_70_percent": 0.3333333333333333,
    "precision_at_80_percent": 0.2857142857142857,
    "precision_at_90_percent": 0.25,
    "recall_at_sizeof_ground_truth": 0.18181818181818182
  },
  "run_times": {
    "total_time": 16.217074371998024,
    "algorithm_time": 16.21688050100056
  }
}