{
  "name": "prospect_horizontal_100_ac4_ev__Cupid{'leaf_w_struct': 0, 'w_struct': 0.4, 'th_accept': 0.7, 'th_high': 0.6, 'th_low': 0.35, 'c_inc': 1.2, 'c_dec': 0.9, 'th_ns': 0.5}",
  "matches": {
    "(('prospect_horizontal_100_ac4_ev_source', 'State'), ('prospect_horizontal_100_ac4_ev_target', 'prospect_MiIn'))": 0.888888888888889,
    "(('prospect_horizontal_100_ac4_ev_source', 'MaritalStatus'), ('prospect_horizontal_100_ac4_ev_target', 'prospect_C'))": 0.8846153846153846,
    "(('prospect_horizontal_100_ac4_ev_source', 'AgencyID'), ('prospect_horizontal_100_ac4_ev_target', 'prospect_MiIn'))": 0.878974358974359,
    "(('prospect_horizontal_100_ac4_ev_source', 'NumberChildren'), ('prospect_horizontal_100_ac4_ev_target', 'prospect_NumC'))": 0.8600000000000001,
    "(('prospect_horizontal_100_ac4_ev_source', 'AgencyID'), ('prospect_horizontal_100_ac4_ev_target', 'prospect_AgeID'))": 0.8596923076923078,
    "(('prospect_horizontal_100_ac4_ev_source', 'CreditRating'), ('prospect_horizontal_100_ac4_ev_target', 'prospect_CreRat'))": 0.8263157894736842
  },
  "metrics": {
    "precision": 0.25,
    "recall": 0.045454545454545456,
    "f1_score": 0.07692307692307693,
    "precision_at_10_percent": 0.0,
    "precision_at_20_percent": 0.0,
    "precision_at_30_percent": 0.0,
    "precision_at_40_percent": 0.0,
    "precision_at_50_percent": 0.0,
    "precision_at_60_percent": 0.0,
    "precision_at_70_percent": 0.2,
    "precision_at_80_percent": 0.2,
    "precision_at_90_percent": 0.3333333333333333,
    "recall_at_sizeof_ground_truth": 0.09090909090909091
  },
  "run_times": {
    "total_time": 29.164314674999332,
    "algorithm_time": 29.164129864999268
  }
}