{
  "name": "prospect_vertical_30_ac3_ev__Cupid{'leaf_w_struct': 0, 'w_struct': 0.6, 'th_accept': 0.4, 'th_high': 0.6, 'th_low': 0.35, 'c_inc': 1.2, 'c_dec': 0.9, 'th_ns': 0.5}",
  "matches": {
    "(('prospect_vertical_30_ac3_ev_source', 'MiddleInitial'), ('prospect_vertical_30_ac3_ev_target', 'g'))": 0.9333333333333333,
    "(('prospect_vertical_30_ac3_ev_source', 'NumberCars'), ('prospect_vertical_30_ac3_ev_target', 'g'))": 0.8725146198830409,
    "(('prospect_vertical_30_ac3_ev_source', 'PostalCode'), ('prospect_vertical_30_ac3_ev_target', 'g'))": 0.8428571428571429,
    "(('prospect_vertical_30_ac3_ev_source', 'OwnOrRentFlag'), ('prospect_vertical_30_ac3_ev_target', 'g'))": 0.8408080808080808,
    "(('prospect_vertical_30_ac3_ev_source', 'AddressLine1'), ('prospect_vertical_30_ac3_ev_target', 'g'))": 0.84,
    "(('prospect_vertical_30_ac3_ev_source', 'AddressLine2'), ('prospect_vertical_30_ac3_ev_target', 'g'))": 0.84,
    "(('prospect_vertical_30_ac3_ev_source', 'LastName'), ('prospect_vertical_30_ac3_ev_target', 'g'))": 0.8058823529411765,
    "(('prospect_vertical_30_ac3_ev_source', 'Gender'), ('prospect_vertical_30_ac3_ev_target', 'gndr'))": 0.8,
    "(('prospect_vertical_30_ac3_ev_source', 'FirstName'), ('prospect_vertical_30_ac3_ev_target', 'g'))": 0.7820728291316527
  },
  "metrics": {
    "precision": 0.0,
    "recall": 0.0,
    "f1_score": 0,
    "precision_at_10_percent": 0.0,
    "precision_at_20_percent": 0.0,
    "precision_at_30_percent": 0.0,
    "precision_at_40_percent": 0.0,
    "precision_at_50_percent": 0.0,
    "precision_at_60_percent": 0.0,
    "precision_at_70_percent": 0.0,
    "precision_at_80_percent": 0.125,
    "precision_at_90_percent": 0.1111111111111111,
    "recall_at_sizeof_ground_truth": 0.0
  },
  "run_times": {
    "total_time": 9.83595226199759,
    "algorithm_time": 9.83577881599922
  }
}