{
  "name": "prospect_vertical_30_ac4_ev__Cupid{'leaf_w_struct': 0.4, 'w_struct': 0.4, 'th_accept': 0.7, 'th_high': 0.6, 'th_low': 0.35, 'c_inc': 1.2, 'c_dec': 0.9, 'th_ns': 0.5}",
  "matches": {
    "(('prospect_vertical_30_ac4_ev_source', 'AgencyID'), ('prospect_vertical_30_ac4_ev_target', 'prospect_AgeID'))": 0.8596923076923078,
    "(('prospect_vertical_30_ac4_ev_source', 'State'), ('prospect_vertical_30_ac4_ev_target', 'prospect_PoCo'))": 0.8374999999999999,
    "(('prospect_vertical_30_ac4_ev_source', 'CreditRating'), ('prospect_vertical_30_ac4_ev_target', 'prospect_CrRat'))": 0.8177443609022557,
    "(('prospect_vertical_30_ac4_ev_source', 'LastName'), ('prospect_vertical_30_ac4_ev_target', 'prospect_Em'))": 0.8142857142857143,
    "(('prospect_vertical_30_ac4_ev_source', 'MiddleInitial'), ('prospect_vertical_30_ac4_ev_target', 'prospect_FirN'))": 0.7993333333333332,
    "(('prospect_vertical_30_ac4_ev_source', 'LastName'), ('prospect_vertical_30_ac4_ev_target', 'prospect_FirN'))": 0.7954285714285714,
    "(('prospect_vertical_30_ac4_ev_source', 'AddressLine2'), ('prospect_vertical_30_ac4_ev_target', 'prospect_OwOReF'))": 0.7904761904761906,
    "(('prospect_vertical_30_ac4_ev_source', 'AddressLine1'), ('prospect_vertical_30_ac4_ev_target', 'prospect_OwOReF'))": 0.7904761904761906,
    "(('prospect_vertical_30_ac4_ev_source', 'MiddleInitial'), ('prospect_vertical_30_ac4_ev_target', 'prospect_OwOReF'))": 0.7833333333333333,
    "(('prospect_vertical_30_ac4_ev_source', 'State'), ('prospect_vertical_30_ac4_ev_target', 'prospect_MarSta'))": 0.78,
    "(('prospect_vertical_30_ac4_ev_source', 'Country'), ('prospect_vertical_30_ac4_ev_target', 'prospect_PoCo'))": 0.7774038461538462,
    "(('prospect_vertical_30_ac4_ev_source', 'FirstName'), ('prospect_vertical_30_ac4_ev_target', 'prospect_Em'))": 0.7714285714285715,
    "(('prospect_vertical_30_ac4_ev_source', 'FirstName'), ('prospect_vertical_30_ac4_ev_target', 'prospect_FirN'))": 0.7698461538461538,
    "(('prospect_vertical_30_ac4_ev_source', 'CreditRating'), ('prospect_vertical_30_ac4_ev_target', 'prospect_NumC'))": 0.7498245614035088,
    "(('prospect_vertical_30_ac4_ev_source', 'AddressLine2'), ('prospect_vertical_30_ac4_ev_target', 'prospect_AdLi2'))": 0.7466666666666666,
    "(('prospect_vertical_30_ac4_ev_source', 'AddressLine1'), ('prospect_vertical_30_ac4_ev_target', 'prospect_AdLi2'))": 0.7466666666666666,
    "(('prospect_vertical_30_ac4_ev_source', 'Employer'), ('prospect_vertical_30_ac4_ev_target', 'prospect_FirN'))": 0.7435828877005348,
    "(('prospect_vertical_30_ac4_ev_source', 'City'), ('prospect_vertical_30_ac4_ev_target', 'prospect_PoCo'))": 0.7411764705882353,
    "(('prospect_vertical_30_ac4_ev_source', 'FirstName'), ('prospect_vertical_30_ac4_ev_target', 'prospect_AgeID'))": 0.7359090909090908,
    "(('prospect_vertical_30_ac4_ev_source', 'Phone'), ('prospect_vertical_30_ac4_ev_target', 'prospect_FirN'))": 0.7352036199095022,
    "(('prospect_vertical_30_ac4_ev_source', 'LastName'), ('prospect_vertical_30_ac4_ev_target', 'prospect_AgeID'))": 0.7346666666666666,
    "(('prospect_vertical_30_ac4_ev_source', 'MiddleInitial'), ('prospect_vertical_30_ac4_ev_target', 'prospect_AgeID'))": 0.7283957219251338,
    "(('prospect_vertical_30_ac4_ev_source', 'CreditRating'), ('prospect_vertical_30_ac4_ev_target', 'prospect_In'))": 0.7216374269005847,
    "(('prospect_vertical_30_ac4_ev_source', 'LastName'), ('prospect_vertical_30_ac4_ev_target', 'prospect_OwOReF'))": 0.72,
    "(('prospect_vertical_30_ac4_ev_source', 'AgencyID'), ('prospect_vertical_30_ac4_ev_target', 'prospect_Em'))": 0.7146153846153847,
    "(('prospect_vertical_30_ac4_ev_source', 'Employer'), ('prospect_vertical_30_ac4_ev_target', 'prospect_Em'))": 0.7131221719457014,
    "(('prospect_vertical_30_ac4_ev_source', 'FirstName'), ('prospect_vertical_30_ac4_ev_target', 'prospect_OwOReF'))": 0.7005128205128206
  },
  "metrics": {
    "precision": 0.2857142857142857,
    "recall": 0.3333333333333333,
    "f1_score": 0.30769230769230765,
    "precision_at_10_percent": 0.6666666666666666,
    "precision_at_20_percent": 0.3333333333333333,
    "precision_at_30_percent": 0.2222222222222222,
    "precision_at_40_percent": 0.18181818181818182,
    "precision_at_50_percent": 0.21428571428571427,
    "precision_at_60_percent": 0.23529411764705882,
    "precision_at_70_percent": 0.21052631578947367,
    "precision_at_80_percent": 0.18181818181818182,
    "precision_at_90_percent": 0.16,
    "recall_at_sizeof_ground_truth": 0.3333333333333333
  },
  "run_times": {
    "total_time": 14.240147722000984,
    "algorithm_time": 14.239977026998531
  }
}