{
  "name": "prospect_vertical_70_ac3_av__Cupid{'leaf_w_struct': 0, 'w_struct': 0.6, 'th_accept': 0.7, 'th_high': 0.6, 'th_low': 0.35, 'c_inc': 1.2, 'c_dec': 0.9, 'th_ns': 0.5}",
  "matches": {
    "(('prospect_vertical_70_ac3_av_source', 'MiddleInitial'), ('prospect_vertical_70_ac3_av_target', 'g'))": 0.9185185185185185,
    "(('prospect_vertical_70_ac3_av_source', 'State'), ('prospect_vertical_70_ac3_av_target', 'ct'))": 0.9111111111111111,
    "(('prospect_vertical_70_ac3_av_source', 'MaritalStatus'), ('prospect_vertical_70_ac3_av_target', 'g'))": 0.9111111111111111,
    "(('prospect_vertical_70_ac3_av_source', 'City'), ('prospect_vertical_70_ac3_av_target', 'ct'))": 0.9111111111111111,
    "(('prospect_vertical_70_ac3_av_source', 'AgencyID'), ('prospect_vertical_70_ac3_av_target', 'ct'))": 0.8944444444444444,
    "(('prospect_vertical_70_ac3_av_source', 'Country'), ('prospect_vertical_70_ac3_av_target', 'ct'))": 0.8916666666666666,
    "(('prospect_vertical_70_ac3_av_source', 'NumberCreditCards'), ('prospect_vertical_70_ac3_av_target', 'g'))": 0.8864912280701754
  },
  "metrics": {
    "precision": 0.0,
    "recall": 0.0,
    "f1_score": 0,
    "precision_at_10_percent": 0.0,
    "precision_at_20_percent": 0.0,
    "precision_at_30_percent": 0.0,
    "precision_at_40_percent": 0.0,
    "precision_at_50_percent": 0.25,
    "precision_at_60_percent": 0.2,
    "precision_at_70_percent": 0.2,
    "precision_at_80_percent": 0.16666666666666666,
    "precision_at_90_percent": 0.14285714285714285,
    "recall_at_sizeof_ground_truth": 0.06666666666666667
  },
  "run_times": {
    "total_time": 4.789115730000049,
    "algorithm_time": 4.788936322998779
  }
}