{
  "name": "prospect_vertical_50_ac4_ev__Cupid{'leaf_w_struct': 0.6, 'w_struct': 0.2, 'th_accept': 0.6, 'th_high': 0.6, 'th_low': 0.35, 'c_inc': 1.2, 'c_dec': 0.9, 'th_ns': 0.5}",
  "matches": {
    "(('prospect_vertical_50_ac4_ev_source', 'AgencyID'), ('prospect_vertical_50_ac4_ev_target', 'prospect_MiInit'))": 0.770905982905983,
    "(('prospect_vertical_50_ac4_ev_source', 'AgencyID'), ('prospect_vertical_50_ac4_ev_target', 'prospect_AgID'))": 0.7661538461538462,
    "(('prospect_vertical_50_ac4_ev_source', 'State'), ('prospect_vertical_50_ac4_ev_target', 'prospect_AgID'))": 0.7208333333333334,
    "(('prospect_vertical_50_ac4_ev_source', 'NumberCars'), ('prospect_vertical_50_ac4_ev_target', 'prospect_NumCrCar'))": 0.7194570135746607,
    "(('prospect_vertical_50_ac4_ev_source', 'State'), ('prospect_vertical_50_ac4_ev_target', 'prospect_Sta'))": 0.7155555555555555,
    "(('prospect_vertical_50_ac4_ev_source', 'NumberCreditCards'), ('prospect_vertical_50_ac4_ev_target', 'prospect_Ag'))": 0.7108771929824562,
    "(('prospect_vertical_50_ac4_ev_source', 'State'), ('prospect_vertical_50_ac4_ev_target', 'prospect_MiInit'))": 0.7088888888888889,
    "(('prospect_vertical_50_ac4_ev_source', 'FirstName'), ('prospect_vertical_50_ac4_ev_target', 'prospect_Ge'))": 0.6964102564102564,
    "(('prospect_vertical_50_ac4_ev_source', 'FirstName'), ('prospect_vertical_50_ac4_ev_target', 'prospect_Em'))": 0.6952380952380952,
    "(('prospect_vertical_50_ac4_ev_source', 'NumberCreditCards'), ('prospect_vertical_50_ac4_ev_target', 'prospect_NuCa'))": 0.6923976608187135,
    "(('prospect_vertical_50_ac4_ev_source', 'NumberCreditCards'), ('prospect_vertical_50_ac4_ev_target', 'prospect_NumChi'))": 0.6923976608187135,
    "(('prospect_vertical_50_ac4_ev_source', 'NumberCreditCards'), ('prospect_vertical_50_ac4_ev_target', 'prospect_NWo'))": 0.6923976608187135,
    "(('prospect_vertical_50_ac4_ev_source', 'State'), ('prospect_vertical_50_ac4_ev_target', 'prospect_MarSt'))": 0.6866666666666666,
    "(('prospect_vertical_50_ac4_ev_source', 'FirstName'), ('prospect_vertical_50_ac4_ev_target', 'prospect_MiInit'))": 0.6746666666666667,
    "(('prospect_vertical_50_ac4_ev_source', 'NumberCreditCards'), ('prospect_vertical_50_ac4_ev_target', 'prospect_Inc'))": 0.6682105263157896,
    "(('prospect_vertical_50_ac4_ev_source', 'Employer'), ('prospect_vertical_50_ac4_ev_target', 'prospect_Ge'))": 0.6653594771241831,
    "(('prospect_vertical_50_ac4_ev_source', 'NumberCreditCards'), ('prospect_vertical_50_ac4_ev_target', 'prospect_NumCrCar'))": 0.6612708241191214,
    "(('prospect_vertical_50_ac4_ev_source', 'State'), ('prospect_vertical_50_ac4_ev_target', 'prospect_Ge'))": 0.6525252525252525,
    "(('prospect_vertical_50_ac4_ev_source', 'FirstName'), ('prospect_vertical_50_ac4_ev_target', 'prospect_AgID'))": 0.6500952380952382,
    "(('prospect_vertical_50_ac4_ev_source', 'NumberCars'), ('prospect_vertical_50_ac4_ev_target', 'prospect_NumChi'))": 0.6486274509803922,
    "(('prospect_vertical_50_ac4_ev_source', 'MaritalStatus'), ('prospect_vertical_50_ac4_ev_target', 'prospect_MarSt'))": 0.6483516483516484,
    "(('prospect_vertical_50_ac4_ev_source', 'NumberCreditCards'), ('prospect_vertical_50_ac4_ev_target', 'prospect_CrRa'))": 0.647953216374269,
    "(('prospect_vertical_50_ac4_ev_source', 'AgencyID'), ('prospect_vertical_50_ac4_ev_target', 'prospect_Ge'))": 0.6417094017094018,
    "(('prospect_vertical_50_ac4_ev_source', 'Country'), ('prospect_vertical_50_ac4_ev_target', 'prospect_AgID'))": 0.635897435897436,
    "(('prospect_vertical_50_ac4_ev_source', 'Country'), ('prospect_vertical_50_ac4_ev_target', 'prospect_MiInit'))": 0.631990231990232,
    "(('prospect_vertical_50_ac4_ev_source', 'Country'), ('prospect_vertical_50_ac4_ev_target', 'prospect_Coun'))": 0.6278388278388278,
    "(('prospect_vertical_50_ac4_ev_source', 'Employer'), ('prospect_vertical_50_ac4_ev_target', 'prospect_Pho'))": 0.6264705882352941,
    "(('prospect_vertical_50_ac4_ev_source', 'State'), ('prospect_vertical_50_ac4_ev_target', 'prospect_Em'))": 0.6242424242424243,
    "(('prospect_vertical_50_ac4_ev_source', 'NumberCars'), ('prospect_vertical_50_ac4_ev_target', 'prospect_NuCa'))": 0.6219607843137254,
    "(('prospect_vertical_50_ac4_ev_source', 'FirstName'), ('prospect_vertical_50_ac4_ev_target', 'prospect_MarSt'))": 0.6205128205128205,
    "(('prospect_vertical_50_ac4_ev_source', 'Phone'), ('prospect_vertical_50_ac4_ev_target', 'prospect_Pho'))": 0.6200000000000001,
    "(('prospect_vertical_50_ac4_ev_source', 'AgencyID'), ('prospect_vertical_50_ac4_ev_target', 'prospect_Em'))": 0.6194871794871795,
    "(('prospect_vertical_50_ac4_ev_source', 'Employer'), ('prospect_vertical_50_ac4_ev_target', 'prospect_Em'))": 0.6174962292609352,
    "(('prospect_vertical_50_ac4_ev_source', 'LastName'), ('prospect_vertical_50_ac4_ev_target', 'prospect_Ge'))": 0.6147435897435898,
    "(('prospect_vertical_50_ac4_ev_source', 'FirstName'), ('prospect_vertical_50_ac4_ev_target', 'prospect_OORF'))": 0.6133333333333333,
    "(('prospect_vertical_50_ac4_ev_source', 'Employer'), ('prospect_vertical_50_ac4_ev_target', 'prospect_AgID'))": 0.6105580693815988,
    "(('prospect_vertical_50_ac4_ev_source', 'Employer'), ('prospect_vertical_50_ac4_ev_target', 'prospect_OORF'))": 0.6098039215686275,
    "(('prospect_vertical_50_ac4_ev_source', 'NumberCars'), ('prospect_vertical_50_ac4_ev_target', 'prospect_Inc'))": 0.6074509803921568,
    "(('prospect_vertical_50_ac4_ev_source', 'LastName'), ('prospect_vertical_50_ac4_ev_target', 'prospect_AgID'))": 0.6047619047619048
  },
  "metrics": {
    "precision": 0.25,
    "recall": 0.18181818181818182,
    "f1_score": 0.2105263157894737,
    "precision_at_10_percent": 0.25,
    "precision_at_20_percent": 0.25,
    "precision_at_30_percent": 0.16666666666666666,
    "precision_at_40_percent": 0.125,
    "precision_at_50_percent": 0.15,
    "precision_at_60_percent": 0.16666666666666666,
    "precision_at_70_percent": 0.17857142857142858,
    "precision_at_80_percent": 0.21875,
    "precision_at_90_percent": 0.2222222222222222,
    "recall_at_sizeof_ground_truth": 0.18181818181818182
  },
  "run_times": {
    "total_time": 16.949829350000073,
    "algorithm_time": 16.949657851000666
  }
}