{
  "name": "prospect_vertical_30_ac4_ev__Cupid{'leaf_w_struct': 0.4, 'w_struct': 0, 'th_accept': 0.5, 'th_high': 0.6, 'th_low': 0.35, 'c_inc': 1.2, 'c_dec': 0.9, 'th_ns': 0.5}",
  "matches": {
    "(('prospect_vertical_30_ac4_ev_source', 'FirstName'), ('prospect_vertical_30_ac4_ev_target', 'prospect_FirN'))": 0.7866666666666666,
    "(('prospect_vertical_30_ac4_ev_source', 'LastName'), ('prospect_vertical_30_ac4_ev_target', 'prospect_FirN'))": 0.7733333333333333,
    "(('prospect_vertical_30_ac4_ev_source', 'AgencyID'), ('prospect_vertical_30_ac4_ev_target', 'prospect_AgeID'))": 0.7661538461538462,
    "(('prospect_vertical_30_ac4_ev_source', 'CreditRating'), ('prospect_vertical_30_ac4_ev_target', 'prospect_CrRat'))": 0.6962406015037594,
    "(('prospect_vertical_30_ac4_ev_source', 'LastName'), ('prospect_vertical_30_ac4_ev_target', 'prospect_OwOReF'))": 0.6666666666666666,
    "(('prospect_vertical_30_ac4_ev_source', 'MiddleInitial'), ('prospect_vertical_30_ac4_ev_target', 'prospect_FirN'))": 0.6655555555555555,
    "(('prospect_vertical_30_ac4_ev_source', 'MiddleInitial'), ('prospect_vertical_30_ac4_ev_target', 'prospect_OwOReF'))": 0.6388888888888888,
    "(('prospect_vertical_30_ac4_ev_source', 'MiddleInitial'), ('prospect_vertical_30_ac4_ev_target', 'prospect_NumC'))": 0.634126984126984,
    "(('prospect_vertical_30_ac4_ev_source', 'MiddleInitial'), ('prospect_vertical_30_ac4_ev_target', 'prospect_NuChil'))": 0.634126984126984,
    "(('prospect_vertical_30_ac4_ev_source', 'State'), ('prospect_vertical_30_ac4_ev_target', 'prospect_MarSta'))": 0.6333333333333333,
    "(('prospect_vertical_30_ac4_ev_source', 'FirstName'), ('prospect_vertical_30_ac4_ev_target', 'prospect_OwOReF'))": 0.5866666666666667,
    "(('prospect_vertical_30_ac4_ev_source', 'FirstName'), ('prospect_vertical_30_ac4_ev_target', 'prospect_NumC'))": 0.575,
    "(('prospect_vertical_30_ac4_ev_source', 'LastName'), ('prospect_vertical_30_ac4_ev_target', 'prospect_NumC'))": 0.575,
    "(('prospect_vertical_30_ac4_ev_source', 'Employer'), ('prospect_vertical_30_ac4_ev_target', 'prospect_FirN'))": 0.5726381461675579,
    "(('prospect_vertical_30_ac4_ev_source', 'AddressLine2'), ('prospect_vertical_30_ac4_ev_target', 'prospect_OwOReF'))": 0.5646825396825397,
    "(('prospect_vertical_30_ac4_ev_source', 'AddressLine1'), ('prospect_vertical_30_ac4_ev_target', 'prospect_OwOReF'))": 0.5646825396825397,
    "(('prospect_vertical_30_ac4_ev_source', 'Phone'), ('prospect_vertical_30_ac4_ev_target', 'prospect_FirN'))": 0.5586726998491705,
    "(('prospect_vertical_30_ac4_ev_source', 'CreditRating'), ('prospect_vertical_30_ac4_ev_target', 'prospect_OwOReF'))": 0.5549707602339181,
    "(('prospect_vertical_30_ac4_ev_source', 'MiddleInitial'), ('prospect_vertical_30_ac4_ev_target', 'prospect_AgeID'))": 0.5473262032085562,
    "(('prospect_vertical_30_ac4_ev_source', 'CreditRating'), ('prospect_vertical_30_ac4_ev_target', 'prospect_In'))": 0.5360623781676414,
    "(('prospect_vertical_30_ac4_ev_source', 'PostalCode'), ('prospect_vertical_30_ac4_ev_target', 'prospect_OwOReF'))": 0.534375,
    "(('prospect_vertical_30_ac4_ev_source', 'Employer'), ('prospect_vertical_30_ac4_ev_target', 'prospect_In'))": 0.5294117647058824,
    "(('prospect_vertical_30_ac4_ev_source', 'AgencyID'), ('prospect_vertical_30_ac4_ev_target', 'prospect_Em'))": 0.5243589743589743,
    "(('prospect_vertical_30_ac4_ev_source', 'Employer'), ('prospect_vertical_30_ac4_ev_target', 'prospect_Em'))": 0.521870286576169,
    "(('prospect_vertical_30_ac4_ev_source', 'CreditRating'), ('prospect_vertical_30_ac4_ev_target', 'prospect_NumC'))": 0.5216374269005848,
    "(('prospect_vertical_30_ac4_ev_source', 'CreditRating'), ('prospect_vertical_30_ac4_ev_target', 'prospect_Ag'))": 0.5091896407685881,
    "(('prospect_vertical_30_ac4_ev_source', 'MiddleInitial'), ('prospect_vertical_30_ac4_ev_target', 'prospect_Em'))": 0.5,
    "(('prospect_vertical_30_ac4_ev_source', 'MiddleInitial'), ('prospect_vertical_30_ac4_ev_target', 'prospect_In'))": 0.5,
    "(('prospect_vertical_30_ac4_ev_source', 'State'), ('prospect_vertical_30_ac4_ev_target', 'prospect_In'))": 0.5
  },
  "metrics": {
    "precision": 0.42857142857142855,
    "recall": 0.5,
    "f1_score": 0.4615384615384615,
    "precision_at_10_percent": 0.6666666666666666,
    "precision_at_20_percent": 0.5,
    "precision_at_30_percent": 0.3333333333333333,
    "precision_at_40_percent": 0.25,
    "precision_at_50_percent": 0.2,
    "precision_at_60_percent": 0.16666666666666666,
    "precision_at_70_percent": 0.14285714285714285,
    "precision_at_80_percent": 0.16666666666666666,
    "precision_at_90_percent": 0.14814814814814814,
    "recall_at_sizeof_ground_truth": 0.5
  },
  "run_times": {
    "total_time": 15.193096042999969,
    "algorithm_time": 15.192926775998785
  }
}