{
  "name": "prospect_vertical_30_ac5_ev__Cupid{'leaf_w_struct': 0.2, 'w_struct': 0, 'th_accept': 0.5, 'th_high': 0.6, 'th_low': 0.35, 'c_inc': 1.2, 'c_dec': 0.9, 'th_ns': 0.5}",
  "matches": {
    "(('prospect_vertical_30_ac5_ev_source', 'State'), ('prospect_vertical_30_ac5_ev_target', 'prospect_ct'))": 0.763888888888889,
    "(('prospect_vertical_30_ac5_ev_source', 'MiddleInitial'), ('prospect_vertical_30_ac5_ev_target', 'prospect_g'))": 0.7534722222222223,
    "(('prospect_vertical_30_ac5_ev_source', 'AgencyID'), ('prospect_vertical_30_ac5_ev_target', 'prospect_ct'))": 0.6963141025641026,
    "(('prospect_vertical_30_ac5_ev_source', 'CreditRating'), ('prospect_vertical_30_ac5_ev_target', 'prospect_g'))": 0.6593567251461988,
    "(('prospect_vertical_30_ac5_ev_source', 'City'), ('prospect_vertical_30_ac5_ev_target', 'prospect_ct'))": 0.6518518518518519,
    "(('prospect_vertical_30_ac5_ev_source', 'Country'), ('prospect_vertical_30_ac5_ev_target', 'prospect_ct'))": 0.6303418803418803,
    "(('prospect_vertical_30_ac5_ev_source', 'NumberCars'), ('prospect_vertical_30_ac5_ev_target', 'prospect_g'))": 0.5942982456140351,
    "(('prospect_vertical_30_ac5_ev_source', 'AddressLine2'), ('prospect_vertical_30_ac5_ev_target', 'prospect_g'))": 0.5833333333333334,
    "(('prospect_vertical_30_ac5_ev_source', 'AddressLine1'), ('prospect_vertical_30_ac5_ev_target', 'prospect_g'))": 0.5833333333333334,
    "(('prospect_vertical_30_ac5_ev_source', 'LastName'), ('prospect_vertical_30_ac5_ev_target', 'prospect_ct'))": 0.5752840909090908,
    "(('prospect_vertical_30_ac5_ev_source', 'FirstName'), ('prospect_vertical_30_ac5_ev_target', 'prospect_g'))": 0.5392156862745098,
    "(('prospect_vertical_30_ac5_ev_source', 'CreditRating'), ('prospect_vertical_30_ac5_ev_target', 'prospect_crdtrtng'))": 0.5187317251461989
  },
  "metrics": {
    "precision": 0.0,
    "recall": 0.0,
    "f1_score": 0,
    "precision_at_10_percent": 0.0,
    "precision_at_20_percent": 0.0,
    "precision_at_30_percent": 0.0,
    "precision_at_40_percent": 0.2,
    "precision_at_50_percent": 0.16666666666666666,
    "precision_at_60_percent": 0.125,
    "precision_at_70_percent": 0.1111111111111111,
    "precision_at_80_percent": 0.1,
    "precision_at_90_percent": 0.09090909090909091,
    "recall_at_sizeof_ground_truth": 0.16666666666666666
  },
  "run_times": {
    "total_time": 11.658491218000563,
    "algorithm_time": 11.658322577000945
  }
}