{
  "name": "prospect_vertical_30_ac1_ev__Cupid{'leaf_w_struct': 0.2, 'w_struct': 0.4, 'th_accept': 0.6, 'th_high': 0.6, 'th_low': 0.35, 'c_inc': 1.2, 'c_dec': 0.9, 'th_ns': 0.5}",
  "matches": {
    "(('prospect_vertical_30_ac1_ev_source', 'AgencyID'), ('prospect_vertical_30_ac1_ev_target', 'prospect_AgencyID'))": 0.9538461538461539,
    "(('prospect_vertical_30_ac1_ev_source', 'MaritalStatus'), ('prospect_vertical_30_ac1_ev_target', 'prospect_MaritalStatus'))": 0.9538461538461539,
    "(('prospect_vertical_30_ac1_ev_source', 'AddressLine1'), ('prospect_vertical_30_ac1_ev_target', 'prospect_AddressLine1'))": 0.9466666666666667,
    "(('prospect_vertical_30_ac1_ev_source', 'OwnOrRentFlag'), ('prospect_vertical_30_ac1_ev_target', 'prospect_OwnOrRentFlag'))": 0.9418181818181819,
    "(('prospect_vertical_30_ac1_ev_source', 'AddressLine2'), ('prospect_vertical_30_ac1_ev_target', 'prospect_AddressLine1'))": 0.9226666666666667,
    "(('prospect_vertical_30_ac1_ev_source', 'Country'), ('prospect_vertical_30_ac1_ev_target', 'prospect_Country'))": 0.8923076923076924,
    "(('prospect_vertical_30_ac1_ev_source', 'Gender'), ('prospect_vertical_30_ac1_ev_target', 'prospect_Gender'))": 0.8799999999999999,
    "(('prospect_vertical_30_ac1_ev_source', 'State'), ('prospect_vertical_30_ac1_ev_target', 'prospect_Country'))": 0.8666666666666666,
    "(('prospect_vertical_30_ac1_ev_source', 'State'), ('prospect_vertical_30_ac1_ev_target', 'prospect_MaritalStatus'))": 0.7880952380952381,
    "(('prospect_vertical_30_ac1_ev_source', 'City'), ('prospect_vertical_30_ac1_ev_target', 'prospect_Country'))": 0.77625,
    "(('prospect_vertical_30_ac1_ev_source', 'State'), ('prospect_vertical_30_ac1_ev_target', 'prospect_Gender'))": 0.7757575757575756,
    "(('prospect_vertical_30_ac1_ev_source', 'MiddleInitial'), ('prospect_vertical_30_ac1_ev_target', 'prospect_Country'))": 0.770673076923077,
    "(('prospect_vertical_30_ac1_ev_source', 'OwnOrRentFlag'), ('prospect_vertical_30_ac1_ev_target', 'prospect_Country'))": 0.7475340449024659,
    "(('prospect_vertical_30_ac1_ev_source', 'AgencyID'), ('prospect_vertical_30_ac1_ev_target', 'prospect_MaritalStatus'))": 0.746989010989011,
    "(('prospect_vertical_30_ac1_ev_source', 'State'), ('prospect_vertical_30_ac1_ev_target', 'prospect_OwnOrRentFlag'))": 0.7418181818181817,
    "(('prospect_vertical_30_ac1_ev_source', 'AgencyID'), ('prospect_vertical_30_ac1_ev_target', 'prospect_Gender'))": 0.7396153846153846,
    "(('prospect_vertical_30_ac1_ev_source', 'AgencyID'), ('prospect_vertical_30_ac1_ev_target', 'prospect_OwnOrRentFlag'))": 0.7297875457875458,
    "(('prospect_vertical_30_ac1_ev_source', 'AddressLine1'), ('prospect_vertical_30_ac1_ev_target', 'prospect_Gender'))": 0.7208333333333333,
    "(('prospect_vertical_30_ac1_ev_source', 'AddressLine2'), ('prospect_vertical_30_ac1_ev_target', 'prospect_Gender'))": 0.7208333333333333,
    "(('prospect_vertical_30_ac1_ev_source', 'OwnOrRentFlag'), ('prospect_vertical_30_ac1_ev_target', 'prospect_AgencyID'))": 0.7201388497982926,
    "(('prospect_vertical_30_ac1_ev_source', 'MaritalStatus'), ('prospect_vertical_30_ac1_ev_target', 'prospect_AgencyID'))": 0.7199120879120879,
    "(('prospect_vertical_30_ac1_ev_source', 'MiddleInitial'), ('prospect_vertical_30_ac1_ev_target', 'prospect_OwnOrRentFlag'))": 0.7157142857142857,
    "(('prospect_vertical_30_ac1_ev_source', 'AgencyID'), ('prospect_vertical_30_ac1_ev_target', 'prospect_Employer'))": 0.7146153846153847,
    "(('prospect_vertical_30_ac1_ev_source', 'Country'), ('prospect_vertical_30_ac1_ev_target', 'prospect_OwnOrRentFlag'))": 0.7138461538461538,
    "(('prospect_vertical_30_ac1_ev_source', 'AddressLine1'), ('prospect_vertical_30_ac1_ev_target', 'prospect_OwnOrRentFlag'))": 0.7078095238095238,
    "(('prospect_vertical_30_ac1_ev_source', 'AddressLine2'), ('prospect_vertical_30_ac1_ev_target', 'prospect_OwnOrRentFlag'))": 0.7078095238095238,
    "(('prospect_vertical_30_ac1_ev_source', 'Phone'), ('prospect_vertical_30_ac1_ev_target', 'prospect_OwnOrRentFlag'))": 0.7073026315789473
  },
  "metrics": {
    "precision": 1.0,
    "recall": 1.0,
    "f1_score": 1.0,
    "precision_at_10_percent": 1.0,
    "precision_at_20_percent": 0.8333333333333334,
    "precision_at_30_percent": 0.6666666666666666,
    "precision_at_40_percent": 0.5454545454545454,
    "precision_at_50_percent": 0.42857142857142855,
    "precision_at_60_percent": 0.35294117647058826,
    "precision_at_70_percent": 0.3157894736842105,
    "precision_at_80_percent": 0.2727272727272727,
    "precision_at_90_percent": 0.24,
    "recall_at_sizeof_ground_truth": 0.8333333333333334
  },
  "run_times": {
    "total_time": 17.334169966001355,
    "algorithm_time": 17.33400569800142
  }
}