{
  "name": "prospect_vertical_50_ac1_ev__Cupid{'leaf_w_struct': 0.2, 'w_struct': 0.6, 'th_accept': 0.7, 'th_high': 0.6, 'th_low': 0.35, 'c_inc': 1.2, 'c_dec': 0.9, 'th_ns': 0.5}",
  "matches": {
    "(('prospect_vertical_50_ac1_ev_source', 'NumberCreditCards'), ('prospect_vertical_50_ac1_ev_target', 'prospect_NumberCreditCards'))": 0.9809523809523809,
    "(('prospect_vertical_50_ac1_ev_source', 'OwnOrRentFlag'), ('prospect_vertical_50_ac1_ev_target', 'prospect_OwnOrRentFlag'))": 0.9738011695906432,
    "(('prospect_vertical_50_ac1_ev_source', 'LastName'), ('prospect_vertical_50_ac1_ev_target', 'prospect_LastName'))": 0.9733333333333333,
    "(('prospect_vertical_50_ac1_ev_source', 'NetWorth'), ('prospect_vertical_50_ac1_ev_target', 'prospect_NetWorth'))": 0.9733333333333333,
    "(('prospect_vertical_50_ac1_ev_source', 'MiddleInitial'), ('prospect_vertical_50_ac1_ev_target', 'prospect_MiddleInitial'))": 0.97,
    "(('prospect_vertical_50_ac1_ev_source', 'AgencyID'), ('prospect_vertical_50_ac1_ev_target', 'prospect_AgencyID'))": 0.9692307692307692,
    "(('prospect_vertical_50_ac1_ev_source', 'AddressLine2'), ('prospect_vertical_50_ac1_ev_target', 'prospect_AddressLine2'))": 0.9644444444444444,
    "(('prospect_vertical_50_ac1_ev_source', 'NumberCars'), ('prospect_vertical_50_ac1_ev_target', 'prospect_NumberCars'))": 0.96,
    "(('prospect_vertical_50_ac1_ev_source', 'State'), ('prospect_vertical_50_ac1_ev_target', 'prospect_State'))": 0.9555555555555555,
    "(('prospect_vertical_50_ac1_ev_source', 'AddressLine1'), ('prospect_vertical_50_ac1_ev_target', 'prospect_AddressLine2'))": 0.9484444444444444,
    "(('prospect_vertical_50_ac1_ev_source', 'Phone'), ('prospect_vertical_50_ac1_ev_target', 'prospect_Phone'))": 0.9294117647058824,
    "(('prospect_vertical_50_ac1_ev_source', 'City'), ('prospect_vertical_50_ac1_ev_target', 'prospect_City'))": 0.9199999999999999,
    "(('prospect_vertical_50_ac1_ev_source', 'NumberCreditCards'), ('prospect_vertical_50_ac1_ev_target', 'prospect_NumberChildren'))": 0.9169191919191919,
    "(('prospect_vertical_50_ac1_ev_source', 'NumberCreditCards'), ('prospect_vertical_50_ac1_ev_target', 'prospect_NumberCars'))": 0.9116904337492573,
    "(('prospect_vertical_50_ac1_ev_source', 'Country'), ('prospect_vertical_50_ac1_ev_target', 'prospect_State'))": 0.9076923076923077,
    "(('prospect_vertical_50_ac1_ev_source', 'NumberCreditCards'), ('prospect_vertical_50_ac1_ev_target', 'prospect_CreditRating'))": 0.903030303030303,
    "(('prospect_vertical_50_ac1_ev_source', 'NumberCars'), ('prospect_vertical_50_ac1_ev_target', 'prospect_NumberCreditCards'))": 0.9005793226381462,
    "(('prospect_vertical_50_ac1_ev_source', 'NumberCars'), ('prospect_vertical_50_ac1_ev_target', 'prospect_NumberChildren'))": 0.8870588235294117,
    "(('prospect_vertical_50_ac1_ev_source', 'NetWorth'), ('prospect_vertical_50_ac1_ev_target', 'prospect_Income'))": 0.8847117794486214,
    "(('prospect_vertical_50_ac1_ev_source', 'State'), ('prospect_vertical_50_ac1_ev_target', 'prospect_City'))": 0.8819444444444444,
    "(('prospect_vertical_50_ac1_ev_source', 'NetWorth'), ('prospect_vertical_50_ac1_ev_target', 'prospect_NumberChildren'))": 0.8666666666666667,
    "(('prospect_vertical_50_ac1_ev_source', 'NetWorth'), ('prospect_vertical_50_ac1_ev_target', 'prospect_NumberCars'))": 0.8613333333333333,
    "(('prospect_vertical_50_ac1_ev_source', 'FirstName'), ('prospect_vertical_50_ac1_ev_target', 'prospect_LastName'))": 0.8613333333333333,
    "(('prospect_vertical_50_ac1_ev_source', 'LastName'), ('prospect_vertical_50_ac1_ev_target', 'prospect_MaritalStatus'))": 0.8609523809523809,
    "(('prospect_vertical_50_ac1_ev_source', 'NumberCreditCards'), ('prospect_vertical_50_ac1_ev_target', 'prospect_NetWorth'))": 0.8594444444444445,
    "(('prospect_vertical_50_ac1_ev_source', 'NetWorth'), ('prospect_vertical_50_ac1_ev_target', 'prospect_NumberCreditCards'))": 0.8594444444444445,
    "(('prospect_vertical_50_ac1_ev_source', 'State'), ('prospect_vertical_50_ac1_ev_target', 'prospect_MaritalStatus'))": 0.8587301587301587,
    "(('prospect_vertical_50_ac1_ev_source', 'Country'), ('prospect_vertical_50_ac1_ev_target', 'prospect_City'))": 0.8580128205128205,
    "(('prospect_vertical_50_ac1_ev_source', 'OwnOrRentFlag'), ('prospect_vertical_50_ac1_ev_target', 'prospect_Phone'))": 0.8559808612440192,
    "(('prospect_vertical_50_ac1_ev_source', 'LastName'), ('prospect_vertical_50_ac1_ev_target', 'prospect_AgencyID'))": 0.8529523809523809
  },
  "metrics": {
    "precision": 1.0,
    "recall": 1.0,
    "f1_score": 1.0,
    "precision_at_10_percent": 1.0,
    "precision_at_20_percent": 1.0,
    "precision_at_30_percent": 1.0,
    "precision_at_40_percent": 0.9166666666666666,
    "precision_at_50_percent": 0.7333333333333333,
    "precision_at_60_percent": 0.6111111111111112,
    "precision_at_70_percent": 0.5238095238095238,
    "precision_at_80_percent": 0.4583333333333333,
    "precision_at_90_percent": 0.4074074074074074,
    "recall_at_sizeof_ground_truth": 0.9090909090909091
  },
  "run_times": {
    "total_time": 30.6779056689993,
    "algorithm_time": 30.677728451999428
  }
}