{
  "name": "prospect_both_50_70_ac3_ev__Cupid{'leaf_w_struct': 0.2, 'w_struct': 0, 'th_accept': 0.3, 'th_high': 0.6, 'th_low': 0.35, 'c_inc': 1.2, 'c_dec': 0.9, 'th_ns': 0.5}",
  "matches": {
    "(('prospect_both_50_70_ac3_ev_source', 'MiddleInitial'), ('prospect_both_50_70_ac3_ev_target', 'g'))": 0.8333333333333334,
    "(('prospect_both_50_70_ac3_ev_source', 'City'), ('prospect_both_50_70_ac3_ev_target', 'ct'))": 0.7777777777777778,
    "(('prospect_both_50_70_ac3_ev_source', 'State'), ('prospect_both_50_70_ac3_ev_target', 'ct'))": 0.7777777777777777,
    "(('prospect_both_50_70_ac3_ev_source', 'Country'), ('prospect_both_50_70_ac3_ev_target', 'ct'))": 0.7291666666666666,
    "(('prospect_both_50_70_ac3_ev_source', 'NumberChildren'), ('prospect_both_50_70_ac3_ev_target', 'g'))": 0.6444444444444445,
    "(('prospect_both_50_70_ac3_ev_source', 'PostalCode'), ('prospect_both_50_70_ac3_ev_target', 'g'))": 0.6071428571428572,
    "(('prospect_both_50_70_ac3_ev_source', 'AddressLine1'), ('prospect_both_50_70_ac3_ev_target', 'g'))": 0.6,
    "(('prospect_both_50_70_ac3_ev_source', 'AddressLine2'), ('prospect_both_50_70_ac3_ev_target', 'g'))": 0.6,
    "(('prospect_both_50_70_ac3_ev_source', 'City'), ('prospect_both_50_70_ac3_ev_target', 'cntr'))": 0.5859375,
    "(('prospect_both_50_70_ac3_ev_source', 'CreditRating'), ('prospect_both_50_70_ac3_ev_target', 'g'))": 0.5619047619047619,
    "(('prospect_both_50_70_ac3_ev_source', 'FirstName'), ('prospect_both_50_70_ac3_ev_target', 'g'))": 0.5147058823529412,
    "(('prospect_both_50_70_ac3_ev_source', 'Gender'), ('prospect_both_50_70_ac3_ev_target', 'gndr'))": 0.5,
    "(('prospect_both_50_70_ac3_ev_source', 'Phone'), ('prospect_both_50_70_ac3_ev_target', 'phn'))": 0.5,
    "(('prospect_both_50_70_ac3_ev_source', 'Country'), ('prospect_both_50_70_ac3_ev_target', 'cntr'))": 0.5,
    "(('prospect_both_50_70_ac3_ev_source', 'LastName'), ('prospect_both_50_70_ac3_ev_target', 'g'))": 0.45518207282913165,
    "(('prospect_both_50_70_ac3_ev_source', 'AgencyID'), ('prospect_both_50_70_ac3_ev_target', 'ct'))": 0.4486772486772487,
    "(('prospect_both_50_70_ac3_ev_source', 'OwnOrRentFlag'), ('prospect_both_50_70_ac3_ev_target', 'g'))": 0.44646464646464645,
    "(('prospect_both_50_70_ac3_ev_source', 'NetWorth'), ('prospect_both_50_70_ac3_ev_target', 'g'))": 0.42857142857142855,
    "(('prospect_both_50_70_ac3_ev_source', 'CreditRating'), ('prospect_both_50_70_ac3_ev_target', 'crdtrtng'))": 0.4166666666666667,
    "(('prospect_both_50_70_ac3_ev_source', 'OwnOrRentFlag'), ('prospect_both_50_70_ac3_ev_target', 'ct'))": 0.39280185758513925,
    "(('prospect_both_50_70_ac3_ev_source', 'NetWorth'), ('prospect_both_50_70_ac3_ev_target', 'ntwrth'))": 0.3888888888888889,
    "(('prospect_both_50_70_ac3_ev_source', 'Employer'), ('prospect_both_50_70_ac3_ev_target', 'mplr'))": 0.37500000000000006,
    "(('prospect_both_50_70_ac3_ev_source', 'CreditRating'), ('prospect_both_50_70_ac3_ev_target', 'ct'))": 0.36854288499025345,
    "(('prospect_both_50_70_ac3_ev_source', 'Gender'), ('prospect_both_50_70_ac3_ev_target', 'gncd'))": 0.33333333333333337,
    "(('prospect_both_50_70_ac3_ev_source', 'Income'), ('prospect_both_50_70_ac3_ev_target', 'ncm'))": 0.33333333333333337,
    "(('prospect_both_50_70_ac3_ev_source', 'NetWorth'), ('prospect_both_50_70_ac3_ev_target', 'ncm'))": 0.3333333333333333,
    "(('prospect_both_50_70_ac3_ev_source', 'AgencyID'), ('prospect_both_50_70_ac3_ev_target', 'gncd'))": 0.3194444444444444,
    "(('prospect_both_50_70_ac3_ev_source', 'MiddleInitial'), ('prospect_both_50_70_ac3_ev_target', 'mddlntl'))": 0.30952380952380953,
    "(('prospect_both_50_70_ac3_ev_source', 'Income'), ('prospect_both_50_70_ac3_ev_target', 'g'))": 0.3
  },
  "metrics": {
    "precision": 0.8,
    "recall": 0.26666666666666666,
    "f1_score": 0.4,
    "precision_at_10_percent": 0.3333333333333333,
    "precision_at_20_percent": 0.16666666666666666,
    "precision_at_30_percent": 0.1111111111111111,
    "precision_at_40_percent": 0.16666666666666666,
    "precision_at_50_percent": 0.26666666666666666,
    "precision_at_60_percent": 0.2222222222222222,
    "precision_at_70_percent": 0.2857142857142857,
    "precision_at_80_percent": 0.2916666666666667,
    "precision_at_90_percent": 0.3333333333333333,
    "recall_at_sizeof_ground_truth": 0.26666666666666666
  },
  "run_times": {
    "total_time": 7.123586517998774,
    "algorithm_time": 7.123414196998056
  }
}