{
  "name": "prospect_vertical_30_ac3_ev__Cupid{'leaf_w_struct': 0, 'w_struct': 0.2, 'th_accept': 0.3, 'th_high': 0.6, 'th_low': 0.35, 'c_inc': 1.2, 'c_dec': 0.9, 'th_ns': 0.5}",
  "matches": {
    "(('prospect_vertical_30_ac3_ev_source', 'MiddleInitial'), ('prospect_vertical_30_ac3_ev_target', 'g'))": 1.0,
    "(('prospect_vertical_30_ac3_ev_source', 'NumberCars'), ('prospect_vertical_30_ac3_ev_target', 'g'))": 0.7005847953216375,
    "(('prospect_vertical_30_ac3_ev_source', 'PostalCode'), ('prospect_vertical_30_ac3_ev_target', 'g'))": 0.6857142857142857,
    "(('prospect_vertical_30_ac3_ev_source', 'OwnOrRentFlag'), ('prospect_vertical_30_ac3_ev_target', 'g'))": 0.6816161616161616,
    "(('prospect_vertical_30_ac3_ev_source', 'AddressLine1'), ('prospect_vertical_30_ac3_ev_target', 'g'))": 0.6799999999999999,
    "(('prospect_vertical_30_ac3_ev_source', 'AddressLine2'), ('prospect_vertical_30_ac3_ev_target', 'g'))": 0.6799999999999999,
    "(('prospect_vertical_30_ac3_ev_source', 'LastName'), ('prospect_vertical_30_ac3_ev_target', 'g'))": 0.611764705882353,
    "(('prospect_vertical_30_ac3_ev_source', 'FirstName'), ('prospect_vertical_30_ac3_ev_target', 'g'))": 0.611764705882353,
    "(('prospect_vertical_30_ac3_ev_source', 'Gender'), ('prospect_vertical_30_ac3_ev_target', 'gndr'))": 0.6000000000000001,
    "(('prospect_vertical_30_ac3_ev_source', 'AgencyID'), ('prospect_vertical_30_ac3_ev_target', 'gncd'))": 0.45555555555555555,
    "(('prospect_vertical_30_ac3_ev_source', 'Gender'), ('prospect_vertical_30_ac3_ev_target', 'gncd'))": 0.45000000000000007,
    "(('prospect_vertical_30_ac3_ev_source', 'NumberCars'), ('prospect_vertical_30_ac3_ev_target', 'nmbrcrs'))": 0.4476190476190476
  },
  "metrics": {
    "precision": 0.0,
    "recall": 0.0,
    "f1_score": 0,
    "precision_at_10_percent": 0.0,
    "precision_at_20_percent": 0.0,
    "precision_at_30_percent": 0.0,
    "precision_at_40_percent": 0.0,
    "precision_at_50_percent": 0.0,
    "precision_at_60_percent": 0.0,
    "precision_at_70_percent": 0.1111111111111111,
    "precision_at_80_percent": 0.2,
    "precision_at_90_percent": 0.18181818181818182,
    "recall_at_sizeof_ground_truth": 0.0
  },
  "run_times": {
    "total_time": 6.29272724600014,
    "algorithm_time": 6.292558166001982
  }
}