{
  "name": "prospect_vertical_70_ac3_av__Cupid{'leaf_w_struct': 0, 'w_struct': 0, 'th_accept': 0.5, 'th_high': 0.6, 'th_low': 0.35, 'c_inc': 1.2, 'c_dec': 0.9, 'th_ns': 0.5}",
  "matches": {
    "(('prospect_vertical_70_ac3_av_source', 'MiddleInitial'), ('prospect_vertical_70_ac3_av_target', 'g'))": 0.8333333333333334,
    "(('prospect_vertical_70_ac3_av_source', 'MaritalStatus'), ('prospect_vertical_70_ac3_av_target', 'g'))": 0.7777777777777778,
    "(('prospect_vertical_70_ac3_av_source', 'City'), ('prospect_vertical_70_ac3_av_target', 'ct'))": 0.7777777777777778,
    "(('prospect_vertical_70_ac3_av_source', 'State'), ('prospect_vertical_70_ac3_av_target', 'ct'))": 0.7777777777777777,
    "(('prospect_vertical_70_ac3_av_source', 'NumberCreditCards'), ('prospect_vertical_70_ac3_av_target', 'g'))": 0.7162280701754387,
    "(('prospect_vertical_70_ac3_av_source', 'NumberChildren'), ('prospect_vertical_70_ac3_av_target', 'g'))": 0.7000000000000001,
    "(('prospect_vertical_70_ac3_av_source', 'NumberCars'), ('prospect_vertical_70_ac3_av_target', 'g'))": 0.6812865497076023,
    "(('prospect_vertical_70_ac3_av_source', 'Country'), ('prospect_vertical_70_ac3_av_target', 'ct'))": 0.6805555555555556,
    "(('prospect_vertical_70_ac3_av_source', 'PostalCode'), ('prospect_vertical_70_ac3_av_target', 'g'))": 0.6071428571428572,
    "(('prospect_vertical_70_ac3_av_source', 'OwnOrRentFlag'), ('prospect_vertical_70_ac3_av_target', 'g'))": 0.602020202020202,
    "(('prospect_vertical_70_ac3_av_source', 'AddressLine2'), ('prospect_vertical_70_ac3_av_target', 'g'))": 0.6,
    "(('prospect_vertical_70_ac3_av_source', 'AddressLine1'), ('prospect_vertical_70_ac3_av_target', 'g'))": 0.6,
    "(('prospect_vertical_70_ac3_av_source', 'City'), ('prospect_vertical_70_ac3_av_target', 'cntr'))": 0.546875,
    "(('prospect_vertical_70_ac3_av_source', 'FirstName'), ('prospect_vertical_70_ac3_av_target', 'g'))": 0.5147058823529412,
    "(('prospect_vertical_70_ac3_av_source', 'Gender'), ('prospect_vertical_70_ac3_av_target', 'gndr'))": 0.5,
    "(('prospect_vertical_70_ac3_av_source', 'Country'), ('prospect_vertical_70_ac3_av_target', 'cntr'))": 0.5,
    "(('prospect_vertical_70_ac3_av_source', 'State'), ('prospect_vertical_70_ac3_av_target', 'stt'))": 0.5,
    "(('prospect_vertical_70_ac3_av_source', 'Phone'), ('prospect_vertical_70_ac3_av_target', 'phn'))": 0.5
  },
  "metrics": {
    "precision": 0.5,
    "recall": 0.06666666666666667,
    "f1_score": 0.11764705882352941,
    "precision_at_10_percent": 0.0,
    "precision_at_20_percent": 0.25,
    "precision_at_30_percent": 0.16666666666666666,
    "precision_at_40_percent": 0.125,
    "precision_at_50_percent": 0.1111111111111111,
    "precision_at_60_percent": 0.09090909090909091,
    "precision_at_70_percent": 0.07692307692307693,
    "precision_at_80_percent": 0.13333333333333333,
    "precision_at_90_percent": 0.23529411764705882,
    "recall_at_sizeof_ground_truth": 0.13333333333333333
  },
  "run_times": {
    "total_time": 4.790259746001539,
    "algorithm_time": 4.790086704000714
  }
}