{
  "name": "prospect_both_50_70_ac5_av__Cupid{'leaf_w_struct': 0, 'w_struct': 0.6, 'th_accept': 0.7, 'th_high': 0.6, 'th_low': 0.35, 'c_inc': 1.2, 'c_dec': 0.9, 'th_ns': 0.5}",
  "matches": {
    "(('prospect_both_50_70_ac5_av_source', 'MiddleInitial'), ('prospect_both_50_70_ac5_av_target', 'prospect_g'))": 0.925,
    "(('prospect_both_50_70_ac5_av_source', 'NumberChildren'), ('prospect_both_50_70_ac5_av_target', 'prospect_g'))": 0.9166666666666667,
    "(('prospect_both_50_70_ac5_av_source', 'State'), ('prospect_both_50_70_ac5_av_target', 'prospect_ct'))": 0.8851851851851852,
    "(('prospect_both_50_70_ac5_av_source', 'AgencyID'), ('prospect_both_50_70_ac5_av_target', 'prospect_ct'))": 0.8841346153846154
  },
  "metrics": {
    "precision": 0.0,
    "recall": 0.0,
    "f1_score": 0,
    "precision_at_10_percent": 0.0,
    "precision_at_20_percent": 0.0,
    "precision_at_30_percent": 0.0,
    "precision_at_40_percent": 0.0,
    "precision_at_50_percent": 0.0,
    "precision_at_60_percent": 0.0,
    "precision_at_70_percent": 0.0,
    "precision_at_80_percent": 0.0,
    "precision_at_90_percent": 0.0,
    "recall_at_sizeof_ground_truth": 0.0
  },
  "run_times": {
    "total_time": 15.39875162500175,
    "algorithm_time": 15.398573119000503
  }
}