{
  "name": "prospect_vertical_1_ac1_ev__Cupid{'leaf_w_struct': 0, 'w_struct': 0.4, 'th_accept': 0.6, 'th_high': 0.6, 'th_low': 0.35, 'c_inc': 1.2, 'c_dec': 0.9, 'th_ns': 0.5}",
  "matches": {
    "(('prospect_vertical_1_ac1_ev_source', 'AgencyID'), ('prospect_vertical_1_ac1_ev_target', 'prospect_AgencyID'))": 0.9538461538461539,
    "(('prospect_vertical_1_ac1_ev_source', 'LastName'), ('prospect_vertical_1_ac1_ev_target', 'prospect_Phone'))": 0.8183333333333334,
    "(('prospect_vertical_1_ac1_ev_source', 'Country'), ('prospect_vertical_1_ac1_ev_target', 'prospect_AgencyID'))": 0.7891225961538462,
    "(('prospect_vertical_1_ac1_ev_source', 'State'), ('prospect_vertical_1_ac1_ev_target', 'prospect_MaritalStatus'))": 0.7880952380952381,
    "(('prospect_vertical_1_ac1_ev_source', 'LastName'), ('prospect_vertical_1_ac1_ev_target', 'prospect_AgencyID'))": 0.7660952380952382
  },
  "metrics": {
    "precision": 0.5,
    "recall": 1.0,
    "f1_score": 0.6666666666666666,
    "precision_at_10_percent": 1.0,
    "precision_at_20_percent": 1.0,
    "precision_at_30_percent": 0.5,
    "precision_at_40_percent": 0.5,
    "precision_at_50_percent": 0.3333333333333333,
    "precision_at_60_percent": 0.3333333333333333,
    "precision_at_70_percent": 0.25,
    "precision_at_80_percent": 0.25,
    "precision_at_90_percent": 0.2,
    "recall_at_sizeof_ground_truth": 1.0
  },
  "run_times": {
    "total_time": 15.089770883998426,
    "algorithm_time": 15.089592951997474
  }
}