{
  "name": "prospect_both_50_70_ac2_ev__Cupid{'leaf_w_struct': 0.4, 'w_struct': 0.2, 'th_accept': 0.7, 'th_high': 0.6, 'th_low': 0.35, 'c_inc': 1.2, 'c_dec': 0.9, 'th_ns': 0.5}",
  "matches": {
    "(('prospect_both_50_70_ac2_ev_source', 'State'), ('prospect_both_50_70_ac2_ev_target', 'MiIn'))": 0.9111111111111112,
    "(('prospect_both_50_70_ac2_ev_source', 'AgencyID'), ('prospect_both_50_70_ac2_ev_target', 'MiIn'))": 0.8874074074074074,
    "(('prospect_both_50_70_ac2_ev_source', 'City'), ('prospect_both_50_70_ac2_ev_target', 'MiIn'))": 0.8222222222222222,
    "(('prospect_both_50_70_ac2_ev_source', 'Country'), ('prospect_both_50_70_ac2_ev_target', 'MiIn'))": 0.8222222222222222,
    "(('prospect_both_50_70_ac2_ev_source', 'CreditRating'), ('prospect_both_50_70_ac2_ev_target', 'CrRat'))": 0.7714285714285716,
    "(('prospect_both_50_70_ac2_ev_source', 'LastName'), ('prospect_both_50_70_ac2_ev_target', 'MiIn'))": 0.7714285714285716,
    "(('prospect_both_50_70_ac2_ev_source', 'Phone'), ('prospect_both_50_70_ac2_ev_target', 'MiIn'))": 0.7714285714285716,
    "(('prospect_both_50_70_ac2_ev_source', 'NumberChildren'), ('prospect_both_50_70_ac2_ev_target', 'NuC'))": 0.7523809523809524,
    "(('prospect_both_50_70_ac2_ev_source', 'NumberCreditCards'), ('prospect_both_50_70_ac2_ev_target', 'NuC'))": 0.7482321187584347,
    "(('prospect_both_50_70_ac2_ev_source', 'AgencyID'), ('prospect_both_50_70_ac2_ev_target', 'AgID'))": 0.7415384615384617,
    "(('prospect_both_50_70_ac2_ev_source', 'Phone'), ('prospect_both_50_70_ac2_ev_target', 'LaNa'))": 0.7333333333333334
  },
  "metrics": {
    "precision": 0.3333333333333333,
    "recall": 0.06666666666666667,
    "f1_score": 0.1111111111111111,
    "precision_at_10_percent": 0.0,
    "precision_at_20_percent": 0.0,
    "precision_at_30_percent": 0.0,
    "precision_at_40_percent": 0.2,
    "precision_at_50_percent": 0.16666666666666666,
    "precision_at_60_percent": 0.14285714285714285,
    "precision_at_70_percent": 0.125,
    "precision_at_80_percent": 0.1111111111111111,
    "precision_at_90_percent": 0.2,
    "recall_at_sizeof_ground_truth": 0.13333333333333333
  },
  "run_times": {
    "total_time": 15.147433446996729,
    "algorithm_time": 15.14725142899988
  }
}