{
  "name": "prospect_vertical_50_ac3_ev__Cupid{'leaf_w_struct': 0.2, 'w_struct': 0.4, 'th_accept': 0.4, 'th_high': 0.6, 'th_low': 0.35, 'c_inc': 1.2, 'c_dec': 0.9, 'th_ns': 0.5}",
  "matches": {
    "(('prospect_vertical_50_ac3_ev_source', 'NetWorth'), ('prospect_vertical_50_ac3_ev_target', 'g'))": 0.9,
    "(('prospect_vertical_50_ac3_ev_source', 'MiddleInitial'), ('prospect_vertical_50_ac3_ev_target', 'g'))": 0.8777777777777778,
    "(('prospect_vertical_50_ac3_ev_source', 'NumberCreditCards'), ('prospect_vertical_50_ac3_ev_target', 'g'))": 0.8297368421052632,
    "(('prospect_vertical_50_ac3_ev_source', 'PostalCode'), ('prospect_vertical_50_ac3_ev_target', 'g'))": 0.7642857142857143,
    "(('prospect_vertical_50_ac3_ev_source', 'OwnOrRentFlag'), ('prospect_vertical_50_ac3_ev_target', 'g'))": 0.7612121212121212,
    "(('prospect_vertical_50_ac3_ev_source', 'LastName'), ('prospect_vertical_50_ac3_ev_target', 'g'))": 0.7397058823529412,
    "(('prospect_vertical_50_ac3_ev_source', 'AddressLine2'), ('prospect_vertical_50_ac3_ev_target', 'g'))": 0.73,
    "(('prospect_vertical_50_ac3_ev_source', 'AddressLine1'), ('prospect_vertical_50_ac3_ev_target', 'g'))": 0.73,
    "(('prospect_vertical_50_ac3_ev_source', 'City'), ('prospect_vertical_50_ac3_ev_target', 'cntr'))": 0.728125,
    "(('prospect_vertical_50_ac3_ev_source', 'FirstName'), ('prospect_vertical_50_ac3_ev_target', 'g'))": 0.7004201680672268,
    "(('prospect_vertical_50_ac3_ev_source', 'Country'), ('prospect_vertical_50_ac3_ev_target', 'cntr'))": 0.7,
    "(('prospect_vertical_50_ac3_ev_source', 'Phone'), ('prospect_vertical_50_ac3_ev_target', 'phn'))": 0.7,
    "(('prospect_vertical_50_ac3_ev_source', 'NetWorth'), ('prospect_vertical_50_ac3_ev_target', 'ntwrth'))": 0.6333333333333333,
    "(('prospect_vertical_50_ac3_ev_source', 'Employer'), ('prospect_vertical_50_ac3_ev_target', 'mplr'))": 0.625,
    "(('prospect_vertical_50_ac3_ev_source', 'Income'), ('prospect_vertical_50_ac3_ev_target', 'ncm'))": 0.6000000000000001,
    "(('prospect_vertical_50_ac3_ev_source', 'Gender'), ('prospect_vertical_50_ac3_ev_target', 'gncd'))": 0.6000000000000001,
    "(('prospect_vertical_50_ac3_ev_source', 'NetWorth'), ('prospect_vertical_50_ac3_ev_target', 'ncm'))": 0.6,
    "(('prospect_vertical_50_ac3_ev_source', 'AgencyID'), ('prospect_vertical_50_ac3_ev_target', 'gncd'))": 0.5916666666666667,
    "(('prospect_vertical_50_ac3_ev_source', 'MiddleInitial'), ('prospect_vertical_50_ac3_ev_target', 'mddlntl'))": 0.5857142857142857,
    "(('prospect_vertical_50_ac3_ev_source', 'OwnOrRentFlag'), ('prospect_vertical_50_ac3_ev_target', 'frstnm'))": 0.5833333333333334,
    "(('prospect_vertical_50_ac3_ev_source', 'Income'), ('prospect_vertical_50_ac3_ev_target', 'g'))": 0.5800000000000001,
    "(('prospect_vertical_50_ac3_ev_source', 'MiddleInitial'), ('prospect_vertical_50_ac3_ev_target', 'mplr'))": 0.5666666666666667,
    "(('prospect_vertical_50_ac3_ev_source', 'FirstName'), ('prospect_vertical_50_ac3_ev_target', 'frstnm'))": 0.5666666666666667,
    "(('prospect_vertical_50_ac3_ev_source', 'AddressLine2'), ('prospect_vertical_50_ac3_ev_target', 'ddrssln2'))": 0.5625,
    "(('prospect_vertical_50_ac3_ev_source', 'NumberCreditCards'), ('prospect_vertical_50_ac3_ev_target', 'crdtrtng'))": 0.559375,
    "(('prospect_vertical_50_ac3_ev_source', 'OwnOrRentFlag'), ('prospect_vertical_50_ac3_ev_target', 'wnrrntflg'))": 0.5555555555555556
  },
  "metrics": {
    "precision": 0.5555555555555556,
    "recall": 0.45454545454545453,
    "f1_score": 0.5,
    "precision_at_10_percent": 0.0,
    "precision_at_20_percent": 0.0,
    "precision_at_30_percent": 0.0,
    "precision_at_40_percent": 0.09090909090909091,
    "precision_at_50_percent": 0.23076923076923078,
    "precision_at_60_percent": 0.3125,
    "precision_at_70_percent": 0.3684210526315789,
    "precision_at_80_percent": 0.3333333333333333,
    "precision_at_90_percent": 0.375,
    "recall_at_sizeof_ground_truth": 0.09090909090909091
  },
  "run_times": {
    "total_time": 6.432020253996598,
    "algorithm_time": 6.431851770998037
  }
}