{
  "name": "prospect_vertical_30_ac4_ev__Cupid{'leaf_w_struct': 0.6, 'w_struct': 0, 'th_accept': 0.6, 'th_high': 0.6, 'th_low': 0.35, 'c_inc': 1.2, 'c_dec': 0.9, 'th_ns': 0.5}",
  "matches": {
    "(('prospect_vertical_30_ac4_ev_source', 'LastName'), ('prospect_vertical_30_ac4_ev_target', 'prospect_FirN'))": 0.7733333333333333,
    "(('prospect_vertical_30_ac4_ev_source', 'AgencyID'), ('prospect_vertical_30_ac4_ev_target', 'prospect_AgeID'))": 0.7661538461538462,
    "(('prospect_vertical_30_ac4_ev_source', 'State'), ('prospect_vertical_30_ac4_ev_target', 'prospect_PoCo'))": 0.7291666666666666,
    "(('prospect_vertical_30_ac4_ev_source', 'CreditRating'), ('prospect_vertical_30_ac4_ev_target', 'prospect_CrRat'))": 0.6962406015037594,
    "(('prospect_vertical_30_ac4_ev_source', 'LastName'), ('prospect_vertical_30_ac4_ev_target', 'prospect_OwOReF'))": 0.6666666666666666,
    "(('prospect_vertical_30_ac4_ev_source', 'AddressLine2'), ('prospect_vertical_30_ac4_ev_target', 'prospect_OwOReF'))": 0.6507936507936508,
    "(('prospect_vertical_30_ac4_ev_source', 'AddressLine1'), ('prospect_vertical_30_ac4_ev_target', 'prospect_OwOReF'))": 0.6507936507936508,
    "(('prospect_vertical_30_ac4_ev_source', 'MiddleInitial'), ('prospect_vertical_30_ac4_ev_target', 'prospect_FirN'))": 0.6458333333333333,
    "(('prospect_vertical_30_ac4_ev_source', 'MiddleInitial'), ('prospect_vertical_30_ac4_ev_target', 'prospect_OwOReF'))": 0.6458333333333333,
    "(('prospect_vertical_30_ac4_ev_source', 'MiddleInitial'), ('prospect_vertical_30_ac4_ev_target', 'prospect_NumC'))": 0.6410714285714284,
    "(('prospect_vertical_30_ac4_ev_source', 'State'), ('prospect_vertical_30_ac4_ev_target', 'prospect_MarSta'))": 0.6333333333333333,
    "(('prospect_vertical_30_ac4_ev_source', 'Country'), ('prospect_vertical_30_ac4_ev_target', 'prospect_PoCo'))": 0.6290064102564102,
    "(('prospect_vertical_30_ac4_ev_source', 'FirstName'), ('prospect_vertical_30_ac4_ev_target', 'prospect_Em'))": 0.6190476190476191,
    "(('prospect_vertical_30_ac4_ev_source', 'FirstName'), ('prospect_vertical_30_ac4_ev_target', 'prospect_FirN'))": 0.6164102564102564
  },
  "metrics": {
    "precision": 0.4,
    "recall": 0.3333333333333333,
    "f1_score": 0.3636363636363636,
    "precision_at_10_percent": 0.5,
    "precision_at_20_percent": 0.3333333333333333,
    "precision_at_30_percent": 0.4,
    "precision_at_40_percent": 0.3333333333333333,
    "precision_at_50_percent": 0.2857142857142857,
    "precision_at_60_percent": 0.2222222222222222,
    "precision_at_70_percent": 0.2,
    "precision_at_80_percent": 0.16666666666666666,
    "precision_at_90_percent": 0.15384615384615385,
    "recall_at_sizeof_ground_truth": 0.3333333333333333
  },
  "run_times": {
    "total_time": 11.79000316100064,
    "algorithm_time": 11.789810693000618
  }
}