{
  "name": "prospect_horizontal_50_ac3_ev__Cupid{'leaf_w_struct': 0.4, 'w_struct': 0.4, 'th_accept': 0.8, 'th_high': 0.6, 'th_low': 0.35, 'c_inc': 1.2, 'c_dec': 0.9, 'th_ns': 0.5}",
  "matches": {
    "(('prospect_horizontal_50_ac3_ev_source', 'City'), ('prospect_horizontal_50_ac3_ev_target', 'ct'))": 0.8666666666666667,
    "(('prospect_horizontal_50_ac3_ev_source', 'NumberCreditCards'), ('prospect_horizontal_50_ac3_ev_target', 'g'))": 0.8297368421052632,
    "(('prospect_horizontal_50_ac3_ev_source', 'NumberChildren'), ('prospect_horizontal_50_ac3_ev_target', 'g'))": 0.8200000000000001,
    "(('prospect_horizontal_50_ac3_ev_source', 'NumberCars'), ('prospect_horizontal_50_ac3_ev_target', 'g'))": 0.8087719298245614
  },
  "metrics": {
    "precision": 0.5,
    "recall": 0.045454545454545456,
    "f1_score": 0.08333333333333334,
    "precision_at_10_percent": 1.0,
    "precision_at_20_percent": 1.0,
    "precision_at_30_percent": 0.5,
    "precision_at_40_percent": 0.5,
    "precision_at_50_percent": 0.5,
    "precision_at_60_percent": 0.3333333333333333,
    "precision_at_70_percent": 0.3333333333333333,
    "precision_at_80_percent": 0.25,
    "precision_at_90_percent": 0.25,
    "recall_at_sizeof_ground_truth": 0.045454545454545456
  },
  "run_times": {
    "total_time": 8.691180302001158,
    "algorithm_time": 8.677772461000131
  }
}