{
  "name": "prospect_vertical_1_ac1_ev__Cupid{'leaf_w_struct': 0.6, 'w_struct': 0.6, 'th_accept': 0.8, 'th_high': 0.6, 'th_low': 0.35, 'c_inc': 1.2, 'c_dec': 0.9, 'th_ns': 0.5}",
  "matches": {
    "(('prospect_vertical_1_ac1_ev_source', 'AgencyID'), ('prospect_vertical_1_ac1_ev_target', 'prospect_AgencyID'))": 0.9692307692307692,
    "(('prospect_vertical_1_ac1_ev_source', 'State'), ('prospect_vertical_1_ac1_ev_target', 'prospect_MaritalStatus'))": 0.8587301587301587,
    "(('prospect_vertical_1_ac1_ev_source', 'MiddleInitial'), ('prospect_vertical_1_ac1_ev_target', 'prospect_OwnOrRentFlag'))": 0.8296336996336996,
    "(('prospect_vertical_1_ac1_ev_source', 'AgencyID'), ('prospect_vertical_1_ac1_ev_target', 'prospect_MaritalStatus'))": 0.8132747252747253,
    "(('prospect_vertical_1_ac1_ev_source', 'State'), ('prospect_vertical_1_ac1_ev_target', 'prospect_OwnOrRentFlag'))": 0.8012121212121212
  },
  "metrics": {
    "precision": 0.3333333333333333,
    "recall": 1.0,
    "f1_score": 0.5,
    "precision_at_10_percent": 1.0,
    "precision_at_20_percent": 1.0,
    "precision_at_30_percent": 0.5,
    "precision_at_40_percent": 0.5,
    "precision_at_50_percent": 0.3333333333333333,
    "precision_at_60_percent": 0.3333333333333333,
    "precision_at_70_percent": 0.25,
    "precision_at_80_percent": 0.25,
    "precision_at_90_percent": 0.2,
    "recall_at_sizeof_ground_truth": 1.0
  },
  "run_times": {
    "total_time": 14.010331473000406,
    "algorithm_time": 14.010158102999412
  }
}