{
  "name": "prospect_vertical_1_ac4_ev__Cupid{'leaf_w_struct': 0.2, 'w_struct': 0.2, 'th_accept': 0.6, 'th_high': 0.6, 'th_low': 0.35, 'c_inc': 1.2, 'c_dec': 0.9, 'th_ns': 0.5}",
  "matches": {
    "(('prospect_vertical_1_ac4_ev_source', 'AgencyID'), ('prospect_vertical_1_ac4_ev_target', 'prospect_AgID'))": 0.7661538461538462,
    "(('prospect_vertical_1_ac4_ev_source', 'AgencyID'), ('prospect_vertical_1_ac4_ev_target', 'prospect_OwOReFl'))": 0.7115897435897436,
    "(('prospect_vertical_1_ac4_ev_source', 'LastName'), ('prospect_vertical_1_ac4_ev_target', 'prospect_Ph'))": 0.6634920634920635,
    "(('prospect_vertical_1_ac4_ev_source', 'Country'), ('prospect_vertical_1_ac4_ev_target', 'prospect_OwOReFl'))": 0.6605616605616605,
    "(('prospect_vertical_1_ac4_ev_source', 'State'), ('prospect_vertical_1_ac4_ev_target', 'prospect_OwOReFl'))": 0.6583333333333333,
    "(('prospect_vertical_1_ac4_ev_source', 'LastName'), ('prospect_vertical_1_ac4_ev_target', 'prospect_AgID'))": 0.6576507936507936,
    "(('prospect_vertical_1_ac4_ev_source', 'AgencyID'), ('prospect_vertical_1_ac4_ev_target', 'prospect_Ph'))": 0.6528205128205129,
    "(('prospect_vertical_1_ac4_ev_source', 'State'), ('prospect_vertical_1_ac4_ev_target', 'prospect_MariSta'))": 0.6286764705882353,
    "(('prospect_vertical_1_ac4_ev_source', 'LastName'), ('prospect_vertical_1_ac4_ev_target', 'prospect_MariSta'))": 0.6182222222222222,
    "(('prospect_vertical_1_ac4_ev_source', 'Gender'), ('prospect_vertical_1_ac4_ev_target', 'prospect_Ph'))": 0.6114285714285714
  },
  "metrics": {
    "precision": 0.3333333333333333,
    "recall": 1.0,
    "f1_score": 0.5,
    "precision_at_10_percent": 1.0,
    "precision_at_20_percent": 0.5,
    "precision_at_30_percent": 0.3333333333333333,
    "precision_at_40_percent": 0.25,
    "precision_at_50_percent": 0.2,
    "precision_at_60_percent": 0.16666666666666666,
    "precision_at_70_percent": 0.14285714285714285,
    "precision_at_80_percent": 0.125,
    "precision_at_90_percent": 0.1111111111111111,
    "recall_at_sizeof_ground_truth": 1.0
  },
  "run_times": {
    "total_time": 9.480556694998086,
    "algorithm_time": 9.480394451999018
  }
}