{
  "name": "prospect_horizontal_0_ac3_ev__Cupid{'leaf_w_struct': 0.2, 'w_struct': 0.6, 'th_accept': 0.7, 'th_high': 0.6, 'th_low': 0.35, 'c_inc': 1.2, 'c_dec': 0.9, 'th_ns': 0.5}",
  "matches": {
    "(('prospect_horizontal_0_ac3_ev_source', 'MiddleInitial'), ('prospect_horizontal_0_ac3_ev_target', 'g'))": 0.9851851851851852,
    "(('prospect_horizontal_0_ac3_ev_source', 'City'), ('prospect_horizontal_0_ac3_ev_target', 'ct'))": 0.9111111111111111,
    "(('prospect_horizontal_0_ac3_ev_source', 'Age'), ('prospect_horizontal_0_ac3_ev_target', 'g'))": 0.8923076923076922,
    "(('prospect_horizontal_0_ac3_ev_source', 'Country'), ('prospect_horizontal_0_ac3_ev_target', 'ct'))": 0.8722222222222222,
    "(('prospect_horizontal_0_ac3_ev_source', 'NumberCreditCards'), ('prospect_horizontal_0_ac3_ev_target', 'g'))": 0.8698245614035087,
    "(('prospect_horizontal_0_ac3_ev_source', 'NumberChildren'), ('prospect_horizontal_0_ac3_ev_target', 'g'))": 0.8577777777777778,
    "(('prospect_horizontal_0_ac3_ev_source', 'NumberCars'), ('prospect_horizontal_0_ac3_ev_target', 'g'))": 0.8502923976608188
  },
  "metrics": {
    "precision": 0.5,
    "recall": 0.045454545454545456,
    "f1_score": 0.08333333333333334,
    "precision_at_10_percent": 0.0,
    "precision_at_20_percent": 0.5,
    "precision_at_30_percent": 0.6666666666666666,
    "precision_at_40_percent": 0.6666666666666666,
    "precision_at_50_percent": 0.5,
    "precision_at_60_percent": 0.4,
    "precision_at_70_percent": 0.4,
    "precision_at_80_percent": 0.3333333333333333,
    "precision_at_90_percent": 0.2857142857142857,
    "recall_at_sizeof_ground_truth": 0.09090909090909091
  },
  "run_times": {
    "total_time": 7.56443352900169,
    "algorithm_time": 7.564241505002428
  }
}