{
  "name": "prospect_both_50_70_ac3_ev__Cupid{'leaf_w_struct': 0, 'w_struct': 0.6, 'th_accept': 0.4, 'th_high': 0.6, 'th_low': 0.35, 'c_inc': 1.2, 'c_dec': 0.9, 'th_ns': 0.5}",
  "matches": {
    "(('prospect_both_50_70_ac3_ev_source', 'MiddleInitial'), ('prospect_both_50_70_ac3_ev_target', 'g'))": 0.9185185185185185,
    "(('prospect_both_50_70_ac3_ev_source', 'City'), ('prospect_both_50_70_ac3_ev_target', 'ct'))": 0.9111111111111111,
    "(('prospect_both_50_70_ac3_ev_source', 'State'), ('prospect_both_50_70_ac3_ev_target', 'ct'))": 0.9111111111111111,
    "(('prospect_both_50_70_ac3_ev_source', 'AgencyID'), ('prospect_both_50_70_ac3_ev_target', 'ct'))": 0.8944444444444444,
    "(('prospect_both_50_70_ac3_ev_source', 'NumberChildren'), ('prospect_both_50_70_ac3_ev_target', 'g'))": 0.88,
    "(('prospect_both_50_70_ac3_ev_source', 'Country'), ('prospect_both_50_70_ac3_ev_target', 'ct'))": 0.8722222222222222,
    "(('prospect_both_50_70_ac3_ev_source', 'PostalCode'), ('prospect_both_50_70_ac3_ev_target', 'g'))": 0.8428571428571429,
    "(('prospect_both_50_70_ac3_ev_source', 'OwnOrRentFlag'), ('prospect_both_50_70_ac3_ev_target', 'g'))": 0.8408080808080808,
    "(('prospect_both_50_70_ac3_ev_source', 'AddressLine1'), ('prospect_both_50_70_ac3_ev_target', 'g'))": 0.84,
    "(('prospect_both_50_70_ac3_ev_source', 'AddressLine2'), ('prospect_both_50_70_ac3_ev_target', 'g'))": 0.84,
    "(('prospect_both_50_70_ac3_ev_source', 'LastName'), ('prospect_both_50_70_ac3_ev_target', 'ct'))": 0.8234848484848485,
    "(('prospect_both_50_70_ac3_ev_source', 'City'), ('prospect_both_50_70_ac3_ev_target', 'cntr'))": 0.81875,
    "(('prospect_both_50_70_ac3_ev_source', 'FirstName'), ('prospect_both_50_70_ac3_ev_target', 'g'))": 0.8058823529411765,
    "(('prospect_both_50_70_ac3_ev_source', 'Gender'), ('prospect_both_50_70_ac3_ev_target', 'gndr'))": 0.8,
    "(('prospect_both_50_70_ac3_ev_source', 'Phone'), ('prospect_both_50_70_ac3_ev_target', 'phn'))": 0.8,
    "(('prospect_both_50_70_ac3_ev_source', 'Country'), ('prospect_both_50_70_ac3_ev_target', 'cntr'))": 0.8,
    "(('prospect_both_50_70_ac3_ev_source', 'NetWorth'), ('prospect_both_50_70_ac3_ev_target', 'g'))": 0.7714285714285714,
    "(('prospect_both_50_70_ac3_ev_source', 'CreditRating'), ('prospect_both_50_70_ac3_ev_target', 'crdtrtng'))": 0.7666666666666666
  },
  "metrics": {
    "precision": 0.5,
    "recall": 0.06666666666666667,
    "f1_score": 0.11764705882352941,
    "precision_at_10_percent": 0.5,
    "precision_at_20_percent": 0.25,
    "precision_at_30_percent": 0.16666666666666666,
    "precision_at_40_percent": 0.125,
    "precision_at_50_percent": 0.1111111111111111,
    "precision_at_60_percent": 0.09090909090909091,
    "precision_at_70_percent": 0.07692307692307693,
    "precision_at_80_percent": 0.2,
    "precision_at_90_percent": 0.23529411764705882,
    "recall_at_sizeof_ground_truth": 0.2
  },
  "run_times": {
    "total_time": 9.105973508001625,
    "algorithm_time": 9.105774712999846
  }
}