{
  "name": "prospect_vertical_30_ac5_ev__Cupid{'leaf_w_struct': 0, 'w_struct': 0.4, 'th_accept': 0.6, 'th_high': 0.6, 'th_low': 0.35, 'c_inc': 1.2, 'c_dec': 0.9, 'th_ns': 0.5}",
  "matches": {
    "(('prospect_vertical_30_ac5_ev_source', 'MiddleInitial'), ('prospect_vertical_30_ac5_ev_target', 'prospect_g'))": 0.9437500000000001,
    "(('prospect_vertical_30_ac5_ev_source', 'State'), ('prospect_vertical_30_ac5_ev_target', 'prospect_ct'))": 0.8277777777777778,
    "(('prospect_vertical_30_ac5_ev_source', 'City'), ('prospect_vertical_30_ac5_ev_target', 'prospect_ct'))": 0.7911111111111111,
    "(('prospect_vertical_30_ac5_ev_source', 'CreditRating'), ('prospect_vertical_30_ac5_ev_target', 'prospect_g'))": 0.7766666666666666
  },
  "metrics": {
    "precision": 0.0,
    "recall": 0.0,
    "f1_score": 0,
    "precision_at_10_percent": 0.0,
    "precision_at_20_percent": 0.0,
    "precision_at_30_percent": 0.0,
    "precision_at_40_percent": 0.0,
    "precision_at_50_percent": 0.0,
    "precision_at_60_percent": 0.3333333333333333,
    "precision_at_70_percent": 0.3333333333333333,
    "precision_at_80_percent": 0.25,
    "precision_at_90_percent": 0.25,
    "recall_at_sizeof_ground_truth": 0.16666666666666666
  },
  "run_times": {
    "total_time": 11.843895433998114,
    "algorithm_time": 11.843681784997898
  }
}