{
  "name": "prospect_horizontal_50_ac3_av__Cupid{'leaf_w_struct': 0.6, 'w_struct': 0.2, 'th_accept': 0.7, 'th_high': 0.6, 'th_low': 0.35, 'c_inc': 1.2, 'c_dec': 0.9, 'th_ns': 0.5}",
  "matches": {
    "(('prospect_horizontal_50_ac3_av_source', 'State'), ('prospect_horizontal_50_ac3_av_target', 'ct'))": 0.8666666666666667,
    "(('prospect_horizontal_50_ac3_av_source', 'NetWorth'), ('prospect_horizontal_50_ac3_av_target', 'g'))": 0.8666666666666667,
    "(('prospect_horizontal_50_ac3_av_source', 'City'), ('prospect_horizontal_50_ac3_av_target', 'ct'))": 0.8222222222222222,
    "(('prospect_horizontal_50_ac3_av_source', 'AgencyID'), ('prospect_horizontal_50_ac3_av_target', 'ct'))": 0.788888888888889,
    "(('prospect_horizontal_50_ac3_av_source', 'Country'), ('prospect_horizontal_50_ac3_av_target', 'ct'))": 0.7833333333333334,
    "(('prospect_horizontal_50_ac3_av_source', 'NumberCreditCards'), ('prospect_horizontal_50_ac3_av_target', 'g'))": 0.7729824561403509,
    "(('prospect_horizontal_50_ac3_av_source', 'NumberChildren'), ('prospect_horizontal_50_ac3_av_target', 'g'))": 0.76,
    "(('prospect_horizontal_50_ac3_av_source', 'NumberCars'), ('prospect_horizontal_50_ac3_av_target', 'g'))": 0.7450292397660818
  },
  "metrics": {
    "precision": 0.0,
    "recall": 0.0,
    "f1_score": 0,
    "precision_at_10_percent": 0.0,
    "precision_at_20_percent": 0.0,
    "precision_at_30_percent": 0.3333333333333333,
    "precision_at_40_percent": 0.25,
    "precision_at_50_percent": 0.25,
    "precision_at_60_percent": 0.2,
    "precision_at_70_percent": 0.16666666666666666,
    "precision_at_80_percent": 0.14285714285714285,
    "precision_at_90_percent": 0.125,
    "recall_at_sizeof_ground_truth": 0.045454545454545456
  },
  "run_times": {
    "total_time": 8.844845023999369,
    "algorithm_time": 8.844659065998712
  }
}