{
  "name": "prospect_vertical_70_ac5_ev__Cupid{'leaf_w_struct': 0.4, 'w_struct': 0, 'th_accept': 0.7, 'th_high': 0.6, 'th_low': 0.35, 'c_inc': 1.2, 'c_dec': 0.9, 'th_ns': 0.5}",
  "matches": {
    "(('prospect_vertical_70_ac5_ev_source', 'MiddleInitial'), ('prospect_vertical_70_ac5_ev_target', 'prospect_g'))": 0.9062500000000001,
    "(('prospect_vertical_70_ac5_ev_source', 'NetWorth'), ('prospect_vertical_70_ac5_ev_target', 'prospect_g'))": 0.7499999999999999
  },
  "metrics": {
    "precision": 0.0,
    "recall": 0.0,
    "f1_score": 0,
    "precision_at_10_percent": 0.0,
    "precision_at_20_percent": 0.0,
    "precision_at_30_percent": 0.0,
    "precision_at_40_percent": 0.0,
    "precision_at_50_percent": 0.0,
    "precision_at_60_percent": 0.0,
    "precision_at_70_percent": 0.0,
    "precision_at_80_percent": 0.0,
    "precision_at_90_percent": 0.0,
    "recall_at_sizeof_ground_truth": 0.0
  },
  "run_times": {
    "total_time": 19.483062788000097,
    "algorithm_time": 19.482877266000287
  }
}