{
  "name": "prospect_vertical_70_ac5_ev__Cupid{'leaf_w_struct': 0.2, 'w_struct': 0, 'th_accept': 0.6, 'th_high': 0.6, 'th_low': 0.35, 'c_inc': 1.2, 'c_dec': 0.9, 'th_ns': 0.5}",
  "matches": {
    "(('prospect_vertical_70_ac5_ev_source', 'MiddleInitial'), ('prospect_vertical_70_ac5_ev_target', 'prospect_g'))": 0.7256944444444444,
    "(('prospect_vertical_70_ac5_ev_source', 'NumberCreditCards'), ('prospect_vertical_70_ac5_ev_target', 'prospect_g'))": 0.7063157894736841,
    "(('prospect_vertical_70_ac5_ev_source', 'AgencyID'), ('prospect_vertical_70_ac5_ev_target', 'prospect_ct'))": 0.6963141025641026,
    "(('prospect_vertical_70_ac5_ev_source', 'City'), ('prospect_vertical_70_ac5_ev_target', 'prospect_ct'))": 0.6518518518518519,
    "(('prospect_vertical_70_ac5_ev_source', 'NumberCars'), ('prospect_vertical_70_ac5_ev_target', 'prospect_g'))": 0.6359649122807017,
    "(('prospect_vertical_70_ac5_ev_source', 'Country'), ('prospect_vertical_70_ac5_ev_target', 'prospect_ct'))": 0.6303418803418803,
    "(('prospect_vertical_70_ac5_ev_source', 'CreditRating'), ('prospect_vertical_70_ac5_ev_target', 'prospect_g'))": 0.6277777777777778,
    "(('prospect_vertical_70_ac5_ev_source', 'State'), ('prospect_vertical_70_ac5_ev_target', 'prospect_stt'))": 0.611111111111111
  },
  "metrics": {
    "precision": 0.0,
    "recall": 0.0,
    "f1_score": 0,
    "precision_at_10_percent": 0.0,
    "precision_at_20_percent": 0.0,
    "precision_at_30_percent": 0.0,
    "precision_at_40_percent": 0.25,
    "precision_at_50_percent": 0.25,
    "precision_at_60_percent": 0.2,
    "precision_at_70_percent": 0.16666666666666666,
    "precision_at_80_percent": 0.14285714285714285,
    "precision_at_90_percent": 0.25,
    "recall_at_sizeof_ground_truth": 0.13333333333333333
  },
  "run_times": {
    "total_time": 18.133142100999976,
    "algorithm_time": 18.132940933999635
  }
}