{
  "name": "prospect_horizontal_100_ac3_av__Cupid{'leaf_w_struct': 0.2, 'w_struct': 0.2, 'th_accept': 0.8, 'th_high': 0.6, 'th_low': 0.35, 'c_inc': 1.2, 'c_dec': 0.9, 'th_ns': 0.5}",
  "matches": {
    "(('prospect_horizontal_100_ac3_av_source', 'City'), ('prospect_horizontal_100_ac3_av_target', 'ct'))": 0.8222222222222222
  },
  "metrics": {
    "precision": 1.0,
    "recall": 0.045454545454545456,
    "f1_score": 0.08695652173913045,
    "precision_at_10_percent": 1.0,
    "precision_at_20_percent": 1.0,
    "precision_at_30_percent": 1.0,
    "precision_at_40_percent": 1.0,
    "precision_at_50_percent": 1.0,
    "precision_at_60_percent": 1.0,
    "precision_at_70_percent": 1.0,
    "precision_at_80_percent": 1.0,
    "precision_at_90_percent": 1.0,
    "recall_at_sizeof_ground_truth": 0.045454545454545456
  },
  "run_times": {
    "total_time": 8.323147175000486,
    "algorithm_time": 8.322954776998813
  }
}