{
  "name": "assays_vertical_1_ac2_ev__Cupid{'leaf_w_struct': 0.4, 'w_struct': 0.4, 'th_accept': 0.5, 'th_high': 0.6, 'th_low': 0.35, 'c_inc': 1.2, 'c_dec': 0.9, 'th_ns': 0.5}",
  "matches": {
    "(('assays_vertical_1_ac2_ev_source', 'assay_id'), ('assays_vertical_1_ac2_ev_target', 'ASSI'))": 0.6799999999999999,
    "(('assays_vertical_1_ac2_ev_source', 'assay_id'), ('assays_vertical_1_ac2_ev_target', 'CI'))": 0.5800000000000001,
    "(('assays_vertical_1_ac2_ev_source', 'description'), ('assays_vertical_1_ac2_ev_target', 'RELATIT'))": 0.5636363636363636,
    "(('assays_vertical_1_ac2_ev_source', 'doc_id'), ('assays_vertical_1_ac2_ev_target', 'CI'))": 0.5380952380952382,
    "(('assays_vertical_1_ac2_ev_source', 'assay_id'), ('assays_vertical_1_ac2_ev_target', 'TII'))": 0.5333333333333334,
    "(('assays_vertical_1_ac2_ev_source', 'doc_id'), ('assays_vertical_1_ac2_ev_target', 'TII'))": 0.5333333333333334,
    "(('assays_vertical_1_ac2_ev_source', 'assay_organism'), ('assays_vertical_1_ac2_ev_target', 'RELATIT'))": 0.5285714285714286,
    "(('assays_vertical_1_ac2_ev_source', 'assay_category'), ('assays_vertical_1_ac2_ev_target', 'CHEI'))": 0.525,
    "(('assays_vertical_1_ac2_ev_source', 'assay_strain'), ('assays_vertical_1_ac2_ev_target', 'RELATIT'))": 0.5142857142857143
  },
  "metrics": {
    "precision": 0.3333333333333333,
    "recall": 1.0,
    "f1_score": 0.5,
    "precision_at_10_percent": 1.0,
    "precision_at_20_percent": 0.5,
    "precision_at_30_percent": 0.3333333333333333,
    "precision_at_40_percent": 0.25,
    "precision_at_50_percent": 0.2,
    "precision_at_60_percent": 0.16666666666666666,
    "precision_at_70_percent": 0.14285714285714285,
    "precision_at_80_percent": 0.125,
    "precision_at_90_percent": 0.1111111111111111,
    "recall_at_sizeof_ground_truth": 1.0
  },
  "run_times": {
    "total_time": 6.31627034200028,
    "algorithm_time": 6.316105883999626
  }
}