{
  "name": "assays_both_50_50_ac5_av__Cupid{'leaf_w_struct': 0.4, 'w_struct': 0.2, 'th_accept': 0.8, 'th_high': 0.6, 'th_low': 0.35, 'c_inc': 1.2, 'c_dec': 0.9, 'th_ns': 0.5}",
  "matches": {
    "(('assays_both_50_50_ac5_av_source', 'src_assay_id'), ('assays_both_50_50_ac5_av_target', 'assays_src_ss_d'))": 0.886060606060606,
    "(('assays_both_50_50_ac5_av_source', 'src_id'), ('assays_both_50_50_ac5_av_target', 'assays_src_d'))": 0.8400000000000001,
    "(('assays_both_50_50_ac5_av_source', 'assay_test_type'), ('assays_both_50_50_ac5_av_target', 'assays_ss_tst_tp'))": 0.8386554621848739,
    "(('assays_both_50_50_ac5_av_source', 'assay_cell_type'), ('assays_both_50_50_ac5_av_target', 'assays_ss_tss'))": 0.8344226579520697,
    "(('assays_both_50_50_ac5_av_source', 'assay_strain'), ('assays_both_50_50_ac5_av_target', 'assays_ss_strn'))": 0.8323707664884135,
    "(('assays_both_50_50_ac5_av_source', 'assay_id'), ('assays_both_50_50_ac5_av_target', 'assays_ss_d'))": 0.8290909090909091,
    "(('assays_both_50_50_ac5_av_source', 'assay_type'), ('assays_both_50_50_ac5_av_target', 'assays_src_ss_d'))": 0.8155294117647058,
    "(('assays_both_50_50_ac5_av_source', 'assay_type'), ('assays_both_50_50_ac5_av_target', 'assays_ss_strn'))": 0.8155294117647058,
    "(('assays_both_50_50_ac5_av_source', 'assay_id'), ('assays_both_50_50_ac5_av_target', 'assays_tss_d'))": 0.8141176470588236,
    "(('assays_both_50_50_ac5_av_source', 'assay_cell_type'), ('assays_both_50_50_ac5_av_target', 'assays_ss_cll_tp'))": 0.8072829131652661,
    "(('assays_both_50_50_ac5_av_source', 'assay_type'), ('assays_both_50_50_ac5_av_target', 'assays_ss_tss'))": 0.8000871459694989
  },
  "metrics": {
    "precision": 0.8333333333333334,
    "recall": 0.45454545454545453,
    "f1_score": 0.5882352941176471,
    "precision_at_10_percent": 1.0,
    "precision_at_20_percent": 1.0,
    "precision_at_30_percent": 0.75,
    "precision_at_40_percent": 0.8,
    "precision_at_50_percent": 0.8333333333333334,
    "precision_at_60_percent": 0.7142857142857143,
    "precision_at_70_percent": 0.625,
    "precision_at_80_percent": 0.5555555555555556,
    "precision_at_90_percent": 0.6,
    "recall_at_sizeof_ground_truth": 0.5454545454545454
  },
  "run_times": {
    "total_time": 11.385492329999579,
    "algorithm_time": 11.385316926999622
  }
}