{
  "name": "miller2_vertical_1_ac2_ev__Cupid{'leaf_w_struct': 0, 'w_struct': 0.2, 'th_accept': 0.6, 'th_high': 0.6, 'th_low': 0.35, 'c_inc': 1.2, 'c_dec': 0.9, 'th_ns': 0.5}",
  "matches": {
    "(('miller2_vertical_1_ac2_ev_source', 'PBA type'), ('miller2_vertical_1_ac2_ev_target', 'CoReN'))": 0.8980392156862746,
    "(('miller2_vertical_1_ac2_ev_source', 'PBA type'), ('miller2_vertical_1_ac2_ev_target', 'ConN'))": 0.8910216718266255,
    "(('miller2_vertical_1_ac2_ev_source', 'Section ID'), ('miller2_vertical_1_ac2_ev_target', 'CoReN'))": 0.8266666666666667,
    "(('miller2_vertical_1_ac2_ev_source', 'CIDA business delivery model (old)'), ('miller2_vertical_1_ac2_ev_target', 'ConN'))": 0.822890559732665,
    "(('miller2_vertical_1_ac2_ev_source', 'CIDA business delivery model (old)'), ('miller2_vertical_1_ac2_ev_target', 'CoReN'))": 0.7899319727891156,
    "(('miller2_vertical_1_ac2_ev_source', 'Project number'), ('miller2_vertical_1_ac2_ev_target', 'ConN'))": 0.7866666666666666,
    "(('miller2_vertical_1_ac2_ev_source', 'Section ID'), ('miller2_vertical_1_ac2_ev_target', 'CoRegID'))": 0.7809747899159665,
    "(('miller2_vertical_1_ac2_ev_source', 'Fiscal year'), ('miller2_vertical_1_ac2_ev_target', 'ConN'))": 0.7706293706293708,
    "(('miller2_vertical_1_ac2_ev_source', 'Fiscal year'), ('miller2_vertical_1_ac2_ev_target', 'CoReN'))": 0.7662337662337662,
    "(('miller2_vertical_1_ac2_ev_source', 'Branch ID'), ('miller2_vertical_1_ac2_ev_target', 'CoRegID'))": 0.7659607843137255,
    "(('miller2_vertical_1_ac2_ev_source', 'Division ID'), ('miller2_vertical_1_ac2_ev_target', 'CoRegID'))": 0.764,
    "(('miller2_vertical_1_ac2_ev_source', 'Fund centre ID'), ('miller2_vertical_1_ac2_ev_target', 'SecID'))": 0.7565099915564313,
    "(('miller2_vertical_1_ac2_ev_source', 'Fund centre ID'), ('miller2_vertical_1_ac2_ev_target', 'ContiID'))": 0.747450980392157,
    "(('miller2_vertical_1_ac2_ev_source', 'Section ID'), ('miller2_vertical_1_ac2_ev_target', 'ConN'))": 0.7333333333333334,
    "(('miller2_vertical_1_ac2_ev_source', 'Fund centre name'), ('miller2_vertical_1_ac2_ev_target', 'CoReN'))": 0.7300690640628722,
    "(('miller2_vertical_1_ac2_ev_source', 'Branch ID'), ('miller2_vertical_1_ac2_ev_target', 'CoReN'))": 0.7247058823529413,
    "(('miller2_vertical_1_ac2_ev_source', 'Division ID'), ('miller2_vertical_1_ac2_ev_target', 'CoReN'))": 0.72,
    "(('miller2_vertical_1_ac2_ev_source', 'Section name'), ('miller2_vertical_1_ac2_ev_target', 'CoReN'))": 0.7192982456140351,
    "(('miller2_vertical_1_ac2_ev_source', 'Section ID'), ('miller2_vertical_1_ac2_ev_target', 'OrganiID'))": 0.7176470588235295,
    "(('miller2_vertical_1_ac2_ev_source', 'Branch ID'), ('miller2_vertical_1_ac2_ev_target', 'OrganiID'))": 0.7166666666666666,
    "(('miller2_vertical_1_ac2_ev_source', 'Division ID'), ('miller2_vertical_1_ac2_ev_target', 'OrganiID'))": 0.7125000000000001,
    "(('miller2_vertical_1_ac2_ev_source', 'Section name'), ('miller2_vertical_1_ac2_ev_target', 'ConN'))": 0.7097435897435898,
    "(('miller2_vertical_1_ac2_ev_source', 'Fund centre name'), ('miller2_vertical_1_ac2_ev_target', 'ConN'))": 0.6994188034188034,
    "(('miller2_vertical_1_ac2_ev_source', 'Programming process (new)'), ('miller2_vertical_1_ac2_ev_target', 'ConN'))": 0.6955115060378219,
    "(('miller2_vertical_1_ac2_ev_source', 'Project number'), ('miller2_vertical_1_ac2_ev_target', 'CoReN'))": 0.6889894419306184
  },
  "metrics": {
    "precision": 0.0,
    "recall": 0.0,
    "f1_score": 0,
    "precision_at_10_percent": 0.0,
    "precision_at_20_percent": 0.0,
    "precision_at_30_percent": 0.0,
    "precision_at_40_percent": 0.0,
    "precision_at_50_percent": 0.0,
    "precision_at_60_percent": 0.0,
    "precision_at_70_percent": 0.0,
    "precision_at_80_percent": 0.0,
    "precision_at_90_percent": 0.0,
    "recall_at_sizeof_ground_truth": 0.0
  },
  "run_times": {
    "total_time": 14.534104909999769,
    "algorithm_time": 14.533919190999768
  }
}