{
  "name": "miller2_both_50_50_ac4_av__Cupid{'leaf_w_struct': 0, 'w_struct': 0, 'th_accept': 0.6, 'th_high': 0.6, 'th_low': 0.35, 'c_inc': 1.2, 'c_dec': 0.9, 'th_ns': 0.5}",
  "matches": {
    "(('miller2_both_50_50_ac4_av_source', 'Organisation ID'), ('miller2_both_50_50_ac4_av_target', 'miller2_SectID'))": 0.7362637362637362,
    "(('miller2_both_50_50_ac4_av_source', 'CountryRegion ID'), ('miller2_both_50_50_ac4_av_target', 'miller2_CoRegID'))": 0.7124716553287982,
    "(('miller2_both_50_50_ac4_av_source', 'CountryRegion ID'), ('miller2_both_50_50_ac4_av_target', 'miller2_SectID'))": 0.7020502645502644,
    "(('miller2_both_50_50_ac4_av_source', 'Section ID'), ('miller2_both_50_50_ac4_av_target', 'miller2_SectID'))": 0.6952380952380952,
    "(('miller2_both_50_50_ac4_av_source', 'CIDA business delivery model (old)'), ('miller2_both_50_50_ac4_av_target', 'miller2_SectN'))": 0.6867559523809522,
    "(('miller2_both_50_50_ac4_av_source', 'Division ID'), ('miller2_both_50_50_ac4_av_target', 'miller2_SectID'))": 0.6785714285714286,
    "(('miller2_both_50_50_ac4_av_source', 'Fiscal year'), ('miller2_both_50_50_ac4_av_target', 'miller2_SectN'))": 0.6747252747252748,
    "(('miller2_both_50_50_ac4_av_source', 'PBA type'), ('miller2_both_50_50_ac4_av_target', 'miller2_SectN'))": 0.6712992889463477,
    "(('miller2_both_50_50_ac4_av_source', 'Branch ID'), ('miller2_both_50_50_ac4_av_target', 'miller2_SectID'))": 0.6638655462184875,
    "(('miller2_both_50_50_ac4_av_source', 'CountryRegion ID'), ('miller2_both_50_50_ac4_av_target', 'miller2_ProjBrCoID'))": 0.6567460317460317,
    "(('miller2_both_50_50_ac4_av_source', 'Organisation type'), ('miller2_both_50_50_ac4_av_target', 'miller2_SectN'))": 0.6537707390648567,
    "(('miller2_both_50_50_ac4_av_source', 'Continent ID'), ('miller2_both_50_50_ac4_av_target', 'miller2_ContID'))": 0.6507936507936508,
    "(('miller2_both_50_50_ac4_av_source', 'Organisation ID'), ('miller2_both_50_50_ac4_av_target', 'miller2_ProjBrCoID'))": 0.646232339089482,
    "(('miller2_both_50_50_ac4_av_source', 'Organisation ID'), ('miller2_both_50_50_ac4_av_target', 'miller2_OrganiID'))": 0.6428571428571429,
    "(('miller2_both_50_50_ac4_av_source', 'Organisation ID'), ('miller2_both_50_50_ac4_av_target', 'miller2_CoRegID'))": 0.63015873015873,
    "(('miller2_both_50_50_ac4_av_source', 'Section ID'), ('miller2_both_50_50_ac4_av_target', 'miller2_CoRegID'))": 0.6289915966386556,
    "(('miller2_both_50_50_ac4_av_source', 'Bilateral aid (international marker)'), ('miller2_both_50_50_ac4_av_target', 'miller2_KnoFDevel'))": 0.6263888888888889,
    "(('miller2_both_50_50_ac4_av_source', 'CountryRegion ID'), ('miller2_both_50_50_ac4_av_target', 'miller2_OrganiID'))": 0.6256613756613757,
    "(('miller2_both_50_50_ac4_av_source', 'CountryRegion ID'), ('miller2_both_50_50_ac4_av_target', 'miller2_DiID'))": 0.6256613756613757,
    "(('miller2_both_50_50_ac4_av_source', 'CountryRegion name'), ('miller2_both_50_50_ac4_av_target', 'miller2_OrganCl'))": 0.6243625655390362,
    "(('miller2_both_50_50_ac4_av_source', 'Division ID'), ('miller2_both_50_50_ac4_av_target', 'miller2_ProjBrCoID'))": 0.6239795918367347,
    "(('miller2_both_50_50_ac4_av_source', 'CountryRegion ID'), ('miller2_both_50_50_ac4_av_target', 'miller2_CoReNa'))": 0.6201058201058202,
    "(('miller2_both_50_50_ac4_av_source', 'Participatory development and good governance'), ('miller2_both_50_50_ac4_av_target', 'miller2_KnoFDevel'))": 0.6193181818181819,
    "(('miller2_both_50_50_ac4_av_source', 'CIDA business delivery model (old)'), ('miller2_both_50_50_ac4_av_target', 'miller2_ConN'))": 0.6169642857142856,
    "(('miller2_both_50_50_ac4_av_source', 'Division ID'), ('miller2_both_50_50_ac4_av_target', 'miller2_DiID'))": 0.6160714285714286,
    "(('miller2_both_50_50_ac4_av_source', 'Section ID'), ('miller2_both_50_50_ac4_av_target', 'miller2_ProjBrCoID'))": 0.615326130452181,
    "(('miller2_both_50_50_ac4_av_source', 'Branch ID'), ('miller2_both_50_50_ac4_av_target', 'miller2_CoRegID'))": 0.6133520074696546,
    "(('miller2_both_50_50_ac4_av_source', 'Division ID'), ('miller2_both_50_50_ac4_av_target', 'miller2_CoRegID'))": 0.6113095238095237,
    "(('miller2_both_50_50_ac4_av_source', 'CountryRegion name'), ('miller2_both_50_50_ac4_av_target', 'miller2_CoRegID'))": 0.6106337271750805,
    "(('miller2_both_50_50_ac4_av_source', 'Division name'), ('miller2_both_50_50_ac4_av_target', 'miller2_OrganCl'))": 0.6005656108597285
  },
  "metrics": {
    "precision": 0.5,
    "recall": 0.08,
    "f1_score": 0.13793103448275865,
    "precision_at_10_percent": 0.3333333333333333,
    "precision_at_20_percent": 0.3333333333333333,
    "precision_at_30_percent": 0.2222222222222222,
    "precision_at_40_percent": 0.25,
    "precision_at_50_percent": 0.26666666666666666,
    "precision_at_60_percent": 0.2222222222222222,
    "precision_at_70_percent": 0.19047619047619047,
    "precision_at_80_percent": 0.16666666666666666,
    "precision_at_90_percent": 0.18518518518518517,
    "recall_at_sizeof_ground_truth": 0.2
  },
  "run_times": {
    "total_time": 20.18944960999943,
    "algorithm_time": 20.189226138001686
  }
}