{
  "name": "miller2_horizontal_100_ac2_ev__Cupid{'leaf_w_struct': 0, 'w_struct': 0.4, 'th_accept': 0.7, 'th_high': 0.6, 'th_low': 0.35, 'c_inc': 1.2, 'c_dec': 0.9, 'th_ns': 0.5}",
  "matches": {
    "(('miller2_horizontal_100_ac2_ev_source', 'Continent ID'), ('miller2_horizontal_100_ac2_ev_target', 'FCenID'))": 0.9400000000000001,
    "(('miller2_horizontal_100_ac2_ev_source', 'Organisation ID'), ('miller2_horizontal_100_ac2_ev_target', 'SectID'))": 0.9307692307692308,
    "(('miller2_horizontal_100_ac2_ev_source', 'Section ID'), ('miller2_horizontal_100_ac2_ev_target', 'SectID'))": 0.8999999999999999,
    "(('miller2_horizontal_100_ac2_ev_source', 'Organisation sub-class'), ('miller2_horizontal_100_ac2_ev_target', 'SecN'))": 0.8999999999999999,
    "(('miller2_horizontal_100_ac2_ev_source', 'CountryRegion ID'), ('miller2_horizontal_100_ac2_ev_target', 'SectID'))": 0.8883333333333334,
    "(('miller2_horizontal_100_ac2_ev_source', 'Division ID'), ('miller2_horizontal_100_ac2_ev_target', 'SectID'))": 0.8875,
    "(('miller2_horizontal_100_ac2_ev_source', 'CountryRegion ID'), ('miller2_horizontal_100_ac2_ev_target', 'CounReID'))": 0.881904761904762,
    "(('miller2_horizontal_100_ac2_ev_source', 'Branch ID'), ('miller2_horizontal_100_ac2_ev_target', 'BraID'))": 0.8764705882352941,
    "(('miller2_horizontal_100_ac2_ev_source', 'Branch ID'), ('miller2_horizontal_100_ac2_ev_target', 'SectID'))": 0.8764705882352941,
    "(('miller2_horizontal_100_ac2_ev_source', 'Organisation type'), ('miller2_horizontal_100_ac2_ev_target', 'SecN'))": 0.8735294117647059,
    "(('miller2_horizontal_100_ac2_ev_source', 'Continent name'), ('miller2_horizontal_100_ac2_ev_target', 'ConN'))": 0.8673076923076923,
    "(('miller2_horizontal_100_ac2_ev_source', 'Continent ID'), ('miller2_horizontal_100_ac2_ev_target', 'ContiID'))": 0.8666666666666667,
    "(('miller2_horizontal_100_ac2_ev_source', 'CountryRegion ID'), ('miller2_horizontal_100_ac2_ev_target', 'BraID'))": 0.8647619047619048,
    "(('miller2_horizontal_100_ac2_ev_source', 'Fiscal year'), ('miller2_horizontal_100_ac2_ev_target', 'SecN'))": 0.8636363636363636,
    "(('miller2_horizontal_100_ac2_ev_source', 'Continent name'), ('miller2_horizontal_100_ac2_ev_target', 'SecN'))": 0.8615384615384616,
    "(('miller2_horizontal_100_ac2_ev_source', 'Division ID'), ('miller2_horizontal_100_ac2_ev_target', 'DivID'))": 0.859375,
    "(('miller2_horizontal_100_ac2_ev_source', 'CountryRegion ID'), ('miller2_horizontal_100_ac2_ev_target', 'DivID'))": 0.8533333333333334,
    "(('miller2_horizontal_100_ac2_ev_source', 'Section ID'), ('miller2_horizontal_100_ac2_ev_target', 'BraID'))": 0.8525210084033614,
    "(('miller2_horizontal_100_ac2_ev_source', 'Participatory development and good governance'), ('miller2_horizontal_100_ac2_ev_target', 'FCenID'))": 0.8521772345301757,
    "(('miller2_horizontal_100_ac2_ev_source', 'Organisation ID'), ('miller2_horizontal_100_ac2_ev_target', 'OrgID'))": 0.8482142857142856,
    "(('miller2_horizontal_100_ac2_ev_source', 'Continent name'), ('miller2_horizontal_100_ac2_ev_target', 'FCenNa'))": 0.8424175824175824,
    "(('miller2_horizontal_100_ac2_ev_source', 'Participatory development and good governance'), ('miller2_horizontal_100_ac2_ev_target', 'PartDevAnGGove'))": 0.8414141414141415,
    "(('miller2_horizontal_100_ac2_ev_source', 'FSTC percent'), ('miller2_horizontal_100_ac2_ev_target', 'FSTCPer'))": 0.8392857142857142,
    "(('miller2_horizontal_100_ac2_ev_source', 'IRTC percent'), ('miller2_horizontal_100_ac2_ev_target', 'IRTCPer'))": 0.8392857142857142,
    "(('miller2_horizontal_100_ac2_ev_source', 'CountryRegion ID'), ('miller2_horizontal_100_ac2_ev_target', 'OrgID'))": 0.839047619047619,
    "(('miller2_horizontal_100_ac2_ev_source', 'Section ID'), ('miller2_horizontal_100_ac2_ev_target', 'DivID'))": 0.838235294117647,
    "(('miller2_horizontal_100_ac2_ev_source', 'Project number'), ('miller2_horizontal_100_ac2_ev_target', 'BraID'))": 0.8374999999999999,
    "(('miller2_horizontal_100_ac2_ev_source', 'Organisation ID'), ('miller2_horizontal_100_ac2_ev_target', 'DivID'))": 0.8357142857142856,
    "(('miller2_horizontal_100_ac2_ev_source', 'Sector ID'), ('miller2_horizontal_100_ac2_ev_target', 'SeID'))": 0.8333333333333333,
    "(('miller2_horizontal_100_ac2_ev_source', 'Organisation ID'), ('miller2_horizontal_100_ac2_ev_target', 'BraID'))": 0.8330827067669173,
    "(('miller2_horizontal_100_ac2_ev_source', 'Fund centre ID'), ('miller2_horizontal_100_ac2_ev_target', 'FCenID'))": 0.8266806722689075,
    "(('miller2_horizontal_100_ac2_ev_source', 'Bilateral aid (international marker)'), ('miller2_horizontal_100_ac2_ev_target', 'PartDevAnGGove'))": 0.8254524886877828,
    "(('miller2_horizontal_100_ac2_ev_source', 'PBA type'), ('miller2_horizontal_100_ac2_ev_target', 'ConN'))": 0.8235294117647058,
    "(('miller2_horizontal_100_ac2_ev_source', 'PBA type'), ('miller2_horizontal_100_ac2_ev_target', 'SecN'))": 0.8235294117647058,
    "(('miller2_horizontal_100_ac2_ev_source', 'CIDA business delivery model (old)'), ('miller2_horizontal_100_ac2_ev_target', 'SecN'))": 0.8232893157262904,
    "(('miller2_horizontal_100_ac2_ev_source', 'CountryRegion name'), ('miller2_horizontal_100_ac2_ev_target', 'OrganS'))": 0.8225490196078431,
    "(('miller2_horizontal_100_ac2_ev_source', 'Division ID'), ('miller2_horizontal_100_ac2_ev_target', 'BraID'))": 0.8223684210526316,
    "(('miller2_horizontal_100_ac2_ev_source', 'Project Browser country ID'), ('miller2_horizontal_100_ac2_ev_target', 'SectID'))": 0.8218567251461988,
    "(('miller2_horizontal_100_ac2_ev_source', 'Section ID'), ('miller2_horizontal_100_ac2_ev_target', 'CounReID'))": 0.8203781512605042
  },
  "metrics": {
    "precision": 0.5,
    "recall": 0.058823529411764705,
    "f1_score": 0.10526315789473684,
    "precision_at_10_percent": 0.25,
    "precision_at_20_percent": 0.375,
    "precision_at_30_percent": 0.4166666666666667,
    "precision_at_40_percent": 0.375,
    "precision_at_50_percent": 0.35,
    "precision_at_60_percent": 0.4166666666666667,
    "precision_at_70_percent": 0.35714285714285715,
    "precision_at_80_percent": 0.375,
    "precision_at_90_percent": 0.3333333333333333,
    "recall_at_sizeof_ground_truth": 0.23529411764705882
  },
  "run_times": {
    "total_time": 42.443109621000076,
    "algorithm_time": 42.44286265000028
  }
}