{
  "name": "miller2_vertical_50_ac3_av__Cupid{'leaf_w_struct': 0.6, 'w_struct': 0.4, 'th_accept': 0.7, 'th_high': 0.6, 'th_low': 0.35, 'c_inc': 1.2, 'c_dec': 0.9, 'th_ns': 0.5}",
  "matches": {
    "(('miller2_vertical_50_ac3_av_source', 'CFLI (marker)'), ('miller2_vertical_50_ac3_av_target', 'cfl(mrkr)'))": 0.775
  },
  "metrics": {
    "precision": 1.0,
    "recall": 0.04,
    "f1_score": 0.07692307692307693,
    "precision_at_10_percent": 1.0,
    "precision_at_20_percent": 1.0,
    "precision_at_30_percent": 1.0,
    "precision_at_40_percent": 1.0,
    "precision_at_50_percent": 1.0,
    "precision_at_60_percent": 1.0,
    "precision_at_70_percent": 1.0,
    "precision_at_80_percent": 1.0,
    "precision_at_90_percent": 1.0,
    "recall_at_sizeof_ground_truth": 0.04
  },
  "run_times": {
    "total_time": 14.091337357000157,
    "algorithm_time": 14.091119716000321
  }
}