{
  "name": "miller2_vertical_1_ac2_ev__Cupid{'leaf_w_struct': 0.2, 'w_struct': 0.6, 'th_accept': 0.7, 'th_high': 0.6, 'th_low': 0.35, 'c_inc': 1.2, 'c_dec': 0.9, 'th_ns': 0.5}",
  "matches": {
    "(('miller2_vertical_1_ac2_ev_source', 'Branch ID'), ('miller2_vertical_1_ac2_ev_target', 'CoReN'))": 0.9270588235294117,
    "(('miller2_vertical_1_ac2_ev_source', 'Section ID'), ('miller2_vertical_1_ac2_ev_target', 'CoReN'))": 0.9133333333333333,
    "(('miller2_vertical_1_ac2_ev_source', 'CIDA business delivery model (old)'), ('miller2_vertical_1_ac2_ev_target', 'ConN'))": 0.9114452798663325,
    "(('miller2_vertical_1_ac2_ev_source', 'CIDA business delivery model (old)'), ('miller2_vertical_1_ac2_ev_target', 'CoReN'))": 0.8949659863945578,
    "(('miller2_vertical_1_ac2_ev_source', 'Project number'), ('miller2_vertical_1_ac2_ev_target', 'ConN'))": 0.8933333333333333,
    "(('miller2_vertical_1_ac2_ev_source', 'Section ID'), ('miller2_vertical_1_ac2_ev_target', 'CoRegID'))": 0.8904873949579832,
    "(('miller2_vertical_1_ac2_ev_source', 'Fiscal year'), ('miller2_vertical_1_ac2_ev_target', 'ConN'))": 0.8853146853146854,
    "(('miller2_vertical_1_ac2_ev_source', 'Fiscal year'), ('miller2_vertical_1_ac2_ev_target', 'CoReN'))": 0.8831168831168831,
    "(('miller2_vertical_1_ac2_ev_source', 'Branch ID'), ('miller2_vertical_1_ac2_ev_target', 'CoRegID'))": 0.8829803921568626,
    "(('miller2_vertical_1_ac2_ev_source', 'PBA type'), ('miller2_vertical_1_ac2_ev_target', 'ConN'))": 0.8823529411764706,
    "(('miller2_vertical_1_ac2_ev_source', 'PBA type'), ('miller2_vertical_1_ac2_ev_target', 'CoReN'))": 0.8823529411764706,
    "(('miller2_vertical_1_ac2_ev_source', 'Division ID'), ('miller2_vertical_1_ac2_ev_target', 'CoRegID'))": 0.8819999999999999,
    "(('miller2_vertical_1_ac2_ev_source', 'Fund centre ID'), ('miller2_vertical_1_ac2_ev_target', 'SecID'))": 0.8782549957782155,
    "(('miller2_vertical_1_ac2_ev_source', 'Branch ID'), ('miller2_vertical_1_ac2_ev_target', 'ConN'))": 0.8777777777777778,
    "(('miller2_vertical_1_ac2_ev_source', 'Fund centre ID'), ('miller2_vertical_1_ac2_ev_target', 'ContiID'))": 0.8737254901960785,
    "(('miller2_vertical_1_ac2_ev_source', 'Branch name'), ('miller2_vertical_1_ac2_ev_target', 'CoReN'))": 0.8733746130030959,
    "(('miller2_vertical_1_ac2_ev_source', 'Section ID'), ('miller2_vertical_1_ac2_ev_target', 'ConN'))": 0.8666666666666667,
    "(('miller2_vertical_1_ac2_ev_source', 'Branch name'), ('miller2_vertical_1_ac2_ev_target', 'ConN'))": 0.8659829059829061,
    "(('miller2_vertical_1_ac2_ev_source', 'Fund centre name'), ('miller2_vertical_1_ac2_ev_target', 'CoReN'))": 0.8650345320314361,
    "(('miller2_vertical_1_ac2_ev_source', 'Division ID'), ('miller2_vertical_1_ac2_ev_target', 'CoReN'))": 0.86,
    "(('miller2_vertical_1_ac2_ev_source', 'Section name'), ('miller2_vertical_1_ac2_ev_target', 'CoReN'))": 0.8596491228070176,
    "(('miller2_vertical_1_ac2_ev_source', 'Section ID'), ('miller2_vertical_1_ac2_ev_target', 'OrganiID'))": 0.8588235294117648,
    "(('miller2_vertical_1_ac2_ev_source', 'Branch ID'), ('miller2_vertical_1_ac2_ev_target', 'OrganiID'))": 0.8583333333333333,
    "(('miller2_vertical_1_ac2_ev_source', 'Division ID'), ('miller2_vertical_1_ac2_ev_target', 'OrganiID'))": 0.85625,
    "(('miller2_vertical_1_ac2_ev_source', 'Section name'), ('miller2_vertical_1_ac2_ev_target', 'ConN'))": 0.8548717948717948,
    "(('miller2_vertical_1_ac2_ev_source', 'Programming process (new)'), ('miller2_vertical_1_ac2_ev_target', 'ConN'))": 0.8534335839598997
  },
  "metrics": {
    "precision": 0.0,
    "recall": 0.0,
    "f1_score": 0,
    "precision_at_10_percent": 0.0,
    "precision_at_20_percent": 0.0,
    "precision_at_30_percent": 0.0,
    "precision_at_40_percent": 0.0,
    "precision_at_50_percent": 0.0,
    "precision_at_60_percent": 0.0,
    "precision_at_70_percent": 0.0,
    "precision_at_80_percent": 0.0,
    "precision_at_90_percent": 0.0,
    "recall_at_sizeof_ground_truth": 0.0
  },
  "run_times": {
    "total_time": 16.31078874800005,
    "algorithm_time": 16.310588374999497
  }
}