{
  "name": "miller2_horizontal_100_ac5_av__Cupid{'leaf_w_struct': 0.4, 'w_struct': 0, 'th_accept': 0.5, 'th_high': 0.6, 'th_low': 0.35, 'c_inc': 1.2, 'c_dec': 0.9, 'th_ns': 0.5}",
  "matches": {
    "(('miller2_horizontal_100_ac5_av_source', 'CFLI (marker)'), ('miller2_horizontal_100_ac5_av_target', 'miller2_cfl(mrkr)'))": 0.5857142857142857,
    "(('miller2_horizontal_100_ac5_av_source', 'Youth issues (marker)'), ('miller2_horizontal_100_ac5_av_target', 'miller2_thsss(mrkr)'))": 0.5158730158730159
  },
  "metrics": {
    "precision": 1.0,
    "recall": 0.0392156862745098,
    "f1_score": 0.07547169811320754,
    "precision_at_10_percent": 1.0,
    "precision_at_20_percent": 1.0,
    "precision_at_30_percent": 1.0,
    "precision_at_40_percent": 1.0,
    "precision_at_50_percent": 1.0,
    "precision_at_60_percent": 1.0,
    "precision_at_70_percent": 1.0,
    "precision_at_80_percent": 1.0,
    "precision_at_90_percent": 1.0,
    "recall_at_sizeof_ground_truth": 0.0392156862745098
  },
  "run_times": {
    "total_time": 19.559021308999945,
    "algorithm_time": 19.558769531000053
  }
}