{
  "name": "miller2_both_50_30_ac3_av__Cupid{'leaf_w_struct': 0, 'w_struct': 0.4, 'th_accept': 0.4, 'th_high': 0.6, 'th_low': 0.35, 'c_inc': 1.2, 'c_dec': 0.9, 'th_ns': 0.5}",
  "matches": {
    "(('miller2_both_50_30_ac3_av_source', 'CFLI (marker)'), ('miller2_both_50_30_ac3_av_target', 'cfl(mrkr)'))": 0.775,
    "(('miller2_both_50_30_ac3_av_source', 'Status'), ('miller2_both_50_30_ac3_av_target', 'stts'))": 0.7,
    "(('miller2_both_50_30_ac3_av_source', 'Climate change adaptation (marker)'), ('miller2_both_50_30_ac3_av_target', 'thsss(mrkr)'))": 0.661904761904762,
    "(('miller2_both_50_30_ac3_av_source', 'Climate change mitigation (marker)'), ('miller2_both_50_30_ac3_av_target', 'thsss(mrkr)'))": 0.6507936507936508,
    "(('miller2_both_50_30_ac3_av_source', 'Knowledge for development (marker)'), ('miller2_both_50_30_ac3_av_target', 'thsss(mrkr)'))": 0.6472727272727272,
    "(('miller2_both_50_30_ac3_av_source', 'FSTC percent'), ('miller2_both_50_30_ac3_av_target', 'fstcprcnt'))": 0.6444444444444445,
    "(('miller2_both_50_30_ac3_av_source', 'Desertification (marker)'), ('miller2_both_50_30_ac3_av_target', 'thsss(mrkr)'))": 0.6423076923076924,
    "(('miller2_both_50_30_ac3_av_source', 'Trade development (marker)'), ('miller2_both_50_30_ac3_av_target', 'thsss(mrkr)'))": 0.6415584415584416
  },
  "metrics": {
    "precision": 0.6666666666666666,
    "recall": 0.13333333333333333,
    "f1_score": 0.2222222222222222,
    "precision_at_10_percent": 1.0,
    "precision_at_20_percent": 1.0,
    "precision_at_30_percent": 0.6666666666666666,
    "precision_at_40_percent": 0.5,
    "precision_at_50_percent": 0.5,
    "precision_at_60_percent": 0.4,
    "precision_at_70_percent": 0.5,
    "precision_at_80_percent": 0.42857142857142855,
    "precision_at_90_percent": 0.375,
    "recall_at_sizeof_ground_truth": 0.2
  },
  "run_times": {
    "total_time": 13.432753766002861,
    "algorithm_time": 13.432532286002242
  }
}