{
  "name": "miller2_vertical_50_ac5_av__Cupid{'leaf_w_struct': 0.2, 'w_struct': 0.4, 'th_accept': 0.5, 'th_high': 0.6, 'th_low': 0.35, 'c_inc': 1.2, 'c_dec': 0.9, 'th_ns': 0.5}",
  "matches": {
    "(('miller2_vertical_50_ac5_av_source', 'Youth issues (marker)'), ('miller2_vertical_50_ac5_av_target', 'miller2_thsss(mrkr)'))": 0.7095238095238096,
    "(('miller2_vertical_50_ac5_av_source', 'Climate change adaptation (marker)'), ('miller2_vertical_50_ac5_av_target', 'miller2_thsss(mrkr)'))": 0.6469387755102041,
    "(('miller2_vertical_50_ac5_av_source', 'Children issues (marker)'), ('miller2_vertical_50_ac5_av_target', 'miller2_chldrnsss(mrkr)'))": 0.6460317460317461,
    "(('miller2_vertical_50_ac5_av_source', 'Desertification (marker)'), ('miller2_vertical_50_ac5_av_target', 'miller2_thsss(mrkr)'))": 0.6452747252747253,
    "(('miller2_vertical_50_ac5_av_source', 'Children issues (marker)'), ('miller2_vertical_50_ac5_av_target', 'miller2_thsss(mrkr)'))": 0.6428571428571428,
    "(('miller2_vertical_50_ac5_av_source', 'Bilateral aid (international marker)'), ('miller2_vertical_50_ac5_av_target', 'miller2_thsss(mrkr)'))": 0.6393772893772893,
    "(('miller2_vertical_50_ac5_av_source', 'Branch ID'), ('miller2_vertical_50_ac5_av_target', 'miller2_brnchd'))": 0.6392857142857142,
    "(('miller2_vertical_50_ac5_av_source', 'CFLI (marker)'), ('miller2_vertical_50_ac5_av_target', 'miller2_chldrnsss(mrkr)'))": 0.6380952380952382,
    "(('miller2_vertical_50_ac5_av_source', 'Climate change mitigation (marker)'), ('miller2_vertical_50_ac5_av_target', 'miller2_thsss(mrkr)'))": 0.6375981161695448,
    "(('miller2_vertical_50_ac5_av_source', 'Climate change mitigation (marker)'), ('miller2_vertical_50_ac5_av_target', 'miller2_chldrnsss(mrkr)'))": 0.6295918367346939,
    "(('miller2_vertical_50_ac5_av_source', 'Gender equality (marker)'), ('miller2_vertical_50_ac5_av_target', 'miller2_thsss(mrkr)'))": 0.6288644688644689,
    "(('miller2_vertical_50_ac5_av_source', 'CFLI (marker)'), ('miller2_vertical_50_ac5_av_target', 'miller2_thsss(mrkr)'))": 0.6254945054945055
  },
  "metrics": {
    "precision": 1.0,
    "recall": 0.12,
    "f1_score": 0.21428571428571425,
    "precision_at_10_percent": 0.5,
    "precision_at_20_percent": 0.6666666666666666,
    "precision_at_30_percent": 0.5,
    "precision_at_40_percent": 0.4,
    "precision_at_50_percent": 0.3333333333333333,
    "precision_at_60_percent": 0.375,
    "precision_at_70_percent": 0.3333333333333333,
    "precision_at_80_percent": 0.3,
    "precision_at_90_percent": 0.2727272727272727,
    "recall_at_sizeof_ground_truth": 0.12
  },
  "run_times": {
    "total_time": 13.055376422998961,
    "algorithm_time": 13.055160679999972
  }
}