{
  "name": "miller2_both_50_50_ac1_ev__Cupid{'leaf_w_struct': 0, 'w_struct': 0.6, 'th_accept': 0.8, 'th_high': 0.6, 'th_low': 0.35, 'c_inc': 1.2, 'c_dec': 0.9, 'th_ns': 0.5}",
  "matches": {
    "(('miller2_both_50_50_ac1_ev_source', 'Climate change adaptation (marker)'), ('miller2_both_50_50_ac1_ev_target', 'miller2_ClimateChangeAdaptation(marker)'))": 0.9746031746031746,
    "(('miller2_both_50_50_ac1_ev_source', 'Climate change mitigation (marker)'), ('miller2_both_50_50_ac1_ev_target', 'miller2_ClimateChangeMitigation(marker)'))": 0.9746031746031746,
    "(('miller2_both_50_50_ac1_ev_source', 'Indigenous issues (marker)'), ('miller2_both_50_50_ac1_ev_target', 'miller2_IndigenousIssues(marker)'))": 0.9673469387755103,
    "(('miller2_both_50_50_ac1_ev_source', 'Disability issues (marker)'), ('miller2_both_50_50_ac1_ev_target', 'miller2_DisabilityIssues(marker)'))": 0.9673469387755103,
    "(('miller2_both_50_50_ac1_ev_source', 'Enviromental sustainability (marker)'), ('miller2_both_50_50_ac1_ev_target', 'miller2_EnviromentalSustainability(marker)'))": 0.9673469387755103,
    "(('miller2_both_50_50_ac1_ev_source', 'Regional program (marker)'), ('miller2_both_50_50_ac1_ev_target', 'miller2_RegionalProgram(marker)'))": 0.9673469387755103,
    "(('miller2_both_50_50_ac1_ev_source', 'Maximum CIDA contribution (project-level)'), ('miller2_both_50_50_ac1_ev_target', 'miller2_MaximumCIDAContribution(project-level)'))": 0.9650793650793651,
    "(('miller2_both_50_50_ac1_ev_source', 'Desertification (marker)'), ('miller2_both_50_50_ac1_ev_target', 'miller2_Desertification(marker)'))": 0.9542857142857143,
    "(('miller2_both_50_50_ac1_ev_source', 'CFLI (marker)'), ('miller2_both_50_50_ac1_ev_target', 'miller2_CFLI(marker)'))": 0.9542857142857143,
    "(('miller2_both_50_50_ac1_ev_source', 'Climate change adaptation (marker)'), ('miller2_both_50_50_ac1_ev_target', 'miller2_ClimateChangeMitigation(marker)'))": 0.9512113617376775,
    "(('miller2_both_50_50_ac1_ev_source', 'Climate change mitigation (marker)'), ('miller2_both_50_50_ac1_ev_target', 'miller2_ClimateChangeAdaptation(marker)'))": 0.9512113617376775,
    "(('miller2_both_50_50_ac1_ev_source', 'CountryRegion name'), ('miller2_both_50_50_ac1_ev_target', 'miller2_CountryRegionName'))": 0.9510204081632653,
    "(('miller2_both_50_50_ac1_ev_source', 'Fund centre ID'), ('miller2_both_50_50_ac1_ev_target', 'miller2_FundCentreID'))": 0.9510204081632653,
    "(('miller2_both_50_50_ac1_ev_source', 'CountryRegion percent'), ('miller2_both_50_50_ac1_ev_target', 'miller2_CountryRegionPercent'))": 0.9510204081632653,
    "(('miller2_both_50_50_ac1_ev_source', 'Fiscal year'), ('miller2_both_50_50_ac1_ev_target', 'miller2_FiscalYear'))": 0.9314285714285714,
    "(('miller2_both_50_50_ac1_ev_source', 'Division ID'), ('miller2_both_50_50_ac1_ev_target', 'miller2_DivisionID'))": 0.9314285714285714,
    "(('miller2_both_50_50_ac1_ev_source', 'Division ID'), ('miller2_both_50_50_ac1_ev_target', 'miller2_SectionID'))": 0.9314285714285714,
    "(('miller2_both_50_50_ac1_ev_source', 'Organisation ID'), ('miller2_both_50_50_ac1_ev_target', 'miller2_OrganisationID'))": 0.9314285714285714,
    "(('miller2_both_50_50_ac1_ev_source', 'Organisation class'), ('miller2_both_50_50_ac1_ev_target', 'miller2_OrganisationClass'))": 0.9314285714285714,
    "(('miller2_both_50_50_ac1_ev_source', 'Sector ID'), ('miller2_both_50_50_ac1_ev_target', 'miller2_SectorID'))": 0.9314285714285714,
    "(('miller2_both_50_50_ac1_ev_source', 'IRTC percent'), ('miller2_both_50_50_ac1_ev_target', 'miller2_IRTCPercent'))": 0.9314285714285714,
    "(('miller2_both_50_50_ac1_ev_source', 'Section ID'), ('miller2_both_50_50_ac1_ev_target', 'miller2_DivisionID'))": 0.9314285714285714,
    "(('miller2_both_50_50_ac1_ev_source', 'Section ID'), ('miller2_both_50_50_ac1_ev_target', 'miller2_SectionID'))": 0.9314285714285714,
    "(('miller2_both_50_50_ac1_ev_source', 'Branch ID'), ('miller2_both_50_50_ac1_ev_target', 'miller2_BranchID'))": 0.9314285714285714,
    "(('miller2_both_50_50_ac1_ev_source', 'Division name'), ('miller2_both_50_50_ac1_ev_target', 'miller2_DivisionName'))": 0.9299999999999999,
    "(('miller2_both_50_50_ac1_ev_source', 'Continent name'), ('miller2_both_50_50_ac1_ev_target', 'miller2_ContinentName'))": 0.9288888888888889,
    "(('miller2_both_50_50_ac1_ev_source', 'Trade development (marker)'), ('miller2_both_50_50_ac1_ev_target', 'miller2_KnowledgeForDevelopment(marker)'))": 0.9270871985157699,
    "(('miller2_both_50_50_ac1_ev_source', 'Trade development (marker)'), ('miller2_both_50_50_ac1_ev_target', 'miller2_ClimateChangeAdaptation(marker)'))": 0.9260439560439561,
    "(('miller2_both_50_50_ac1_ev_source', 'PBA type'), ('miller2_both_50_50_ac1_ev_target', 'miller2_PBAType'))": 0.9257142857142857,
    "(('miller2_both_50_50_ac1_ev_source', 'Sector name'), ('miller2_both_50_50_ac1_ev_target', 'miller2_SectorName'))": 0.9257142857142857,
    "(('miller2_both_50_50_ac1_ev_source', 'Section name'), ('miller2_both_50_50_ac1_ev_target', 'miller2_DivisionName'))": 0.9257142857142857,
    "(('miller2_both_50_50_ac1_ev_source', 'Division ID'), ('miller2_both_50_50_ac1_ev_target', 'miller2_BranchID'))": 0.922016806722689,
    "(('miller2_both_50_50_ac1_ev_source', 'Branch ID'), ('miller2_both_50_50_ac1_ev_target', 'miller2_DivisionID'))": 0.922016806722689,
    "(('miller2_both_50_50_ac1_ev_source', 'Section ID'), ('miller2_both_50_50_ac1_ev_target', 'miller2_CountryRegionID'))": 0.9214896214896215,
    "(('miller2_both_50_50_ac1_ev_source', 'Indigenous issues (marker)'), ('miller2_both_50_50_ac1_ev_target', 'miller2_ChildrenIssues(marker)'))": 0.9214822771213749,
    "(('miller2_both_50_50_ac1_ev_source', 'Disability issues (marker)'), ('miller2_both_50_50_ac1_ev_target', 'miller2_ChildrenIssues(marker)'))": 0.9214822771213749
  },
  "metrics": {
    "precision": 1.0,
    "recall": 0.88,
    "f1_score": 0.9361702127659575,
    "precision_at_10_percent": 1.0,
    "precision_at_20_percent": 1.0,
    "precision_at_30_percent": 0.8181818181818182,
    "precision_at_40_percent": 0.8666666666666667,
    "precision_at_50_percent": 0.8333333333333334,
    "precision_at_60_percent": 0.8181818181818182,
    "precision_at_70_percent": 0.8461538461538461,
    "precision_at_80_percent": 0.7931034482758621,
    "precision_at_90_percent": 0.7272727272727273,
    "recall_at_sizeof_ground_truth": 0.84
  },
  "run_times": {
    "total_time": 44.48896321899883,
    "algorithm_time": 44.48873377700147
  }
}