{
  "name": "miller2_both_0_70_ac2_ev__Cupid{'leaf_w_struct': 0, 'w_struct': 0.6, 'th_accept': 0.7, 'th_high': 0.6, 'th_low': 0.35, 'c_inc': 1.2, 'c_dec': 0.9, 'th_ns': 0.5}",
  "matches": {
    "(('miller2_both_0_70_ac2_ev_source', 'Division ID'), ('miller2_both_0_70_ac2_ev_target', 'OrganID'))": 0.9647058823529412,
    "(('miller2_both_0_70_ac2_ev_source', 'Branch ID'), ('miller2_both_0_70_ac2_ev_target', 'OrganID'))": 0.9555555555555555,
    "(('miller2_both_0_70_ac2_ev_source', 'Section ID'), ('miller2_both_0_70_ac2_ev_target', 'OrganID'))": 0.9555555555555555,
    "(('miller2_both_0_70_ac2_ev_source', 'Organisation sub-class'), ('miller2_both_0_70_ac2_ev_target', 'SectN'))": 0.9538461538461538,
    "(('miller2_both_0_70_ac2_ev_source', 'Section ID'), ('miller2_both_0_70_ac2_ev_target', 'SectID'))": 0.9333333333333333,
    "(('miller2_both_0_70_ac2_ev_source', 'PBA type'), ('miller2_both_0_70_ac2_ev_target', 'SectN'))": 0.9285067873303168,
    "(('miller2_both_0_70_ac2_ev_source', 'Division ID'), ('miller2_both_0_70_ac2_ev_target', 'SectID'))": 0.925,
    "(('miller2_both_0_70_ac2_ev_source', 'Fiscal year'), ('miller2_both_0_70_ac2_ev_target', 'SectN'))": 0.9230769230769231,
    "(('miller2_both_0_70_ac2_ev_source', 'Organisation type'), ('miller2_both_0_70_ac2_ev_target', 'SectN'))": 0.9185520361990951,
    "(('miller2_both_0_70_ac2_ev_source', 'Branch ID'), ('miller2_both_0_70_ac2_ev_target', 'BraID'))": 0.9176470588235295,
    "(('miller2_both_0_70_ac2_ev_source', 'Branch ID'), ('miller2_both_0_70_ac2_ev_target', 'SectID'))": 0.9176470588235295,
    "(('miller2_both_0_70_ac2_ev_source', 'Continent ID'), ('miller2_both_0_70_ac2_ev_target', 'ContiID'))": 0.9111111111111111,
    "(('miller2_both_0_70_ac2_ev_source', 'Sector ID'), ('miller2_both_0_70_ac2_ev_target', 'SecID'))": 0.9088888888888889,
    "(('miller2_both_0_70_ac2_ev_source', 'Participatory development and good governance'), ('miller2_both_0_70_ac2_ev_target', 'FCeID'))": 0.9040488922841864,
    "(('miller2_both_0_70_ac2_ev_source', 'Section ID'), ('miller2_both_0_70_ac2_ev_target', 'BraID'))": 0.9016806722689076,
    "(('miller2_both_0_70_ac2_ev_source', 'CountryRegion name'), ('miller2_both_0_70_ac2_ev_target', 'OrganID'))": 0.8933333333333333,
    "(('miller2_both_0_70_ac2_ev_source', 'FSTC percent'), ('miller2_both_0_70_ac2_ev_target', 'FSTCPer'))": 0.8928571428571428,
    "(('miller2_both_0_70_ac2_ev_source', 'Sector ID'), ('miller2_both_0_70_ac2_ev_target', 'FCeID'))": 0.8912820512820512,
    "(('miller2_both_0_70_ac2_ev_source', 'Section ID'), ('miller2_both_0_70_ac2_ev_target', 'CoRegID'))": 0.8904873949579832,
    "(('miller2_both_0_70_ac2_ev_source', 'Branch ID'), ('miller2_both_0_70_ac2_ev_target', 'CoRegID'))": 0.8829803921568626,
    "(('miller2_both_0_70_ac2_ev_source', 'PBA type'), ('miller2_both_0_70_ac2_ev_target', 'ContiN'))": 0.8823529411764706,
    "(('miller2_both_0_70_ac2_ev_source', 'Division ID'), ('miller2_both_0_70_ac2_ev_target', 'CoRegID'))": 0.8819999999999999,
    "(('miller2_both_0_70_ac2_ev_source', 'CountryRegion name'), ('miller2_both_0_70_ac2_ev_target', 'OrganS'))": 0.8816993464052287,
    "(('miller2_both_0_70_ac2_ev_source', 'Division ID'), ('miller2_both_0_70_ac2_ev_target', 'BraID'))": 0.881578947368421
  },
  "metrics": {
    "precision": 0.625,
    "recall": 0.14285714285714285,
    "f1_score": 0.23255813953488372,
    "precision_at_10_percent": 0.0,
    "precision_at_20_percent": 0.2,
    "precision_at_30_percent": 0.125,
    "precision_at_40_percent": 0.2,
    "precision_at_50_percent": 0.25,
    "precision_at_60_percent": 0.26666666666666666,
    "precision_at_70_percent": 0.29411764705882354,
    "precision_at_80_percent": 0.25,
    "precision_at_90_percent": 0.22727272727272727,
    "recall_at_sizeof_ground_truth": 0.14285714285714285
  },
  "run_times": {
    "total_time": 23.999035478000224,
    "algorithm_time": 23.9988006629992
  }
}