{
  "name": "miller2_horizontal_50_ac4_ev__Cupid{'leaf_w_struct': 0, 'w_struct': 0, 'th_accept': 0.7, 'th_high': 0.6, 'th_low': 0.35, 'c_inc': 1.2, 'c_dec': 0.9, 'th_ns': 0.5}",
  "matches": {
    "(('miller2_horizontal_50_ac4_ev_source', 'Sector name'), ('miller2_horizontal_50_ac4_ev_target', 'Sector name'))": 1.0,
    "(('miller2_horizontal_50_ac4_ev_source', 'Organisation name'), ('miller2_horizontal_50_ac4_ev_target', 'Sector name'))": 0.9,
    "(('miller2_horizontal_50_ac4_ev_source', 'CountryRegion name'), ('miller2_horizontal_50_ac4_ev_target', 'Sector name'))": 0.8738461538461539,
    "(('miller2_horizontal_50_ac4_ev_source', 'Division name'), ('miller2_horizontal_50_ac4_ev_target', 'Sector name'))": 0.868421052631579,
    "(('miller2_horizontal_50_ac4_ev_source', 'Section name'), ('miller2_horizontal_50_ac4_ev_target', 'Sector name'))": 0.8627819548872181,
    "(('miller2_horizontal_50_ac4_ev_source', 'Fund centre name'), ('miller2_horizontal_50_ac4_ev_target', 'Sector name'))": 0.8142857142857143,
    "(('miller2_horizontal_50_ac4_ev_source', 'Organisation class'), ('miller2_horizontal_50_ac4_ev_target', 'Sector name'))": 0.7722943722943723,
    "(('miller2_horizontal_50_ac4_ev_source', 'Organisation type'), ('miller2_horizontal_50_ac4_ev_target', 'Sector name'))": 0.7571428571428571,
    "(('miller2_horizontal_50_ac4_ev_source', 'Organisation ID'), ('miller2_horizontal_50_ac4_ev_target', 'miller2_SectID'))": 0.7362637362637362,
    "(('miller2_horizontal_50_ac4_ev_source', 'Organisation ID'), ('miller2_horizontal_50_ac4_ev_target', 'Sector name'))": 0.7293650793650794,
    "(('miller2_horizontal_50_ac4_ev_source', 'CountryRegion ID'), ('miller2_horizontal_50_ac4_ev_target', 'miller2_ProBrCoID'))": 0.7192460317460317,
    "(('miller2_horizontal_50_ac4_ev_source', 'CFLI (marker)'), ('miller2_horizontal_50_ac4_ev_target', 'miller2_CFLI'))": 0.7142857142857143,
    "(('miller2_horizontal_50_ac4_ev_source', 'Continent name'), ('miller2_horizontal_50_ac4_ev_target', 'Sector name'))": 0.7142857142857143,
    "(('miller2_horizontal_50_ac4_ev_source', 'Organisation ID'), ('miller2_horizontal_50_ac4_ev_target', 'miller2_ProBrCoID'))": 0.7057561486132915,
    "(('miller2_horizontal_50_ac4_ev_source', 'CountryRegion ID'), ('miller2_horizontal_50_ac4_ev_target', 'miller2_SectID'))": 0.7020502645502644,
    "(('miller2_horizontal_50_ac4_ev_source', 'Division ID'), ('miller2_horizontal_50_ac4_ev_target', 'miller2_ProBrCoID'))": 0.7013605442176871,
    "(('miller2_horizontal_50_ac4_ev_source', 'PBA type'), ('miller2_horizontal_50_ac4_ev_target', 'miller2_FCeN'))": 0.7004417151475976
  },
  "metrics": {
    "precision": 0.5,
    "recall": 0.0196078431372549,
    "f1_score": 0.03773584905660377,
    "precision_at_10_percent": 0.5,
    "precision_at_20_percent": 0.25,
    "precision_at_30_percent": 0.16666666666666666,
    "precision_at_40_percent": 0.14285714285714285,
    "precision_at_50_percent": 0.1111111111111111,
    "precision_at_60_percent": 0.09090909090909091,
    "precision_at_70_percent": 0.16666666666666666,
    "precision_at_80_percent": 0.14285714285714285,
    "precision_at_90_percent": 0.125,
    "recall_at_sizeof_ground_truth": 0.0392156862745098
  },
  "run_times": {
    "total_time": 27.05897274400013,
    "algorithm_time": 27.05869916700067
  }
}