{
  "name": "miller2_both_0_70_ac4_av__Cupid{'leaf_w_struct': 0.4, 'w_struct': 0, 'th_accept': 0.8, 'th_high': 0.6, 'th_low': 0.35, 'c_inc': 1.2, 'c_dec': 0.9, 'th_ns': 0.5}",
  "matches": {
    "(('miller2_both_0_70_ac4_av_source', 'Organisation name'), ('miller2_both_0_70_ac4_av_target', 'Sector name'))": 0.9,
    "(('miller2_both_0_70_ac4_av_source', 'CountryRegion name'), ('miller2_both_0_70_ac4_av_target', 'Sector name'))": 0.8738461538461539,
    "(('miller2_both_0_70_ac4_av_source', 'Division name'), ('miller2_both_0_70_ac4_av_target', 'Sector name'))": 0.868421052631579,
    "(('miller2_both_0_70_ac4_av_source', 'Section name'), ('miller2_both_0_70_ac4_av_target', 'Sector name'))": 0.868421052631579,
    "(('miller2_both_0_70_ac4_av_source', 'Branch name'), ('miller2_both_0_70_ac4_av_target', 'Sector name'))": 0.8571428571428572,
    "(('miller2_both_0_70_ac4_av_source', 'Fund centre name'), ('miller2_both_0_70_ac4_av_target', 'Sector name'))": 0.8142857142857143
  },
  "metrics": {
    "precision": 0.0,
    "recall": 0.0,
    "f1_score": 0,
    "precision_at_10_percent": 0.0,
    "precision_at_20_percent": 0.0,
    "precision_at_30_percent": 0.0,
    "precision_at_40_percent": 0.0,
    "precision_at_50_percent": 0.0,
    "precision_at_60_percent": 0.0,
    "precision_at_70_percent": 0.0,
    "precision_at_80_percent": 0.0,
    "precision_at_90_percent": 0.0,
    "recall_at_sizeof_ground_truth": 0.0
  },
  "run_times": {
    "total_time": 34.77423412000098,
    "algorithm_time": 34.773994870000024
  }
}