{
  "name": "miller2_both_0_1_ac1_ev__Cupid{'leaf_w_struct': 0, 'w_struct': 0.6, 'th_accept': 0.7, 'th_high': 0.6, 'th_low': 0.35, 'c_inc': 1.2, 'c_dec': 0.9, 'th_ns': 0.5}",
  "matches": {
    "(('miller2_both_0_1_ac1_ev_source', 'Climate change adaptation (marker)'), ('miller2_both_0_1_ac1_ev_target', 'miller2_TradeDevelopment(marker)'))": 0.9321978021978022,
    "(('miller2_both_0_1_ac1_ev_source', 'Fiscal year'), ('miller2_both_0_1_ac1_ev_target', 'miller2_FiscalYear'))": 0.9314285714285714,
    "(('miller2_both_0_1_ac1_ev_source', 'Climate change mitigation (marker)'), ('miller2_both_0_1_ac1_ev_target', 'miller2_TradeDevelopment(marker)'))": 0.9271978021978022,
    "(('miller2_both_0_1_ac1_ev_source', 'Climate change adaptation (marker)'), ('miller2_both_0_1_ac1_ev_target', 'miller2_KnowledgeForDevelopment(marker)'))": 0.9221978021978022,
    "(('miller2_both_0_1_ac1_ev_source', 'Section ID'), ('miller2_both_0_1_ac1_ev_target', 'miller2_CountryRegionID'))": 0.9214896214896215,
    "(('miller2_both_0_1_ac1_ev_source', 'Climate change mitigation (marker)'), ('miller2_both_0_1_ac1_ev_target', 'miller2_KnowledgeForDevelopment(marker)'))": 0.9171978021978022,
    "(('miller2_both_0_1_ac1_ev_source', 'Section name'), ('miller2_both_0_1_ac1_ev_target', 'miller2_CountryRegionName'))": 0.9167277167277167,
    "(('miller2_both_0_1_ac1_ev_source', 'Fund centre name'), ('miller2_both_0_1_ac1_ev_target', 'miller2_CountryRegionName'))": 0.9091759780835411,
    "(('miller2_both_0_1_ac1_ev_source', 'Climate change adaptation (marker)'), ('miller2_both_0_1_ac1_ev_target', 'miller2_YouthIssues(marker)'))": 0.909004329004329,
    "(('miller2_both_0_1_ac1_ev_source', 'Climate change adaptation (marker)'), ('miller2_both_0_1_ac1_ev_target', 'miller2_ICTAsAToolForDevelopment(marker)'))": 0.9074437980320333,
    "(('miller2_both_0_1_ac1_ev_source', 'Climate change mitigation (marker)'), ('miller2_both_0_1_ac1_ev_target', 'miller2_YouthIssues(marker)'))": 0.9067821067821068,
    "(('miller2_both_0_1_ac1_ev_source', 'Climate change mitigation (marker)'), ('miller2_both_0_1_ac1_ev_target', 'miller2_ICTAsAToolForDevelopment(marker)'))": 0.9052215758098111,
    "(('miller2_both_0_1_ac1_ev_source', 'Climate change adaptation (marker)'), ('miller2_both_0_1_ac1_ev_target', 'miller2_DisabilityIssues(marker)'))": 0.9048376623376624,
    "(('miller2_both_0_1_ac1_ev_source', 'Section ID'), ('miller2_both_0_1_ac1_ev_target', 'miller2_OrganisationID'))": 0.9047619047619048,
    "(('miller2_both_0_1_ac1_ev_source', 'Climate change mitigation (marker)'), ('miller2_both_0_1_ac1_ev_target', 'miller2_DisabilityIssues(marker)'))": 0.9026154401154401,
    "(('miller2_both_0_1_ac1_ev_source', 'Section name'), ('miller2_both_0_1_ac1_ev_target', 'miller2_OrganisationName'))": 0.8990476190476191,
    "(('miller2_both_0_1_ac1_ev_source', 'Section ID'), ('miller2_both_0_1_ac1_ev_target', 'miller2_ProjectBrowserCountryID'))": 0.8976913842460061,
    "(('miller2_both_0_1_ac1_ev_source', 'Division ID'), ('miller2_both_0_1_ac1_ev_target', 'miller2_OrganisationID'))": 0.8945054945054944,
    "(('miller2_both_0_1_ac1_ev_source', 'Division name'), ('miller2_both_0_1_ac1_ev_target', 'miller2_OrganisationName'))": 0.8930769230769231,
    "(('miller2_both_0_1_ac1_ev_source', 'Division name'), ('miller2_both_0_1_ac1_ev_target', 'miller2_OrganisationClass'))": 0.8924908424908424,
    "(('miller2_both_0_1_ac1_ev_source', 'Division ID'), ('miller2_both_0_1_ac1_ev_target', 'miller2_CountryRegionID'))": 0.889153439153439,
    "(('miller2_both_0_1_ac1_ev_source', 'Division name'), ('miller2_both_0_1_ac1_ev_target', 'miller2_SectorName'))": 0.8878947368421053,
    "(('miller2_both_0_1_ac1_ev_source', 'Desertification (marker)'), ('miller2_both_0_1_ac1_ev_target', 'miller2_ChildrenIssues(marker)'))": 0.8876456876456876,
    "(('miller2_both_0_1_ac1_ev_source', 'Climate change adaptation (marker)'), ('miller2_both_0_1_ac1_ev_target', 'miller2_ChildrenIssues(marker)'))": 0.8875757575757576,
    "(('miller2_both_0_1_ac1_ev_source', 'Project number'), ('miller2_both_0_1_ac1_ev_target', 'miller2_OrganisationClass'))": 0.8873650793650794,
    "(('miller2_both_0_1_ac1_ev_source', 'Branch ID'), ('miller2_both_0_1_ac1_ev_target', 'miller2_CountryRegionID'))": 0.886212262682851,
    "(('miller2_both_0_1_ac1_ev_source', 'Division name'), ('miller2_both_0_1_ac1_ev_target', 'miller2_CountryRegionName'))": 0.8861111111111111,
    "(('miller2_both_0_1_ac1_ev_source', 'Branch ID'), ('miller2_both_0_1_ac1_ev_target', 'miller2_OrganisationID'))": 0.8857142857142857,
    "(('miller2_both_0_1_ac1_ev_source', 'Climate change mitigation (marker)'), ('miller2_both_0_1_ac1_ev_target', 'miller2_ChildrenIssues(marker)'))": 0.8853535353535353,
    "(('miller2_both_0_1_ac1_ev_source', 'Project number'), ('miller2_both_0_1_ac1_ev_target', 'miller2_OrganisationID'))": 0.8851428571428571,
    "(('miller2_both_0_1_ac1_ev_source', 'Desertification (marker)'), ('miller2_both_0_1_ac1_ev_target', 'miller2_YouthIssues(marker)'))": 0.8851060051060051,
    "(('miller2_both_0_1_ac1_ev_source', 'Section name'), ('miller2_both_0_1_ac1_ev_target', 'miller2_SectorName'))": 0.883609022556391,
    "(('miller2_both_0_1_ac1_ev_source', 'Section name'), ('miller2_both_0_1_ac1_ev_target', 'miller2_OrganisationClass'))": 0.881025641025641,
    "(('miller2_both_0_1_ac1_ev_source', 'Fund centre ID'), ('miller2_both_0_1_ac1_ev_target', 'miller2_SectorID'))": 0.8809523809523809,
    "(('miller2_both_0_1_ac1_ev_source', 'Fund centre name'), ('miller2_both_0_1_ac1_ev_target', 'miller2_SectorName'))": 0.8809523809523809,
    "(('miller2_both_0_1_ac1_ev_source', 'Project number'), ('miller2_both_0_1_ac1_ev_target', 'miller2_ProjectBrowserCountryID'))": 0.8804988662131519
  },
  "metrics": {
    "precision": 0.125,
    "recall": 1.0,
    "f1_score": 0.2222222222222222,
    "precision_at_10_percent": 0.25,
    "precision_at_20_percent": 0.125,
    "precision_at_30_percent": 0.09090909090909091,
    "precision_at_40_percent": 0.06666666666666667,
    "precision_at_50_percent": 0.05555555555555555,
    "precision_at_60_percent": 0.045454545454545456,
    "precision_at_70_percent": 0.038461538461538464,
    "precision_at_80_percent": 0.034482758620689655,
    "precision_at_90_percent": 0.030303030303030304,
    "recall_at_sizeof_ground_truth": 0.0
  },
  "run_times": {
    "total_time": 25.403876623999167,
    "algorithm_time": 25.40359333500055
  }
}