{
  "name": "miller2_both_0_30_ac5_ev__Cupid{'leaf_w_struct': 0.2, 'w_struct': 0, 'th_accept': 0.5, 'th_high': 0.6, 'th_low': 0.35, 'c_inc': 1.2, 'c_dec': 0.9, 'th_ns': 0.5}",
  "matches": {
    "(('miller2_both_0_30_ac5_ev_source', 'Youth issues (marker)'), ('miller2_both_0_30_ac5_ev_target', 'miller2_thsss(mrkr)'))": 0.5158730158730159
  },
  "metrics": {
    "precision": 1.0,
    "recall": 0.06666666666666667,
    "f1_score": 0.125,
    "precision_at_10_percent": 1.0,
    "precision_at_20_percent": 1.0,
    "precision_at_30_percent": 1.0,
    "precision_at_40_percent": 1.0,
    "precision_at_50_percent": 1.0,
    "precision_at_60_percent": 1.0,
    "precision_at_70_percent": 1.0,
    "precision_at_80_percent": 1.0,
    "precision_at_90_percent": 1.0,
    "recall_at_sizeof_ground_truth": 0.06666666666666667
  },
  "run_times": {
    "total_time": 9.15686417300094,
    "algorithm_time": 9.156634853001378
  }
}