{
  "name": "miller2_vertical_1_ac3_av__Cupid{'leaf_w_struct': 0, 'w_struct': 0.2, 'th_accept': 0.3, 'th_high': 0.6, 'th_low': 0.35, 'c_inc': 1.2, 'c_dec': 0.9, 'th_ns': 0.5}",
  "matches": {
    "(('miller2_vertical_1_ac3_av_source', 'Climate change adaptation (marker)'), ('miller2_vertical_1_ac3_av_target', 'thsss(mrkr)'))": 0.5492063492063493,
    "(('miller2_vertical_1_ac3_av_source', 'Climate change mitigation (marker)'), ('miller2_vertical_1_ac3_av_target', 'thsss(mrkr)'))": 0.5343915343915344,
    "(('miller2_vertical_1_ac3_av_source', 'Desertification (marker)'), ('miller2_vertical_1_ac3_av_target', 'thsss(mrkr)'))": 0.5230769230769231,
    "(('miller2_vertical_1_ac3_av_source', 'CFLI (marker)'), ('miller2_vertical_1_ac3_av_target', 'chldrnsss(mrkr)'))": 0.5111111111111111,
    "(('miller2_vertical_1_ac3_av_source', 'Fiscal year'), ('miller2_vertical_1_ac3_av_target', 'fsclr'))": 0.4933333333333334,
    "(('miller2_vertical_1_ac3_av_source', 'Climate change mitigation (marker)'), ('miller2_vertical_1_ac3_av_target', 'chldrnsss(mrkr)'))": 0.4866666666666667,
    "(('miller2_vertical_1_ac3_av_source', 'CFLI (marker)'), ('miller2_vertical_1_ac3_av_target', 'ctstlfrdvlpmnt(mrkr)'))": 0.48571428571428577,
    "(('miller2_vertical_1_ac3_av_source', 'Desertification (marker)'), ('miller2_vertical_1_ac3_av_target', 'dsbltsss(mrkr)'))": 0.48,
    "(('miller2_vertical_1_ac3_av_source', 'Section ID'), ('miller2_vertical_1_ac3_av_target', 'sctrnm'))": 0.473015873015873,
    "(('miller2_vertical_1_ac3_av_source', 'Enviromental sustainability (marker)'), ('miller2_vertical_1_ac3_av_target', 'thsss(mrkr)'))": 0.47179487179487184,
    "(('miller2_vertical_1_ac3_av_source', 'Climate change adaptation (marker)'), ('miller2_vertical_1_ac3_av_target', 'chldrnsss(mrkr)'))": 0.4666666666666667,
    "(('miller2_vertical_1_ac3_av_source', 'CFLI (marker)'), ('miller2_vertical_1_ac3_av_target', 'thsss(mrkr)'))": 0.46153846153846156,
    "(('miller2_vertical_1_ac3_av_source', 'CFLI (marker)'), ('miller2_vertical_1_ac3_av_target', 'knwldgfrdvlpmnt(mrkr)'))": 0.45999999999999996,
    "(('miller2_vertical_1_ac3_av_source', 'CFLI (marker)'), ('miller2_vertical_1_ac3_av_target', 'gndrqlt(mrkr)'))": 0.4571428571428572,
    "(('miller2_vertical_1_ac3_av_source', 'Regional program (marker)'), ('miller2_vertical_1_ac3_av_target', 'thsss(mrkr)'))": 0.454945054945055,
    "(('miller2_vertical_1_ac3_av_source', 'Regional program (marker)'), ('miller2_vertical_1_ac3_av_target', 'rbnsss(mrkr)'))": 0.45428571428571435,
    "(('miller2_vertical_1_ac3_av_source', 'Desertification (marker)'), ('miller2_vertical_1_ac3_av_target', 'ctstlfrdvlpmnt(mrkr)'))": 0.45333333333333337,
    "(('miller2_vertical_1_ac3_av_source', 'CFLI (marker)'), ('miller2_vertical_1_ac3_av_target', 'dsbltsss(mrkr)'))": 0.45,
    "(('miller2_vertical_1_ac3_av_source', 'Enviromental sustainability (marker)'), ('miller2_vertical_1_ac3_av_target', 'gndrqlt(mrkr)'))": 0.4495238095238096,
    "(('miller2_vertical_1_ac3_av_source', 'Bilateral aid (international marker)'), ('miller2_vertical_1_ac3_av_target', 'thsss(mrkr)'))": 0.44943019943019946,
    "(('miller2_vertical_1_ac3_av_source', 'Desertification (marker)'), ('miller2_vertical_1_ac3_av_target', 'gndrqlt(mrkr)'))": 0.4485714285714286,
    "(('miller2_vertical_1_ac3_av_source', 'Desertification (marker)'), ('miller2_vertical_1_ac3_av_target', 'bdvrst(mrkr)'))": 0.4466666666666667
  },
  "metrics": {
    "precision": 0.14285714285714285,
    "recall": 1.0,
    "f1_score": 0.25,
    "precision_at_10_percent": 0.0,
    "precision_at_20_percent": 0.2,
    "precision_at_30_percent": 0.14285714285714285,
    "precision_at_40_percent": 0.1111111111111111,
    "precision_at_50_percent": 0.09090909090909091,
    "precision_at_60_percent": 0.07142857142857142,
    "precision_at_70_percent": 0.0625,
    "precision_at_80_percent": 0.05555555555555555,
    "precision_at_90_percent": 0.05,
    "recall_at_sizeof_ground_truth": 0.0
  },
  "run_times": {
    "total_time": 6.141691786000592,
    "algorithm_time": 6.141493678000188
  }
}