{
  "name": "miller2_vertical_70_ac5_av__Cupid{'leaf_w_struct': 0.6, 'w_struct': 0.2, 'th_accept': 0.5, 'th_high': 0.6, 'th_low': 0.35, 'c_inc': 1.2, 'c_dec': 0.9, 'th_ns': 0.5}",
  "matches": {
    "(('miller2_vertical_70_ac5_av_source', 'Youth issues (marker)'), ('miller2_vertical_70_ac5_av_target', 'miller2_thsss(mrkr)'))": 0.6126984126984127,
    "(('miller2_vertical_70_ac5_av_source', 'Climate change adaptation (marker)'), ('miller2_vertical_70_ac5_av_target', 'miller2_thsss(mrkr)'))": 0.5482993197278911,
    "(('miller2_vertical_70_ac5_av_source', 'Climate change mitigation (marker)'), ('miller2_vertical_70_ac5_av_target', 'miller2_thsss(mrkr)'))": 0.5387755102040817,
    "(('miller2_vertical_70_ac5_av_source', 'Biodiversity (marker)'), ('miller2_vertical_70_ac5_av_target', 'miller2_bdvrst(mrkr)'))": 0.5352380952380953,
    "(('miller2_vertical_70_ac5_av_source', 'Desertification (marker)'), ('miller2_vertical_70_ac5_av_target', 'miller2_dsrtfctn(mrkr)'))": 0.5352380952380953,
    "(('miller2_vertical_70_ac5_av_source', 'Bilateral aid (international marker)'), ('miller2_vertical_70_ac5_av_target', 'miller2_thsss(mrkr)'))": 0.5284780578898226,
    "(('miller2_vertical_70_ac5_av_source', 'Children issues (marker)'), ('miller2_vertical_70_ac5_av_target', 'miller2_chldrnsss(mrkr)'))": 0.5280423280423281,
    "(('miller2_vertical_70_ac5_av_source', 'Desertification (marker)'), ('miller2_vertical_70_ac5_av_target', 'miller2_thsss(mrkr)'))": 0.527032967032967,
    "(('miller2_vertical_70_ac5_av_source', 'Trade development (marker)'), ('miller2_vertical_70_ac5_av_target', 'miller2_thsss(mrkr)'))": 0.5255411255411255,
    "(('miller2_vertical_70_ac5_av_source', 'Children issues (marker)'), ('miller2_vertical_70_ac5_av_target', 'miller2_thsss(mrkr)'))": 0.5238095238095237,
    "(('miller2_vertical_70_ac5_av_source', 'Trade development (marker)'), ('miller2_vertical_70_ac5_av_target', 'miller2_trddvlpmnt(mrkr)'))": 0.5201731601731602,
    "(('miller2_vertical_70_ac5_av_source', 'Biodiversity (marker)'), ('miller2_vertical_70_ac5_av_target', 'miller2_thsss(mrkr)'))": 0.5178021978021978,
    "(('miller2_vertical_70_ac5_av_source', 'CFLI (marker)'), ('miller2_vertical_70_ac5_av_target', 'miller2_chldrnsss(mrkr)'))": 0.5174603174603175,
    "(('miller2_vertical_70_ac5_av_source', 'Disability issues (marker)'), ('miller2_vertical_70_ac5_av_target', 'miller2_thsss(mrkr)'))": 0.508994708994709,
    "(('miller2_vertical_70_ac5_av_source', 'Climate change mitigation (marker)'), ('miller2_vertical_70_ac5_av_target', 'miller2_chldrnsss(mrkr)'))": 0.5061224489795919,
    "(('miller2_vertical_70_ac5_av_source', 'Urban issues (marker)'), ('miller2_vertical_70_ac5_av_target', 'miller2_thsss(mrkr)'))": 0.506031746031746,
    "(('miller2_vertical_70_ac5_av_source', 'Gender equality (marker)'), ('miller2_vertical_70_ac5_av_target', 'miller2_thsss(mrkr)'))": 0.5051526251526252,
    "(('miller2_vertical_70_ac5_av_source', 'Climate change mitigation (marker)'), ('miller2_vertical_70_ac5_av_target', 'miller2_clmtchngmtgtn(mrkr)'))": 0.5039246467817897,
    "(('miller2_vertical_70_ac5_av_source', 'Biodiversity (marker)'), ('miller2_vertical_70_ac5_av_target', 'miller2_trddvlpmnt(mrkr)'))": 0.5019047619047619,
    "(('miller2_vertical_70_ac5_av_source', 'CFLI (marker)'), ('miller2_vertical_70_ac5_av_target', 'miller2_thsss(mrkr)'))": 0.5006593406593407
  },
  "metrics": {
    "precision": 1.0,
    "recall": 0.14285714285714285,
    "f1_score": 0.25,
    "precision_at_10_percent": 0.5,
    "precision_at_20_percent": 0.5,
    "precision_at_30_percent": 0.5,
    "precision_at_40_percent": 0.5,
    "precision_at_50_percent": 0.4,
    "precision_at_60_percent": 0.4166666666666667,
    "precision_at_70_percent": 0.35714285714285715,
    "precision_at_80_percent": 0.3125,
    "precision_at_90_percent": 0.3333333333333333,
    "recall_at_sizeof_ground_truth": 0.17142857142857143
  },
  "run_times": {
    "total_time": 16.648869639000623,
    "algorithm_time": 16.648631899000975
  }
}