{
  "name": "miller2_vertical_1_ac1_av__Cupid{'leaf_w_struct': 0.2, 'w_struct': 0.4, 'th_accept': 0.8, 'th_high': 0.6, 'th_low': 0.35, 'c_inc': 1.2, 'c_dec': 0.9, 'th_ns': 0.5}",
  "matches": {
    "(('miller2_vertical_1_ac1_av_source', 'Climate change adaptation (marker)'), ('miller2_vertical_1_ac1_av_target', 'miller2_TradeDevelopment(marker)'))": 0.8982967032967034,
    "(('miller2_vertical_1_ac1_av_source', 'Fiscal year'), ('miller2_vertical_1_ac1_av_target', 'miller2_FiscalYear'))": 0.8971428571428571,
    "(('miller2_vertical_1_ac1_av_source', 'Climate change mitigation (marker)'), ('miller2_vertical_1_ac1_av_target', 'miller2_TradeDevelopment(marker)'))": 0.8907967032967034,
    "(('miller2_vertical_1_ac1_av_source', 'Climate change adaptation (marker)'), ('miller2_vertical_1_ac1_av_target', 'miller2_KnowledgeForDevelopment(marker)'))": 0.8832967032967034,
    "(('miller2_vertical_1_ac1_av_source', 'Section ID'), ('miller2_vertical_1_ac1_av_target', 'miller2_CountryRegionID'))": 0.8822344322344323,
    "(('miller2_vertical_1_ac1_av_source', 'Climate change mitigation (marker)'), ('miller2_vertical_1_ac1_av_target', 'miller2_KnowledgeForDevelopment(marker)'))": 0.8757967032967033,
    "(('miller2_vertical_1_ac1_av_source', 'Section name'), ('miller2_vertical_1_ac1_av_target', 'miller2_CountryRegionName'))": 0.8750915750915751,
    "(('miller2_vertical_1_ac1_av_source', 'Fund centre name'), ('miller2_vertical_1_ac1_av_target', 'miller2_CountryRegionName'))": 0.8637639671253117,
    "(('miller2_vertical_1_ac1_av_source', 'Climate change adaptation (marker)'), ('miller2_vertical_1_ac1_av_target', 'miller2_YouthIssues(marker)'))": 0.8635064935064936,
    "(('miller2_vertical_1_ac1_av_source', 'Climate change adaptation (marker)'), ('miller2_vertical_1_ac1_av_target', 'miller2_ICTAsAToolForDevelopment(marker)'))": 0.86116569704805,
    "(('miller2_vertical_1_ac1_av_source', 'Climate change mitigation (marker)'), ('miller2_vertical_1_ac1_av_target', 'miller2_YouthIssues(marker)'))": 0.8601731601731603,
    "(('miller2_vertical_1_ac1_av_source', 'Climate change mitigation (marker)'), ('miller2_vertical_1_ac1_av_target', 'miller2_ICTAsAToolForDevelopment(marker)'))": 0.8578323637147167,
    "(('miller2_vertical_1_ac1_av_source', 'Climate change adaptation (marker)'), ('miller2_vertical_1_ac1_av_target', 'miller2_DisabilityIssues(marker)'))": 0.8572564935064935,
    "(('miller2_vertical_1_ac1_av_source', 'Section ID'), ('miller2_vertical_1_ac1_av_target', 'miller2_OrganisationID'))": 0.8571428571428572,
    "(('miller2_vertical_1_ac1_av_source', 'Climate change mitigation (marker)'), ('miller2_vertical_1_ac1_av_target', 'miller2_DisabilityIssues(marker)'))": 0.8539231601731603
  },
  "metrics": {
    "precision": 0.2,
    "recall": 1.0,
    "f1_score": 0.33333333333333337,
    "precision_at_10_percent": 0.5,
    "precision_at_20_percent": 0.3333333333333333,
    "precision_at_30_percent": 0.2,
    "precision_at_40_percent": 0.16666666666666666,
    "precision_at_50_percent": 0.125,
    "precision_at_60_percent": 0.1111111111111111,
    "precision_at_70_percent": 0.09090909090909091,
    "precision_at_80_percent": 0.08333333333333333,
    "precision_at_90_percent": 0.07142857142857142,
    "recall_at_sizeof_ground_truth": 0.0
  },
  "run_times": {
    "total_time": 32.622897128999284,
    "algorithm_time": 32.62270227499994
  }
}