{
  "name": "miller2_horizontal_0_ac3_ev__Cupid{'leaf_w_struct': 0, 'w_struct': 0.4, 'th_accept': 0.4, 'th_high': 0.6, 'th_low': 0.35, 'c_inc': 1.2, 'c_dec': 0.9, 'th_ns': 0.5}",
  "matches": {
    "(('miller2_horizontal_0_ac3_ev_source', 'CFLI (marker)'), ('miller2_horizontal_0_ac3_ev_target', 'cfl(mrkr)'))": 0.775,
    "(('miller2_horizontal_0_ac3_ev_source', 'Youth issues (marker)'), ('miller2_horizontal_0_ac3_ev_target', 'thsss(mrkr)'))": 0.72,
    "(('miller2_horizontal_0_ac3_ev_source', 'Status'), ('miller2_horizontal_0_ac3_ev_target', 'stts'))": 0.7,
    "(('miller2_horizontal_0_ac3_ev_source', 'Branch ID'), ('miller2_horizontal_0_ac3_ev_target', 'brnchd'))": 0.6833333333333333,
    "(('miller2_horizontal_0_ac3_ev_source', 'Branch name'), ('miller2_horizontal_0_ac3_ev_target', 'brnchd'))": 0.6666666666666666,
    "(('miller2_horizontal_0_ac3_ev_source', 'Climate change adaptation (marker)'), ('miller2_horizontal_0_ac3_ev_target', 'thsss(mrkr)'))": 0.661904761904762,
    "(('miller2_horizontal_0_ac3_ev_source', 'Climate change mitigation (marker)'), ('miller2_horizontal_0_ac3_ev_target', 'thsss(mrkr)'))": 0.6507936507936508,
    "(('miller2_horizontal_0_ac3_ev_source', 'Status'), ('miller2_horizontal_0_ac3_ev_target', 'sctnd'))": 0.65,
    "(('miller2_horizontal_0_ac3_ev_source', 'PBA type'), ('miller2_horizontal_0_ac3_ev_target', 'pbtp'))": 0.65,
    "(('miller2_horizontal_0_ac3_ev_source', 'Desertification (marker)'), ('miller2_horizontal_0_ac3_ev_target', 'dsrtfctn(mrkr)'))": 0.65,
    "(('miller2_horizontal_0_ac3_ev_source', 'Biodiversity (marker)'), ('miller2_horizontal_0_ac3_ev_target', 'bdvrst(mrkr)'))": 0.65,
    "(('miller2_horizontal_0_ac3_ev_source', 'Knowledge for development (marker)'), ('miller2_horizontal_0_ac3_ev_target', 'thsss(mrkr)'))": 0.6472727272727272,
    "(('miller2_horizontal_0_ac3_ev_source', 'Continent name'), ('miller2_horizontal_0_ac3_ev_target', 'cntnntnm'))": 0.6472222222222223,
    "(('miller2_horizontal_0_ac3_ev_source', 'FSTC percent'), ('miller2_horizontal_0_ac3_ev_target', 'fstcprcnt'))": 0.6444444444444445,
    "(('miller2_horizontal_0_ac3_ev_source', 'Desertification (marker)'), ('miller2_horizontal_0_ac3_ev_target', 'thsss(mrkr)'))": 0.6423076923076924,
    "(('miller2_horizontal_0_ac3_ev_source', 'Trade development (marker)'), ('miller2_horizontal_0_ac3_ev_target', 'thsss(mrkr)'))": 0.6415584415584416
  },
  "metrics": {
    "precision": 1.0,
    "recall": 0.13725490196078433,
    "f1_score": 0.24137931034482762,
    "precision_at_10_percent": 1.0,
    "precision_at_20_percent": 1.0,
    "precision_at_30_percent": 0.8,
    "precision_at_40_percent": 0.5714285714285714,
    "precision_at_50_percent": 0.5,
    "precision_at_60_percent": 0.6,
    "precision_at_70_percent": 0.5833333333333334,
    "precision_at_80_percent": 0.6153846153846154,
    "precision_at_90_percent": 0.6,
    "recall_at_sizeof_ground_truth": 0.17647058823529413
  },
  "run_times": {
    "total_time": 20.191516158000013,
    "algorithm_time": 20.19124174000001
  }
}