{
  "name": "miller2_both_50_50_ac3_ev__Cupid{'leaf_w_struct': 0.4, 'w_struct': 0.4, 'th_accept': 0.6, 'th_high': 0.6, 'th_low': 0.35, 'c_inc': 1.2, 'c_dec': 0.9, 'th_ns': 0.5}",
  "matches": {
    "(('miller2_both_50_50_ac3_ev_source', 'Status'), ('miller2_both_50_50_ac3_ev_target', 'stts'))": 0.7,
    "(('miller2_both_50_50_ac3_ev_source', 'Climate change adaptation (marker)'), ('miller2_both_50_50_ac3_ev_target', 'thsss(mrkr)'))": 0.661904761904762,
    "(('miller2_both_50_50_ac3_ev_source', 'Climate change mitigation (marker)'), ('miller2_both_50_50_ac3_ev_target', 'thsss(mrkr)'))": 0.6507936507936508,
    "(('miller2_both_50_50_ac3_ev_source', 'Desertification (marker)'), ('miller2_both_50_50_ac3_ev_target', 'dsrtfctn(mrkr)'))": 0.65,
    "(('miller2_both_50_50_ac3_ev_source', 'PBA type'), ('miller2_both_50_50_ac3_ev_target', 'pbtp'))": 0.65,
    "(('miller2_both_50_50_ac3_ev_source', 'Status'), ('miller2_both_50_50_ac3_ev_target', 'sctnd'))": 0.65,
    "(('miller2_both_50_50_ac3_ev_source', 'FSTC percent'), ('miller2_both_50_50_ac3_ev_target', 'fstcprcnt'))": 0.6444444444444445,
    "(('miller2_both_50_50_ac3_ev_source', 'Desertification (marker)'), ('miller2_both_50_50_ac3_ev_target', 'thsss(mrkr)'))": 0.6423076923076924,
    "(('miller2_both_50_50_ac3_ev_source', 'Trade development (marker)'), ('miller2_both_50_50_ac3_ev_target', 'thsss(mrkr)'))": 0.6415584415584416,
    "(('miller2_both_50_50_ac3_ev_source', 'Programming process (new)'), ('miller2_both_50_50_ac3_ev_target', 'prgrmmngprcss(nw)'))": 0.6338461538461538,
    "(('miller2_both_50_50_ac3_ev_source', 'CFLI (marker)'), ('miller2_both_50_50_ac3_ev_target', 'chldrnsss(mrkr)'))": 0.6333333333333333,
    "(('miller2_both_50_50_ac3_ev_source', 'Biodiversity (marker)'), ('miller2_both_50_50_ac3_ev_target', 'thsss(mrkr)'))": 0.6294871794871795,
    "(('miller2_both_50_50_ac3_ev_source', 'Branch name'), ('miller2_both_50_50_ac3_ev_target', 'brnchnm'))": 0.6285714285714286,
    "(('miller2_both_50_50_ac3_ev_source', 'Branch ID'), ('miller2_both_50_50_ac3_ev_target', 'brnchnm'))": 0.6285714285714286,
    "(('miller2_both_50_50_ac3_ev_source', 'Gender equality (marker)'), ('miller2_both_50_50_ac3_ev_target', 'thsss(mrkr)'))": 0.6232087912087912,
    "(('miller2_both_50_50_ac3_ev_source', 'Continent ID'), ('miller2_both_50_50_ac3_ev_target', 'cntnntd'))": 0.6206349206349207,
    "(('miller2_both_50_50_ac3_ev_source', 'Fiscal year'), ('miller2_both_50_50_ac3_ev_target', 'fsclr'))": 0.62,
    "(('miller2_both_50_50_ac3_ev_source', 'Climate change mitigation (marker)'), ('miller2_both_50_50_ac3_ev_target', 'chldrnsss(mrkr)'))": 0.615,
    "(('miller2_both_50_50_ac3_ev_source', 'CFLI (marker)'), ('miller2_both_50_50_ac3_ev_target', 'ctstlfrdvlpmnt(mrkr)'))": 0.6142857142857143,
    "(('miller2_both_50_50_ac3_ev_source', 'Organisation name'), ('miller2_both_50_50_ac3_ev_target', 'prgrmmngprcss(nw)'))": 0.6115384615384616,
    "(('miller2_both_50_50_ac3_ev_source', 'Branch name'), ('miller2_both_50_50_ac3_ev_target', 'prgrmmngprcss(nw)'))": 0.6101648351648352,
    "(('miller2_both_50_50_ac3_ev_source', 'Desertification (marker)'), ('miller2_both_50_50_ac3_ev_target', 'dsbltsss(mrkr)'))": 0.61,
    "(('miller2_both_50_50_ac3_ev_source', 'CountryRegion name'), ('miller2_both_50_50_ac3_ev_target', 'prgrmmngprcss(nw)'))": 0.6092307692307692,
    "(('miller2_both_50_50_ac3_ev_source', 'Section ID'), ('miller2_both_50_50_ac3_ev_target', 'sctnnm'))": 0.6047619047619047,
    "(('miller2_both_50_50_ac3_ev_source', 'Section ID'), ('miller2_both_50_50_ac3_ev_target', 'sctrnm'))": 0.6047619047619047,
    "(('miller2_both_50_50_ac3_ev_source', 'Fund centre name'), ('miller2_both_50_50_ac3_ev_target', 'prgrmmngprcss(nw)'))": 0.6040485829959514,
    "(('miller2_both_50_50_ac3_ev_source', 'Enviromental sustainability (marker)'), ('miller2_both_50_50_ac3_ev_target', 'thsss(mrkr)'))": 0.6038461538461539,
    "(('miller2_both_50_50_ac3_ev_source', 'ICT as a tool for development (marker)'), ('miller2_both_50_50_ac3_ev_target', 'thsss(mrkr)'))": 0.6034965034965035,
    "(('miller2_both_50_50_ac3_ev_source', 'Division name'), ('miller2_both_50_50_ac3_ev_target', 'prgrmmngprcss(nw)'))": 0.6000000000000001
  },
  "metrics": {
    "precision": 0.8,
    "recall": 0.32,
    "f1_score": 0.45714285714285713,
    "precision_at_10_percent": 0.3333333333333333,
    "precision_at_20_percent": 0.5,
    "precision_at_30_percent": 0.4444444444444444,
    "precision_at_40_percent": 0.4166666666666667,
    "precision_at_50_percent": 0.4,
    "precision_at_60_percent": 0.4444444444444444,
    "precision_at_70_percent": 0.38095238095238093,
    "precision_at_80_percent": 0.3333333333333333,
    "precision_at_90_percent": 0.2962962962962963,
    "recall_at_sizeof_ground_truth": 0.32
  },
  "run_times": {
    "total_time": 14.050042235998262,
    "algorithm_time": 14.049825374000648
  }
}