{
  "name": "miller2_both_0_50_ac4_av__Cupid{'leaf_w_struct': 0, 'w_struct': 0.2, 'th_accept': 0.6, 'th_high': 0.6, 'th_low': 0.35, 'c_inc': 1.2, 'c_dec': 0.9, 'th_ns': 0.5}",
  "matches": {
    "(('miller2_both_0_50_ac4_av_source', 'Division ID'), ('miller2_both_0_50_ac4_av_target', 'Section ID'))": 1.0,
    "(('miller2_both_0_50_ac4_av_source', 'Section ID'), ('miller2_both_0_50_ac4_av_target', 'Section ID'))": 1.0,
    "(('miller2_both_0_50_ac4_av_source', 'Branch ID'), ('miller2_both_0_50_ac4_av_target', 'Section ID'))": 0.9555555555555555,
    "(('miller2_both_0_50_ac4_av_source', 'CountryRegion name'), ('miller2_both_0_50_ac4_av_target', 'Section ID'))": 0.8331623931623933,
    "(('miller2_both_0_50_ac4_av_source', 'Section name'), ('miller2_both_0_50_ac4_av_target', 'Section ID'))": 0.8176470588235294,
    "(('miller2_both_0_50_ac4_av_source', 'Division ID'), ('miller2_both_0_50_ac4_av_target', 'miller2_OrganID'))": 0.8063865546218487,
    "(('miller2_both_0_50_ac4_av_source', 'Organisation type'), ('miller2_both_0_50_ac4_av_target', 'Section ID'))": 0.8031746031746032,
    "(('miller2_both_0_50_ac4_av_source', 'Division name'), ('miller2_both_0_50_ac4_av_target', 'Section ID'))": 0.8,
    "(('miller2_both_0_50_ac4_av_source', 'Section ID'), ('miller2_both_0_50_ac4_av_target', 'miller2_OrganID'))": 0.7917460317460319,
    "(('miller2_both_0_50_ac4_av_source', 'Branch ID'), ('miller2_both_0_50_ac4_av_target', 'miller2_OrganID'))": 0.7917460317460319,
    "(('miller2_both_0_50_ac4_av_source', 'CFLI (marker)'), ('miller2_both_0_50_ac4_av_target', 'miller2_CFLI'))": 0.7714285714285716,
    "(('miller2_both_0_50_ac4_av_source', 'Fund centre name'), ('miller2_both_0_50_ac4_av_target', 'Section ID'))": 0.7484033613445378,
    "(('miller2_both_0_50_ac4_av_source', 'Organisation name'), ('miller2_both_0_50_ac4_av_target', 'Section ID'))": 0.7476190476190476,
    "(('miller2_both_0_50_ac4_av_source', 'Sector ID'), ('miller2_both_0_50_ac4_av_target', 'miller2_ConID'))": 0.7384126984126984,
    "(('miller2_both_0_50_ac4_av_source', 'Branch name'), ('miller2_both_0_50_ac4_av_target', 'Section ID'))": 0.7305555555555556,
    "(('miller2_both_0_50_ac4_av_source', 'CFLI (marker)'), ('miller2_both_0_50_ac4_av_target', 'miller2_FCenID'))": 0.71984126984127,
    "(('miller2_both_0_50_ac4_av_source', 'Regional program (marker)'), ('miller2_both_0_50_ac4_av_target', 'miller2_FCenID'))": 0.7167667066826731,
    "(('miller2_both_0_50_ac4_av_source', 'PBA type'), ('miller2_both_0_50_ac4_av_target', 'miller2_SeN'))": 0.7165266106442578,
    "(('miller2_both_0_50_ac4_av_source', 'Continent ID'), ('miller2_both_0_50_ac4_av_target', 'miller2_ConID'))": 0.7135238095238097,
    "(('miller2_both_0_50_ac4_av_source', 'Bilateral aid (international marker)'), ('miller2_both_0_50_ac4_av_target', 'miller2_FCenID'))": 0.7131990231990233,
    "(('miller2_both_0_50_ac4_av_source', 'Division ID'), ('miller2_both_0_50_ac4_av_target', 'miller2_DivID'))": 0.7128571428571429,
    "(('miller2_both_0_50_ac4_av_source', 'CountryRegion name'), ('miller2_both_0_50_ac4_av_target', 'miller2_OrganID'))": 0.7079365079365079,
    "(('miller2_both_0_50_ac4_av_source', 'Sector name'), ('miller2_both_0_50_ac4_av_target', 'Section ID'))": 0.7058479532163744,
    "(('miller2_both_0_50_ac4_av_source', 'Trade development (marker)'), ('miller2_both_0_50_ac4_av_target', 'miller2_UrIss'))": 0.6958832017655547,
    "(('miller2_both_0_50_ac4_av_source', 'PBA type'), ('miller2_both_0_50_ac4_av_target', 'miller2_PBATy'))": 0.6914285714285714,
    "(('miller2_both_0_50_ac4_av_source', 'IRTC percent'), ('miller2_both_0_50_ac4_av_target', 'miller2_IRTCPer'))": 0.6914285714285714,
    "(('miller2_both_0_50_ac4_av_source', 'Fund centre ID'), ('miller2_both_0_50_ac4_av_target', 'miller2_ConID'))": 0.6911297852474323,
    "(('miller2_both_0_50_ac4_av_source', 'Indigenous issues (marker)'), ('miller2_both_0_50_ac4_av_target', 'miller2_FCenID'))": 0.6908843537414966,
    "(('miller2_both_0_50_ac4_av_source', 'Section ID'), ('miller2_both_0_50_ac4_av_target', 'miller2_DivID'))": 0.6903081232492998,
    "(('miller2_both_0_50_ac4_av_source', 'CIDA business delivery model (old)'), ('miller2_both_0_50_ac4_av_target', 'miller2_SeN'))": 0.6894047619047619,
    "(('miller2_both_0_50_ac4_av_source', 'Urban issues (marker)'), ('miller2_both_0_50_ac4_av_target', 'miller2_FCenID'))": 0.6870748299319729,
    "(('miller2_both_0_50_ac4_av_source', 'Participatory development and good governance'), ('miller2_both_0_50_ac4_av_target', 'miller2_FCenID'))": 0.6857219251336899,
    "(('miller2_both_0_50_ac4_av_source', 'Sector ID'), ('miller2_both_0_50_ac4_av_target', 'miller2_FCenID'))": 0.6857142857142857,
    "(('miller2_both_0_50_ac4_av_source', 'Sector ID'), ('miller2_both_0_50_ac4_av_target', 'miller2_SeID'))": 0.6850793650793651
  },
  "metrics": {
    "precision": 0.25,
    "recall": 0.08,
    "f1_score": 0.12121212121212122,
    "precision_at_10_percent": 0.25,
    "precision_at_20_percent": 0.14285714285714285,
    "precision_at_30_percent": 0.18181818181818182,
    "precision_at_40_percent": 0.14285714285714285,
    "precision_at_50_percent": 0.11764705882352941,
    "precision_at_60_percent": 0.19047619047619047,
    "precision_at_70_percent": 0.16666666666666666,
    "precision_at_80_percent": 0.21428571428571427,
    "precision_at_90_percent": 0.1935483870967742,
    "recall_at_sizeof_ground_truth": 0.2
  },
  "run_times": {
    "total_time": 27.882186363000073,
    "algorithm_time": 27.88197624500026
  }
}