{
  "name": "Musicians_joinable__Cupid{'leaf_w_struct': 0, 'w_struct': 0.2, 'th_accept': 0.7, 'th_high': 0.6, 'th_low': 0.35, 'c_inc': 1.2, 'c_dec': 0.9, 'th_ns': 0.5}",
  "matches": {
    "(('musicians_joinable_source', 'birthDate'), ('musicians_joinable_target', 'birthDate'))": 1.0,
    "(('musicians_joinable_source', 'familyNameLabel'), ('musicians_joinable_target', 'familyName'))": 0.9771428571428573,
    "(('musicians_joinable_source', 'familyNameLabel'), ('musicians_joinable_target', 'fatherName'))": 0.9357310924369748,
    "(('musicians_joinable_source', 'geniusNameLabel'), ('musicians_joinable_target', 'familyName'))": 0.9143977591036416,
    "(('musicians_joinable_source', 'familyNameLabel'), ('musicians_joinable_target', 'musicianName'))": 0.9087837240159222,
    "(('musicians_joinable_source', 'familyNameLabel'), ('musicians_joinable_target', 'motherName'))": 0.9037310924369748,
    "(('musicians_joinable_source', 'musician'), ('musicians_joinable_target', 'musicianName'))": 0.8933333333333333,
    "(('musicians_joinable_source', 'geniusNameLabel'), ('musicians_joinable_target', 'fatherName'))": 0.8918095238095238,
    "(('musicians_joinable_source', 'givenNameLabel'), ('musicians_joinable_target', 'familyName'))": 0.8877310924369748,
    "(('musicians_joinable_source', 'twitterNameLabel'), ('musicians_joinable_target', 'familyName'))": 0.8830252100840337,
    "(('musicians_joinable_source', 'numberOfChildren'), ('musicians_joinable_target', 'NChildren'))": 0.8666666666666667,
    "(('musicians_joinable_source', 'givenNameLabel'), ('musicians_joinable_target', 'fatherName'))": 0.8651428571428572,
    "(('musicians_joinable_source', 'twitterNameLabel'), ('musicians_joinable_target', 'fatherName'))": 0.8604369747899161,
    "(('musicians_joinable_source', 'geniusNameLabel'), ('musicians_joinable_target', 'musicianName'))": 0.8592481203007518,
    "(('musicians_joinable_source', 'givenNameLabel'), ('musicians_joinable_target', 'motherName'))": 0.8552380952380954,
    "(('musicians_joinable_source', 'geniusNameLabel'), ('musicians_joinable_target', 'motherName'))": 0.8541954887218046,
    "(('musicians_joinable_source', 'givenNameLabel'), ('musicians_joinable_target', 'musicianName'))": 0.8331428571428572,
    "(('musicians_joinable_source', 'religionLabel'), ('musicians_joinable_target', 'familyName'))": 0.8285714285714285,
    "(('musicians_joinable_source', 'twitterNameLabel'), ('musicians_joinable_target', 'musicianName'))": 0.8284369747899161,
    "(('musicians_joinable_source', 'familyNameLabel'), ('musicians_joinable_target', 'genderType'))": 0.8241295546558705,
    "(('musicians_joinable_source', 'twitterNameLabel'), ('musicians_joinable_target', 'motherName'))": 0.8238655462184876,
    "(('musicians_joinable_source', 'musician'), ('musicians_joinable_target', 'musicianID'))": 0.8175438596491229,
    "(('musicians_joinable_source', 'religionLabel'), ('musicians_joinable_target', 'fatherName'))": 0.8173669467787115,
    "(('musicians_joinable_source', 'recordLabelLabel'), ('musicians_joinable_target', 'fatherName'))": 0.809703081232493,
    "(('musicians_joinable_source', 'religionLabel'), ('musicians_joinable_target', 'motherName'))": 0.8095238095238095,
    "(('musicians_joinable_source', 'residenceLabel'), ('musicians_joinable_target', 'fatherName'))": 0.8016806722689076,
    "(('musicians_joinable_source', 'familyNameLabel'), ('musicians_joinable_target', 'forename'))": 0.795897435897436,
    "(('musicians_joinable_source', 'twitterNameLabel'), ('musicians_joinable_target', 'forename'))": 0.7863736263736265,
    "(('musicians_joinable_source', 'geniusNameLabel'), ('musicians_joinable_target', 'forename'))": 0.7863736263736265,
    "(('musicians_joinable_source', 'ethnicityLabel'), ('musicians_joinable_target', 'fatherName'))": 0.7763413057530706,
    "(('musicians_joinable_source', 'givenNameLabel'), ('musicians_joinable_target', 'forename'))": 0.7762895927601812,
    "(('musicians_joinable_source', 'activityStart'), ('musicians_joinable_target', 'birthDate'))": 0.7736363636363637,
    "(('musicians_joinable_source', 'websiteLabel'), ('musicians_joinable_target', 'fatherName'))": 0.7682441397611677,
    "(('musicians_joinable_source', 'recordLabelLabel'), ('musicians_joinable_target', 'familyName'))": 0.7607619047619048,
    "(('musicians_joinable_source', 'recordLabelLabel'), ('musicians_joinable_target', 'motherName'))": 0.7607619047619048
  },
  "metrics": {
    "precision": 0.42857142857142855,
    "recall": 0.5,
    "f1_score": 0.4615384615384615,
    "precision_at_10_percent": 0.5,
    "precision_at_20_percent": 0.2857142857142857,
    "precision_at_30_percent": 0.2727272727272727,
    "precision_at_40_percent": 0.21428571428571427,
    "precision_at_50_percent": 0.16666666666666666,
    "precision_at_60_percent": 0.14285714285714285,
    "precision_at_70_percent": 0.16,
    "precision_at_80_percent": 0.14285714285714285,
    "precision_at_90_percent": 0.15625,
    "recall_at_sizeof_ground_truth": 0.3333333333333333
  },
  "run_times": {
    "total_time": 18.510261778999848,
    "algorithm_time": 18.51009798100131
  }
}