{
  "name": "prospect_both_50_70_ec_av__CorrelationClustering{'threshold1': 0.15, 'threshold2': 0.2, 'quantiles': 256, 'process_num': 4, 'chunk_size': 1, 'clear_cache': True}",
  "matches": {
    "(('prospect_both_50_70_ec_av_source', 'OwnOrRentFlag'), ('prospect_both_50_70_ec_av_target', 'OwnOrRentFlag'))": 0.9988285632060875,
    "(('prospect_both_50_70_ec_av_target', 'MiddleInitial'), ('prospect_both_50_70_ec_av_source', 'MiddleInitial'))": 0.9916642818859448,
    "(('prospect_both_50_70_ec_av_source', 'City'), ('prospect_both_50_70_ec_av_target', 'City'))": 0.9860505592457784,
    "(('prospect_both_50_70_ec_av_target', 'FirstName'), ('prospect_both_50_70_ec_av_source', 'LastName'))": 0.9818446165115713,
    "(('prospect_both_50_70_ec_av_source', 'LastName'), ('prospect_both_50_70_ec_av_target', 'City'))": 0.9804723041498958,
    "(('prospect_both_50_70_ec_av_source', 'FirstName'), ('prospect_both_50_70_ec_av_target', 'City'))": 0.9761322165165246,
    "(('prospect_both_50_70_ec_av_target', 'AgencyID'), ('prospect_both_50_70_ec_av_source', 'AgencyID'))": 0.9655290919455701,
    "(('prospect_both_50_70_ec_av_target', 'FirstName'), ('prospect_both_50_70_ec_av_source', 'FirstName'))": 0.9645909692431769,
    "(('prospect_both_50_70_ec_av_target', 'Employer'), ('prospect_both_50_70_ec_av_source', 'Employer'))": 0.9643912327545322,
    "(('prospect_both_50_70_ec_av_target', 'FirstName'), ('prospect_both_50_70_ec_av_source', 'City'))": 0.962900348296564,
    "(('prospect_both_50_70_ec_av_source', 'City'), ('prospect_both_50_70_ec_av_target', 'State'))": 0.9442687491333769,
    "(('prospect_both_50_70_ec_av_source', 'LastName'), ('prospect_both_50_70_ec_av_target', 'State'))": 0.9403645481203404,
    "(('prospect_both_50_70_ec_av_source', 'FirstName'), ('prospect_both_50_70_ec_av_target', 'State'))": 0.9363668361599438,
    "(('prospect_both_50_70_ec_av_target', 'Age'), ('prospect_both_50_70_ec_av_source', 'Age'))": 0.911035412813706,
    "(('prospect_both_50_70_ec_av_source', 'NumberCreditCards'), ('prospect_both_50_70_ec_av_target', 'NumberCars'))": 0.9060528617452659,
    "(('prospect_both_50_70_ec_av_target', 'NetWorth'), ('prospect_both_50_70_ec_av_source', 'NetWorth'))": 0.9058702741768585,
    "(('prospect_both_50_70_ec_av_source', 'NumberCreditCards'), ('prospect_both_50_70_ec_av_target', 'NumberChildren'))": 0.9031016575982915,
    "(('prospect_both_50_70_ec_av_target', 'Income'), ('prospect_both_50_70_ec_av_source', 'Income'))": 0.8752412858170284,
    "(('prospect_both_50_70_ec_av_target', 'CreditRating'), ('prospect_both_50_70_ec_av_source', 'CreditRating'))": 0.870916795344642,
    "(('prospect_both_50_70_ec_av_target', 'MaritalStatus'), ('prospect_both_50_70_ec_av_source', 'MiddleInitial'))": 0.7765850420386672
  },
  "metrics": {
    "precision": 0.8333333333333334,
    "recall": 0.3333333333333333,
    "f1_score": 0.47619047619047616,
    "precision_at_10_percent": 1.0,
    "precision_at_20_percent": 0.75,
    "precision_at_30_percent": 0.5,
    "precision_at_40_percent": 0.625,
    "precision_at_50_percent": 0.6,
    "precision_at_60_percent": 0.5,
    "precision_at_70_percent": 0.5,
    "precision_at_80_percent": 0.5,
    "precision_at_90_percent": 0.5,
    "recall_at_sizeof_ground_truth": 0.4666666666666667
  },
  "run_times": {
    "total_time": 123.10221329399974,
    "algorithm_time": 121.99769393299994
  }
}