{
  "name": "prospect_both_0_70_ac2_ev__CorrelationClustering{'threshold1': 0.5, 'threshold2': 0.5, 'quantiles': 256, 'process_num': 4, 'chunk_size': 1, 'clear_cache': True}",
  "matches": {
    "(('prospect_both_0_70_ac2_ev_target', 'Coun'), ('prospect_both_0_70_ac2_ev_source', 'Country'))": 0.9998953858308358,
    "(('prospect_both_0_70_ac2_ev_source', 'NumberChildren'), ('prospect_both_0_70_ac2_ev_target', 'NuCh'))": 0.9960888555550949,
    "(('prospect_both_0_70_ac2_ev_target', 'Ci'), ('prospect_both_0_70_ac2_ev_source', 'City'))": 0.9959962037574457,
    "(('prospect_both_0_70_ac2_ev_target', 'NuCreCar'), ('prospect_both_0_70_ac2_ev_source', 'NumberCreditCards'))": 0.9956342094353238,
    "(('prospect_both_0_70_ac2_ev_source', 'NumberChildren'), ('prospect_both_0_70_ac2_ev_target', 'NumCa'))": 0.9952142647586303,
    "(('prospect_both_0_70_ac2_ev_source', 'CreditRating'), ('prospect_both_0_70_ac2_ev_target', 'CrRat'))": 0.9949193645779973,
    "(('prospect_both_0_70_ac2_ev_source', 'State'), ('prospect_both_0_70_ac2_ev_target', 'Sta'))": 0.9945734752065646,
    "(('prospect_both_0_70_ac2_ev_target', 'MaSta'), ('prospect_both_0_70_ac2_ev_source', 'MaritalStatus'))": 0.9930902664159933,
    "(('prospect_both_0_70_ac2_ev_target', 'Ag'), ('prospect_both_0_70_ac2_ev_source', 'Age'))": 0.9927800759564359,
    "(('prospect_both_0_70_ac2_ev_source', 'Employer'), ('prospect_both_0_70_ac2_ev_target', 'Emp'))": 0.9925607438193774,
    "(('prospect_both_0_70_ac2_ev_target', 'Inc'), ('prospect_both_0_70_ac2_ev_source', 'Income'))": 0.9914564532278902,
    "(('prospect_both_0_70_ac2_ev_source', 'MiddleInitial'), ('prospect_both_0_70_ac2_ev_target', 'MidInit'))": 0.9880813345793064,
    "(('prospect_both_0_70_ac2_ev_source', 'Employer'), ('prospect_both_0_70_ac2_ev_target', 'Ci'))": 0.9649358291923156,
    "(('prospect_both_0_70_ac2_ev_target', 'Emp'), ('prospect_both_0_70_ac2_ev_source', 'FirstName'))": 0.9633849058875367,
    "(('prospect_both_0_70_ac2_ev_target', 'Ci'), ('prospect_both_0_70_ac2_ev_source', 'LastName'))": 0.9630239227378475,
    "(('prospect_both_0_70_ac2_ev_target', 'Emp'), ('prospect_both_0_70_ac2_ev_source', 'City'))": 0.9597770719411819,
    "(('prospect_both_0_70_ac2_ev_target', 'Ci'), ('prospect_both_0_70_ac2_ev_source', 'FirstName'))": 0.9545443449199777,
    "(('prospect_both_0_70_ac2_ev_source', 'LastName'), ('prospect_both_0_70_ac2_ev_target', 'Emp'))": 0.9504328231366451,
    "(('prospect_both_0_70_ac2_ev_target', 'Ci'), ('prospect_both_0_70_ac2_ev_source', 'State'))": 0.9427813584566453,
    "(('prospect_both_0_70_ac2_ev_target', 'Sta'), ('prospect_both_0_70_ac2_ev_source', 'City'))": 0.9353621675526562,
    "(('prospect_both_0_70_ac2_ev_source', 'Employer'), ('prospect_both_0_70_ac2_ev_target', 'Sta'))": 0.9296729304473965,
    "(('prospect_both_0_70_ac2_ev_source', 'State'), ('prospect_both_0_70_ac2_ev_target', 'Emp'))": 0.9033510973765251,
    "(('prospect_both_0_70_ac2_ev_target', 'Sta'), ('prospect_both_0_70_ac2_ev_source', 'LastName'))": 0.9005976538242902,
    "(('prospect_both_0_70_ac2_ev_target', 'Sta'), ('prospect_both_0_70_ac2_ev_source', 'FirstName'))": 0.8868076016016166,
    "(('prospect_both_0_70_ac2_ev_source', 'MaritalStatus'), ('prospect_both_0_70_ac2_ev_target', 'OORF'))": 0.8820831389325645,
    "(('prospect_both_0_70_ac2_ev_target', 'MidInit'), ('prospect_both_0_70_ac2_ev_source', 'MaritalStatus'))": 0.8812433095213061,
    "(('prospect_both_0_70_ac2_ev_source', 'MiddleInitial'), ('prospect_both_0_70_ac2_ev_target', 'OORF'))": 0.8321139449054722,
    "(('prospect_both_0_70_ac2_ev_source', 'Gender'), ('prospect_both_0_70_ac2_ev_target', 'MidInit'))": 0.7783962746713553,
    "(('prospect_both_0_70_ac2_ev_target', 'MaSta'), ('prospect_both_0_70_ac2_ev_source', 'MiddleInitial'))": 0.7761150742648887,
    "(('prospect_both_0_70_ac2_ev_target', 'MaSta'), ('prospect_both_0_70_ac2_ev_source', 'Gender'))": 0.754253972182067,
    "(('prospect_both_0_70_ac2_ev_target', 'NuCh'), ('prospect_both_0_70_ac2_ev_source', 'NumberCreditCards'))": 0.6926558998831195,
    "(('prospect_both_0_70_ac2_ev_target', 'NumCa'), ('prospect_both_0_70_ac2_ev_source', 'NumberCreditCards'))": 0.6926558998831195,
    "(('prospect_both_0_70_ac2_ev_target', 'Ag'), ('prospect_both_0_70_ac2_ev_source', 'NumberCreditCards'))": 0.6907450922237415,
    "(('prospect_both_0_70_ac2_ev_source', 'NumberChildren'), ('prospect_both_0_70_ac2_ev_target', 'NuCreCar'))": 0.6897400259746179,
    "(('prospect_both_0_70_ac2_ev_source', 'Age'), ('prospect_both_0_70_ac2_ev_target', 'NumCa'))": 0.6806199260329255,
    "(('prospect_both_0_70_ac2_ev_source', 'Age'), ('prospect_both_0_70_ac2_ev_target', 'NuCh'))": 0.6805791170045765,
    "(('prospect_both_0_70_ac2_ev_target', 'Ag'), ('prospect_both_0_70_ac2_ev_source', 'NumberChildren'))": 0.679886545030717,
    "(('prospect_both_0_70_ac2_ev_source', 'Gender'), ('prospect_both_0_70_ac2_ev_target', 'OORF'))": 0.6445998381837176,
    "(('prospect_both_0_70_ac2_ev_target', 'NuCreCar'), ('prospect_both_0_70_ac2_ev_source', 'Age'))": 0.5296584711338539
  },
  "metrics": {
    "precision": 1.0,
    "recall": 0.7333333333333333,
    "f1_score": 0.846153846153846,
    "precision_at_10_percent": 1.0,
    "precision_at_20_percent": 0.875,
    "precision_at_30_percent": 0.9166666666666666,
    "precision_at_40_percent": 0.6875,
    "precision_at_50_percent": 0.55,
    "precision_at_60_percent": 0.4583333333333333,
    "precision_at_70_percent": 0.39285714285714285,
    "precision_at_80_percent": 0.34375,
    "precision_at_90_percent": 0.3055555555555556,
    "recall_at_sizeof_ground_truth": 0.7333333333333333
  },
  "run_times": {
    "total_time": 79.61646524699972,
    "algorithm_time": 79.23126523799874
  }
}