{
  "name": "prospect_both_50_70_ac3_av__CorrelationClustering{'threshold1': 0.5, 'threshold2': 0.3, 'quantiles': 256, 'process_num': 4, 'chunk_size': 1, 'clear_cache': True}",
  "matches": {
    "(('prospect_both_50_70_ac3_av_source', 'OwnOrRentFlag'), ('prospect_both_50_70_ac3_av_target', 'wnrrntflg'))": 0.9988285632060875,
    "(('prospect_both_50_70_ac3_av_target', 'gndr'), ('prospect_both_50_70_ac3_av_source', 'Gender'))": 0.9980070134127135,
    "(('prospect_both_50_70_ac3_av_source', 'MiddleInitial'), ('prospect_both_50_70_ac3_av_target', 'mddlntl'))": 0.9920449379057182,
    "(('prospect_both_50_70_ac3_av_source', 'LastName'), ('prospect_both_50_70_ac3_av_target', 'frstnm'))": 0.990035639391392,
    "(('prospect_both_50_70_ac3_av_source', 'FirstName'), ('prospect_both_50_70_ac3_av_target', 'frstnm'))": 0.9770306597445443,
    "(('prospect_both_50_70_ac3_av_target', 'ct'), ('prospect_both_50_70_ac3_av_source', 'City'))": 0.971819347254496,
    "(('prospect_both_50_70_ac3_av_target', 'gncd'), ('prospect_both_50_70_ac3_av_source', 'AgencyID'))": 0.9708020961663233,
    "(('prospect_both_50_70_ac3_av_target', 'lstnm'), ('prospect_both_50_70_ac3_av_source', 'LastName'))": 0.9671856686542231,
    "(('prospect_both_50_70_ac3_av_target', 'lstnm'), ('prospect_both_50_70_ac3_av_source', 'FirstName'))": 0.9541751911647814,
    "(('prospect_both_50_70_ac3_av_target', 'lstnm'), ('prospect_both_50_70_ac3_av_source', 'State'))": 0.939342252171525,
    "(('prospect_both_50_70_ac3_av_target', 'g'), ('prospect_both_50_70_ac3_av_source', 'Age'))": 0.9162652584031055,
    "(('prospect_both_50_70_ac3_av_source', 'NumberCreditCards'), ('prospect_both_50_70_ac3_av_target', 'nmbrcrdtcrds'))": 0.8855192964577602,
    "(('prospect_both_50_70_ac3_av_source', 'MiddleInitial'), ('prospect_both_50_70_ac3_av_target', 'mrtlstts'))": 0.8821150626686906,
    "(('prospect_both_50_70_ac3_av_source', 'State'), ('prospect_both_50_70_ac3_av_target', 'frstnm'))": 0.8798280763174977,
    "(('prospect_both_50_70_ac3_av_source', 'NetWorth'), ('prospect_both_50_70_ac3_av_target', 'ntwrth'))": 0.8740733252273581,
    "(('prospect_both_50_70_ac3_av_source', 'NumberCars'), ('prospect_both_50_70_ac3_av_target', 'nmbrchldrn'))": 0.845499094510918,
    "(('prospect_both_50_70_ac3_av_target', 'mddlntl'), ('prospect_both_50_70_ac3_av_source', 'Gender'))": 0.8444206722804475,
    "(('prospect_both_50_70_ac3_av_source', 'NumberCars'), ('prospect_both_50_70_ac3_av_target', 'nmbrcrs'))": 0.8438852582804222,
    "(('prospect_both_50_70_ac3_av_source', 'MiddleInitial'), ('prospect_both_50_70_ac3_av_target', 'gndr'))": 0.8410997452591684,
    "(('prospect_both_50_70_ac3_av_source', 'MiddleInitial'), ('prospect_both_50_70_ac3_av_target', 'wnrrntflg'))": 0.8318747851317079,
    "(('prospect_both_50_70_ac3_av_source', 'CreditRating'), ('prospect_both_50_70_ac3_av_target', 'crdtrtng'))": 0.8305570271854246,
    "(('prospect_both_50_70_ac3_av_target', 'mrtlstts'), ('prospect_both_50_70_ac3_av_source', 'Gender'))": 0.7543999047532229,
    "(('prospect_both_50_70_ac3_av_source', 'NetWorth'), ('prospect_both_50_70_ac3_av_target', 'ncm'))": 0.6941727008590036,
    "(('prospect_both_50_70_ac3_av_source', 'OwnOrRentFlag'), ('prospect_both_50_70_ac3_av_target', 'mrtlstts'))": 0.5995879445169815,
    "(('prospect_both_50_70_ac3_av_source', 'OwnOrRentFlag'), ('prospect_both_50_70_ac3_av_target', 'mddlntl'))": 0.5714427831447778,
    "(('prospect_both_50_70_ac3_av_target', 'wnrrntflg'), ('prospect_both_50_70_ac3_av_source', 'Gender'))": 0.5023616986764833,
    "(('prospect_both_50_70_ac3_av_source', 'OwnOrRentFlag'), ('prospect_both_50_70_ac3_av_target', 'gndr'))": 0.5020796728891225
  },
  "metrics": {
    "precision": 0.75,
    "recall": 0.6,
    "f1_score": 0.6666666666666665,
    "precision_at_10_percent": 1.0,
    "precision_at_20_percent": 0.8333333333333334,
    "precision_at_30_percent": 0.7777777777777778,
    "precision_at_40_percent": 0.7272727272727273,
    "precision_at_50_percent": 0.6428571428571429,
    "precision_at_60_percent": 0.5882352941176471,
    "precision_at_70_percent": 0.5789473684210527,
    "precision_at_80_percent": 0.5454545454545454,
    "precision_at_90_percent": 0.48,
    "recall_at_sizeof_ground_truth": 0.6666666666666666
  },
  "run_times": {
    "total_time": 114.1488275039992,
    "algorithm_time": 112.55319885599965
  }
}