{
  "name": "prospect_vertical_30_ac1_ev__CorrelationClustering{'threshold1': 0.4, 'threshold2': 0.4, 'quantiles': 256, 'process_num': 4, 'chunk_size': 1, 'clear_cache': True}",
  "matches": {
    "(('prospect_vertical_30_ac1_ev_target', 'prospect_AgencyID'), ('prospect_vertical_30_ac1_ev_source', 'AgencyID'))": 1.0,
    "(('prospect_vertical_30_ac1_ev_target', 'prospect_Country'), ('prospect_vertical_30_ac1_ev_source', 'Country'))": 1.0,
    "(('prospect_vertical_30_ac1_ev_target', 'prospect_AddressLine1'), ('prospect_vertical_30_ac1_ev_source', 'AddressLine1'))": 1.0,
    "(('prospect_vertical_30_ac1_ev_target', 'prospect_MaritalStatus'), ('prospect_vertical_30_ac1_ev_source', 'MaritalStatus'))": 1.0,
    "(('prospect_vertical_30_ac1_ev_target', 'prospect_Gender'), ('prospect_vertical_30_ac1_ev_source', 'Gender'))": 1.0,
    "(('prospect_vertical_30_ac1_ev_source', 'OwnOrRentFlag'), ('prospect_vertical_30_ac1_ev_target', 'prospect_OwnOrRentFlag'))": 1.0,
    "(('prospect_vertical_30_ac1_ev_target', 'prospect_Employer'), ('prospect_vertical_30_ac1_ev_source', 'City'))": 0.9624689291072158,
    "(('prospect_vertical_30_ac1_ev_target', 'prospect_Employer'), ('prospect_vertical_30_ac1_ev_source', 'FirstName'))": 0.9384183764380915,
    "(('prospect_vertical_30_ac1_ev_target', 'prospect_Employer'), ('prospect_vertical_30_ac1_ev_source', 'LastName'))": 0.9297253495623153,
    "(('prospect_vertical_30_ac1_ev_target', 'prospect_Employer'), ('prospect_vertical_30_ac1_ev_source', 'State'))": 0.925884163813236,
    "(('prospect_vertical_30_ac1_ev_target', 'prospect_MaritalStatus'), ('prospect_vertical_30_ac1_ev_source', 'OwnOrRentFlag'))": 0.8260902092726079,
    "(('prospect_vertical_30_ac1_ev_source', 'MaritalStatus'), ('prospect_vertical_30_ac1_ev_target', 'prospect_OwnOrRentFlag'))": 0.8260902092726079,
    "(('prospect_vertical_30_ac1_ev_source', 'MiddleInitial'), ('prospect_vertical_30_ac1_ev_target', 'prospect_OwnOrRentFlag'))": 0.8220859057558055,
    "(('prospect_vertical_30_ac1_ev_target', 'prospect_MaritalStatus'), ('prospect_vertical_30_ac1_ev_source', 'MiddleInitial'))": 0.7762748398730287,
    "(('prospect_vertical_30_ac1_ev_target', 'prospect_Gender'), ('prospect_vertical_30_ac1_ev_source', 'MiddleInitial'))": 0.7738726552126324,
    "(('prospect_vertical_30_ac1_ev_target', 'prospect_MaritalStatus'), ('prospect_vertical_30_ac1_ev_source', 'Gender'))": 0.7564186071428914,
    "(('prospect_vertical_30_ac1_ev_source', 'MaritalStatus'), ('prospect_vertical_30_ac1_ev_target', 'prospect_Gender'))": 0.7564186071428914,
    "(('prospect_vertical_30_ac1_ev_target', 'prospect_Gender'), ('prospect_vertical_30_ac1_ev_source', 'OwnOrRentFlag'))": 0.6443473044895983,
    "(('prospect_vertical_30_ac1_ev_source', 'Gender'), ('prospect_vertical_30_ac1_ev_target', 'prospect_OwnOrRentFlag'))": 0.6443473044895983
  },
  "metrics": {
    "precision": 0.8571428571428571,
    "recall": 1.0,
    "f1_score": 0.923076923076923,
    "precision_at_10_percent": 1.0,
    "precision_at_20_percent": 1.0,
    "precision_at_30_percent": 1.0,
    "precision_at_40_percent": 0.75,
    "precision_at_50_percent": 0.6,
    "precision_at_60_percent": 0.5,
    "precision_at_70_percent": 0.42857142857142855,
    "precision_at_80_percent": 0.375,
    "precision_at_90_percent": 0.3333333333333333,
    "recall_at_sizeof_ground_truth": 1.0
  },
  "run_times": {
    "total_time": 80.02491583799929,
    "algorithm_time": 78.90546616699976
  }
}