{
  "name": "prospect_both_0_50_ac3_ev__CorrelationClustering{'threshold1': 0.5, 'threshold2': 0.3, 'quantiles': 256, 'process_num': 4, 'chunk_size': 1, 'clear_cache': True}",
  "matches": {
    "(('prospect_both_0_50_ac3_ev_target', 'wnrrntflg'), ('prospect_both_0_50_ac3_ev_source', 'OwnOrRentFlag'))": 0.9983663008970283,
    "(('prospect_both_0_50_ac3_ev_source', 'NumberCars'), ('prospect_both_0_50_ac3_ev_target', 'nmbrcrs'))": 0.9969762979874353,
    "(('prospect_both_0_50_ac3_ev_target', 'gndr'), ('prospect_both_0_50_ac3_ev_source', 'Gender'))": 0.9966427818341754,
    "(('prospect_both_0_50_ac3_ev_source', 'NumberCars'), ('prospect_both_0_50_ac3_ev_target', 'nmbrchldrn'))": 0.9964667794314603,
    "(('prospect_both_0_50_ac3_ev_source', 'MaritalStatus'), ('prospect_both_0_50_ac3_ev_target', 'mrtlstts'))": 0.9951560203743252,
    "(('prospect_both_0_50_ac3_ev_source', 'State'), ('prospect_both_0_50_ac3_ev_target', 'stt'))": 0.9945734752065646,
    "(('prospect_both_0_50_ac3_ev_target', 'mplr'), ('prospect_both_0_50_ac3_ev_source', 'Employer'))": 0.9925565107023416,
    "(('prospect_both_0_50_ac3_ev_source', 'Income'), ('prospect_both_0_50_ac3_ev_target', 'ncm'))": 0.9916887414055547,
    "(('prospect_both_0_50_ac3_ev_source', 'MiddleInitial'), ('prospect_both_0_50_ac3_ev_target', 'mddlntl'))": 0.9880813345793064,
    "(('prospect_both_0_50_ac3_ev_source', 'City'), ('prospect_both_0_50_ac3_ev_target', 'mplr'))": 0.953118832780242,
    "(('prospect_both_0_50_ac3_ev_source', 'LastName'), ('prospect_both_0_50_ac3_ev_target', 'stt'))": 0.9418519184864906,
    "(('prospect_both_0_50_ac3_ev_source', 'MiddleInitial'), ('prospect_both_0_50_ac3_ev_target', 'mrtlstts'))": 0.8824280076082336,
    "(('prospect_both_0_50_ac3_ev_source', 'MiddleInitial'), ('prospect_both_0_50_ac3_ev_target', 'gndr'))": 0.840805264069153,
    "(('prospect_both_0_50_ac3_ev_target', 'mddlntl'), ('prospect_both_0_50_ac3_ev_source', 'OwnOrRentFlag'))": 0.8227015345141383,
    "(('prospect_both_0_50_ac3_ev_target', 'nmbrcrdtcrds'), ('prospect_both_0_50_ac3_ev_source', 'NumberCars'))": 0.8152883321108308,
    "(('prospect_both_0_50_ac3_ev_source', 'Gender'), ('prospect_both_0_50_ac3_ev_target', 'mddlntl'))": 0.7783962746713553,
    "(('prospect_both_0_50_ac3_ev_source', 'MaritalStatus'), ('prospect_both_0_50_ac3_ev_target', 'mddlntl'))": 0.7353255617808151,
    "(('prospect_both_0_50_ac3_ev_target', 'gndr'), ('prospect_both_0_50_ac3_ev_source', 'MaritalStatus'))": 0.7269582628511402,
    "(('prospect_both_0_50_ac3_ev_source', 'Gender'), ('prospect_both_0_50_ac3_ev_target', 'mrtlstts'))": 0.711558302836756,
    "(('prospect_both_0_50_ac3_ev_target', 'g'), ('prospect_both_0_50_ac3_ev_source', 'NumberCars'))": 0.6800791588335683,
    "(('prospect_both_0_50_ac3_ev_target', 'gndr'), ('prospect_both_0_50_ac3_ev_source', 'OwnOrRentFlag'))": 0.6558790392596218,
    "(('prospect_both_0_50_ac3_ev_source', 'OwnOrRentFlag'), ('prospect_both_0_50_ac3_ev_target', 'mrtlstts'))": 0.5994002025879389,
    "(('prospect_both_0_50_ac3_ev_target', 'wnrrntflg'), ('prospect_both_0_50_ac3_ev_source', 'MaritalStatus'))": 0.598954081103587,
    "(('prospect_both_0_50_ac3_ev_target', 'wnrrntflg'), ('prospect_both_0_50_ac3_ev_source', 'MiddleInitial'))": 0.5756806691101787,
    "(('prospect_both_0_50_ac3_ev_target', 'wnrrntflg'), ('prospect_both_0_50_ac3_ev_source', 'Gender'))": 0.5023596382732421
  },
  "metrics": {
    "precision": 1.0,
    "recall": 0.7272727272727273,
    "f1_score": 0.8421052631578948,
    "precision_at_10_percent": 1.0,
    "precision_at_20_percent": 0.8,
    "precision_at_30_percent": 0.875,
    "precision_at_40_percent": 0.8,
    "precision_at_50_percent": 0.6153846153846154,
    "precision_at_60_percent": 0.5333333333333333,
    "precision_at_70_percent": 0.4444444444444444,
    "precision_at_80_percent": 0.4,
    "precision_at_90_percent": 0.34782608695652173,
    "recall_at_sizeof_ground_truth": 0.7272727272727273
  },
  "run_times": {
    "total_time": 57.31188560299961,
    "algorithm_time": 56.78786045899869
  }
}