{
  "name": "prospect_vertical_1_ac5_ev__CorrelationClustering{'threshold1': 0.5, 'threshold2': 0.4, 'quantiles': 256, 'process_num': 4, 'chunk_size': 1, 'clear_cache': True}",
  "matches": {
    "(('prospect_vertical_1_ac5_ev_target', 'prospect_gncd'), ('prospect_vertical_1_ac5_ev_source', 'AgencyID'))": 1.0,
    "(('prospect_vertical_1_ac5_ev_target', 'prospect_mplr'), ('prospect_vertical_1_ac5_ev_source', 'City'))": 0.9624689291072158,
    "(('prospect_vertical_1_ac5_ev_target', 'prospect_mplr'), ('prospect_vertical_1_ac5_ev_source', 'FirstName'))": 0.9384183764380915,
    "(('prospect_vertical_1_ac5_ev_target', 'prospect_mplr'), ('prospect_vertical_1_ac5_ev_source', 'LastName'))": 0.9297253495623153,
    "(('prospect_vertical_1_ac5_ev_target', 'prospect_mplr'), ('prospect_vertical_1_ac5_ev_source', 'State'))": 0.925884163813236,
    "(('prospect_vertical_1_ac5_ev_source', 'MiddleInitial'), ('prospect_vertical_1_ac5_ev_target', 'prospect_wnrrntflg'))": 0.8220859057558055,
    "(('prospect_vertical_1_ac5_ev_target', 'prospect_mrtlstts'), ('prospect_vertical_1_ac5_ev_source', 'MiddleInitial'))": 0.7762748398730287,
    "(('prospect_vertical_1_ac5_ev_source', 'Gender'), ('prospect_vertical_1_ac5_ev_target', 'prospect_mrtlstts'))": 0.7112219741831346,
    "(('prospect_vertical_1_ac5_ev_source', 'Gender'), ('prospect_vertical_1_ac5_ev_target', 'prospect_wnrrntflg'))": 0.6443473044895983
  },
  "metrics": {
    "precision": 0.3333333333333333,
    "recall": 1.0,
    "f1_score": 0.5,
    "precision_at_10_percent": 1.0,
    "precision_at_20_percent": 0.5,
    "precision_at_30_percent": 0.3333333333333333,
    "precision_at_40_percent": 0.25,
    "precision_at_50_percent": 0.2,
    "precision_at_60_percent": 0.16666666666666666,
    "precision_at_70_percent": 0.14285714285714285,
    "precision_at_80_percent": 0.125,
    "precision_at_90_percent": 0.1111111111111111,
    "recall_at_sizeof_ground_truth": 1.0
  },
  "run_times": {
    "total_time": 54.01473638099924,
    "algorithm_time": 53.15006390999952
  }
}