{
  "name": "prospect_horizontal_50_ac3_av__CorrelationClustering{'threshold1': 0.3, 'threshold2': 0.3, 'quantiles': 256, 'process_num': 4, 'chunk_size': 1, 'clear_cache': True}",
  "matches": {
    "(('prospect_horizontal_50_ac3_av_source', 'OwnOrRentFlag'), ('prospect_horizontal_50_ac3_av_target', 'wnrrntflg'))": 0.9990447274123232,
    "(('prospect_horizontal_50_ac3_av_source', 'Gender'), ('prospect_horizontal_50_ac3_av_target', 'gndr'))": 0.9971582580481528,
    "(('prospect_horizontal_50_ac3_av_target', 'mrtlstts'), ('prospect_horizontal_50_ac3_av_source', 'MaritalStatus'))": 0.9960637448108528,
    "(('prospect_horizontal_50_ac3_av_target', 'stt'), ('prospect_horizontal_50_ac3_av_source', 'State'))": 0.993596330254293,
    "(('prospect_horizontal_50_ac3_av_target', 'mddlntl'), ('prospect_horizontal_50_ac3_av_source', 'MiddleInitial'))": 0.9911161868048095,
    "(('prospect_horizontal_50_ac3_av_source', 'Employer'), ('prospect_horizontal_50_ac3_av_target', 'mplr'))": 0.9880908737027136,
    "(('prospect_horizontal_50_ac3_av_target', 'ct'), ('prospect_horizontal_50_ac3_av_source', 'City'))": 0.9869250574217204,
    "(('prospect_horizontal_50_ac3_av_source', 'NumberCars'), ('prospect_horizontal_50_ac3_av_target', 'nmbrcrs'))": 0.9705709484923869,
    "(('prospect_horizontal_50_ac3_av_source', 'Employer'), ('prospect_horizontal_50_ac3_av_target', 'ct'))": 0.9653781848005154,
    "(('prospect_horizontal_50_ac3_av_target', 'nmbrchldrn'), ('prospect_horizontal_50_ac3_av_source', 'NumberCars'))": 0.9590089273504622,
    "(('prospect_horizontal_50_ac3_av_target', 'ntwrth'), ('prospect_horizontal_50_ac3_av_source', 'NetWorth'))": 0.9557965551116062,
    "(('prospect_horizontal_50_ac3_av_target', 'mplr'), ('prospect_horizontal_50_ac3_av_source', 'City'))": 0.9557700976879101,
    "(('prospect_horizontal_50_ac3_av_source', 'NumberCreditCards'), ('prospect_horizontal_50_ac3_av_target', 'nmbrcrdtcrds'))": 0.9540995932963247,
    "(('prospect_horizontal_50_ac3_av_target', 'ct'), ('prospect_horizontal_50_ac3_av_source', 'LastName'))": 0.9478016675238159,
    "(('prospect_horizontal_50_ac3_av_source', 'Age'), ('prospect_horizontal_50_ac3_av_target', 'g'))": 0.946075188912567,
    "(('prospect_horizontal_50_ac3_av_target', 'mplr'), ('prospect_horizontal_50_ac3_av_source', 'FirstName'))": 0.9455500616270683,
    "(('prospect_horizontal_50_ac3_av_source', 'State'), ('prospect_horizontal_50_ac3_av_target', 'ct'))": 0.9440286737104345,
    "(('prospect_horizontal_50_ac3_av_target', 'ct'), ('prospect_horizontal_50_ac3_av_source', 'FirstName'))": 0.9435019752609042,
    "(('prospect_horizontal_50_ac3_av_source', 'NumberChildren'), ('prospect_horizontal_50_ac3_av_target', 'nmbrcrs'))": 0.9352667934611508,
    "(('prospect_horizontal_50_ac3_av_source', 'NumberChildren'), ('prospect_horizontal_50_ac3_av_target', 'nmbrchldrn'))": 0.9348302914771957,
    "(('prospect_horizontal_50_ac3_av_target', 'mplr'), ('prospect_horizontal_50_ac3_av_source', 'LastName'))": 0.9343202224916218,
    "(('prospect_horizontal_50_ac3_av_source', 'Employer'), ('prospect_horizontal_50_ac3_av_target', 'stt'))": 0.9314294273465276,
    "(('prospect_horizontal_50_ac3_av_target', 'ncm'), ('prospect_horizontal_50_ac3_av_source', 'Income'))": 0.927258999346746,
    "(('prospect_horizontal_50_ac3_av_target', 'stt'), ('prospect_horizontal_50_ac3_av_source', 'City'))": 0.9269896418742342,
    "(('prospect_horizontal_50_ac3_av_source', 'State'), ('prospect_horizontal_50_ac3_av_target', 'mplr'))": 0.9235900260634458,
    "(('prospect_horizontal_50_ac3_av_target', 'stt'), ('prospect_horizontal_50_ac3_av_source', 'LastName'))": 0.8860581229751509,
    "(('prospect_horizontal_50_ac3_av_target', 'crdtrtng'), ('prospect_horizontal_50_ac3_av_source', 'CreditRating'))": 0.8842111243947484,
    "(('prospect_horizontal_50_ac3_av_target', 'mddlntl'), ('prospect_horizontal_50_ac3_av_source', 'MaritalStatus'))": 0.8802928083454731,
    "(('prospect_horizontal_50_ac3_av_target', 'stt'), ('prospect_horizontal_50_ac3_av_source', 'FirstName'))": 0.877566567524189,
    "(('prospect_horizontal_50_ac3_av_target', 'cntr'), ('prospect_horizontal_50_ac3_av_source', 'Country'))": 0.8549787255779641,
    "(('prospect_horizontal_50_ac3_av_target', 'mddlntl'), ('prospect_horizontal_50_ac3_av_source', 'Gender'))": 0.8459042808327417,
    "(('prospect_horizontal_50_ac3_av_source', 'MaritalStatus'), ('prospect_horizontal_50_ac3_av_target', 'wnrrntflg'))": 0.8263935033403379,
    "(('prospect_horizontal_50_ac3_av_target', 'mddlntl'), ('prospect_horizontal_50_ac3_av_source', 'OwnOrRentFlag'))": 0.8229433088556891,
    "(('prospect_horizontal_50_ac3_av_target', 'gndr'), ('prospect_horizontal_50_ac3_av_source', 'MiddleInitial'))": 0.7864284197399782,
    "(('prospect_horizontal_50_ac3_av_target', 'mrtlstts'), ('prospect_horizontal_50_ac3_av_source', 'MiddleInitial'))": 0.7767842647678409,
    "(('prospect_horizontal_50_ac3_av_source', 'MaritalStatus'), ('prospect_horizontal_50_ac3_av_target', 'gndr'))": 0.7556498311065837,
    "(('prospect_horizontal_50_ac3_av_source', 'Gender'), ('prospect_horizontal_50_ac3_av_target', 'mrtlstts'))": 0.7120987197356552,
    "(('prospect_horizontal_50_ac3_av_source', 'Gender'), ('prospect_horizontal_50_ac3_av_target', 'wnrrntflg'))": 0.6451942824207393,
    "(('prospect_horizontal_50_ac3_av_source', 'OwnOrRentFlag'), ('prospect_horizontal_50_ac3_av_target', 'mrtlstts'))": 0.5996866182106255,
    "(('prospect_horizontal_50_ac3_av_target', 'wnrrntflg'), ('prospect_horizontal_50_ac3_av_source', 'MiddleInitial'))": 0.5731751732424087,
    "(('prospect_horizontal_50_ac3_av_source', 'OwnOrRentFlag'), ('prospect_horizontal_50_ac3_av_target', 'gndr'))": 0.5020079602637965
  },
  "metrics": {
    "precision": 1.0,
    "recall": 0.5909090909090909,
    "f1_score": 0.7428571428571429,
    "precision_at_10_percent": 1.0,
    "precision_at_20_percent": 0.8888888888888888,
    "precision_at_30_percent": 0.7692307692307693,
    "precision_at_40_percent": 0.6470588235294118,
    "precision_at_50_percent": 0.5714285714285714,
    "precision_at_60_percent": 0.52,
    "precision_at_70_percent": 0.4827586206896552,
    "precision_at_80_percent": 0.45454545454545453,
    "precision_at_90_percent": 0.40540540540540543,
    "recall_at_sizeof_ground_truth": 0.5454545454545454
  },
  "run_times": {
    "total_time": 44.14470027799871,
    "algorithm_time": 43.91907593099859
  }
}