{
  "name": "prospect_both_0_50_ac4_ev__CorrelationClustering{'threshold1': 0.2, 'threshold2': 0.15, 'quantiles': 256, 'process_num': 4, 'chunk_size': 1, 'clear_cache': True}",
  "matches": {
    "(('prospect_both_0_50_ac4_ev_source', 'Country'), ('prospect_both_0_50_ac4_ev_target', 'prospect_Co'))": 0.9998953858308358,
    "(('prospect_both_0_50_ac4_ev_target', 'prospect_OwORF'), ('prospect_both_0_50_ac4_ev_source', 'OwnOrRentFlag'))": 0.9983663008970283,
    "(('prospect_both_0_50_ac4_ev_target', 'prospect_C'), ('prospect_both_0_50_ac4_ev_source', 'City'))": 0.9959962037574457,
    "(('prospect_both_0_50_ac4_ev_source', 'NumberCreditCards'), ('prospect_both_0_50_ac4_ev_target', 'prospect_NumCreCar'))": 0.9956342094353238,
    "(('prospect_both_0_50_ac4_ev_source', 'State'), ('prospect_both_0_50_ac4_ev_target', 'prospect_St'))": 0.9945734752065646,
    "(('prospect_both_0_50_ac4_ev_target', 'prospect_NeWor'), ('prospect_both_0_50_ac4_ev_source', 'NetWorth'))": 0.9927899275991275,
    "(('prospect_both_0_50_ac4_ev_source', 'Age'), ('prospect_both_0_50_ac4_ev_target', 'prospect_Ag'))": 0.9927300638105909,
    "(('prospect_both_0_50_ac4_ev_source', 'Employer'), ('prospect_both_0_50_ac4_ev_target', 'prospect_Em'))": 0.9925607438193774,
    "(('prospect_both_0_50_ac4_ev_target', 'prospect_In'), ('prospect_both_0_50_ac4_ev_source', 'Income'))": 0.9914554319031764,
    "(('prospect_both_0_50_ac4_ev_source', 'LastName'), ('prospect_both_0_50_ac4_ev_target', 'prospect_C'))": 0.9809124799427148,
    "(('prospect_both_0_50_ac4_ev_source', 'FirstName'), ('prospect_both_0_50_ac4_ev_target', 'prospect_C'))": 0.9756974214232357,
    "(('prospect_both_0_50_ac4_ev_source', 'MiddleInitial'), ('prospect_both_0_50_ac4_ev_target', 'prospect_MaSta'))": 0.8824280076082336
  },
  "metrics": {
    "precision": 1.0,
    "recall": 0.6363636363636364,
    "f1_score": 0.7777777777777778,
    "precision_at_10_percent": 1.0,
    "precision_at_20_percent": 1.0,
    "precision_at_30_percent": 1.0,
    "precision_at_40_percent": 1.0,
    "precision_at_50_percent": 1.0,
    "precision_at_60_percent": 1.0,
    "precision_at_70_percent": 1.0,
    "precision_at_80_percent": 0.9,
    "precision_at_90_percent": 0.8181818181818182,
    "recall_at_sizeof_ground_truth": 0.8181818181818182
  },
  "run_times": {
    "total_time": 51.12179726499926,
    "algorithm_time": 50.555819596998845
  }
}