{
  "name": "prospect_horizontal_0_ac1_av__CorrelationClustering{'threshold1': 0.2, 'threshold2': 0.15, 'quantiles': 256, 'process_num': 4, 'chunk_size': 1, 'clear_cache': True}",
  "matches": {
    "(('prospect_horizontal_0_ac1_av_target', 'prospect_Country'), ('prospect_horizontal_0_ac1_av_source', 'Country'))": 0.9998953858308358,
    "(('prospect_horizontal_0_ac1_av_source', 'OwnOrRentFlag'), ('prospect_horizontal_0_ac1_av_target', 'prospect_OwnOrRentFlag'))": 0.9983663008970283,
    "(('prospect_horizontal_0_ac1_av_target', 'prospect_NumberCars'), ('prospect_horizontal_0_ac1_av_source', 'NumberCars'))": 0.9968136864830642,
    "(('prospect_horizontal_0_ac1_av_source', 'Gender'), ('prospect_horizontal_0_ac1_av_target', 'prospect_Gender'))": 0.9965735045741682,
    "(('prospect_horizontal_0_ac1_av_source', 'NumberCars'), ('prospect_horizontal_0_ac1_av_target', 'prospect_NumberChildren'))": 0.9964667794314603,
    "(('prospect_horizontal_0_ac1_av_source', 'NumberChildren'), ('prospect_horizontal_0_ac1_av_target', 'prospect_NumberChildren'))": 0.9960888555550949,
    "(('prospect_horizontal_0_ac1_av_target', 'prospect_City'), ('prospect_horizontal_0_ac1_av_source', 'City'))": 0.9959962037574457,
    "(('prospect_horizontal_0_ac1_av_source', 'NumberCreditCards'), ('prospect_horizontal_0_ac1_av_target', 'prospect_NumberCreditCards'))": 0.9956342094353238,
    "(('prospect_horizontal_0_ac1_av_source', 'NumberChildren'), ('prospect_horizontal_0_ac1_av_target', 'prospect_NumberCars'))": 0.9952142647586303,
    "(('prospect_horizontal_0_ac1_av_target', 'prospect_CreditRating'), ('prospect_horizontal_0_ac1_av_source', 'CreditRating'))": 0.9948906888294117,
    "(('prospect_horizontal_0_ac1_av_source', 'State'), ('prospect_horizontal_0_ac1_av_target', 'prospect_State'))": 0.9945734752065646,
    "(('prospect_horizontal_0_ac1_av_target', 'prospect_MaritalStatus'), ('prospect_horizontal_0_ac1_av_source', 'MaritalStatus'))": 0.9930902664159933,
    "(('prospect_horizontal_0_ac1_av_source', 'NetWorth'), ('prospect_horizontal_0_ac1_av_target', 'prospect_NetWorth'))": 0.992851168640675,
    "(('prospect_horizontal_0_ac1_av_target', 'prospect_Age'), ('prospect_horizontal_0_ac1_av_source', 'Age'))": 0.9927800759564359,
    "(('prospect_horizontal_0_ac1_av_target', 'prospect_Employer'), ('prospect_horizontal_0_ac1_av_source', 'Employer'))": 0.9925565107023416,
    "(('prospect_horizontal_0_ac1_av_target', 'prospect_Income'), ('prospect_horizontal_0_ac1_av_source', 'Income'))": 0.991455800644083,
    "(('prospect_horizontal_0_ac1_av_source', 'MiddleInitial'), ('prospect_horizontal_0_ac1_av_target', 'prospect_MiddleInitial'))": 0.9880813345793064,
    "(('prospect_horizontal_0_ac1_av_target', 'prospect_City'), ('prospect_horizontal_0_ac1_av_source', 'LastName'))": 0.963023770463634,
    "(('prospect_horizontal_0_ac1_av_target', 'prospect_City'), ('prospect_horizontal_0_ac1_av_source', 'FirstName'))": 0.9545445229322025,
    "(('prospect_horizontal_0_ac1_av_source', 'MiddleInitial'), ('prospect_horizontal_0_ac1_av_target', 'prospect_MaritalStatus'))": 0.8824280076082336,
    "(('prospect_horizontal_0_ac1_av_source', 'MaritalStatus'), ('prospect_horizontal_0_ac1_av_target', 'prospect_MiddleInitial'))": 0.7353255617808151
  },
  "metrics": {
    "precision": 1.0,
    "recall": 0.6363636363636364,
    "f1_score": 0.7777777777777778,
    "precision_at_10_percent": 1.0,
    "precision_at_20_percent": 0.8,
    "precision_at_30_percent": 0.8571428571428571,
    "precision_at_40_percent": 0.7777777777777778,
    "precision_at_50_percent": 0.8181818181818182,
    "precision_at_60_percent": 0.8461538461538461,
    "precision_at_70_percent": 0.8666666666666667,
    "precision_at_80_percent": 0.8823529411764706,
    "precision_at_90_percent": 0.7894736842105263,
    "recall_at_sizeof_ground_truth": 0.6818181818181818
  },
  "run_times": {
    "total_time": 152.4385110759995,
    "algorithm_time": 151.74023629299882
  }
}