{
  "name": "prospect_both_50_1_ac2_ev__CorrelationClustering{'threshold1': 0.4, 'threshold2': 0.3, 'quantiles': 256, 'process_num': 4, 'chunk_size': 1, 'clear_cache': True}",
  "matches": {
    "(('prospect_both_50_1_ac2_ev_target', 'AgID'), ('prospect_both_50_1_ac2_ev_source', 'AgencyID'))": 0.9735562969587737,
    "(('prospect_both_50_1_ac2_ev_source', 'City'), ('prospect_both_50_1_ac2_ev_target', 'Emp'))": 0.9552599643402879,
    "(('prospect_both_50_1_ac2_ev_target', 'Emp'), ('prospect_both_50_1_ac2_ev_source', 'LastName'))": 0.9529117798807376,
    "(('prospect_both_50_1_ac2_ev_source', 'MiddleInitial'), ('prospect_both_50_1_ac2_ev_target', 'MaSta'))": 0.8821150626686906,
    "(('prospect_both_50_1_ac2_ev_source', 'MiddleInitial'), ('prospect_both_50_1_ac2_ev_target', 'OOReF'))": 0.8318747851317079,
    "(('prospect_both_50_1_ac2_ev_source', 'Gender'), ('prospect_both_50_1_ac2_ev_target', 'MaSta'))": 0.7113500812575648,
    "(('prospect_both_50_1_ac2_ev_source', 'Gender'), ('prospect_both_50_1_ac2_ev_target', 'OOReF'))": 0.6446030701568671
  },
  "metrics": {
    "precision": 0.5,
    "recall": 1.0,
    "f1_score": 0.6666666666666666,
    "precision_at_10_percent": 1.0,
    "precision_at_20_percent": 0.5,
    "precision_at_30_percent": 0.3333333333333333,
    "precision_at_40_percent": 0.3333333333333333,
    "precision_at_50_percent": 0.25,
    "precision_at_60_percent": 0.2,
    "precision_at_70_percent": 0.2,
    "precision_at_80_percent": 0.16666666666666666,
    "precision_at_90_percent": 0.14285714285714285,
    "recall_at_sizeof_ground_truth": 1.0
  },
  "run_times": {
    "total_time": 49.051043198000116,
    "algorithm_time": 48.83686243000011
  }
}