{
  "name": "prospect_horizontal_50_ac5_av__CorrelationClustering{'threshold1': 0.2, 'threshold2': 0.1, 'quantiles': 256, 'process_num': 4, 'chunk_size': 1, 'clear_cache': True}",
  "matches": {
    "(('prospect_horizontal_50_ac5_av_target', 'prospect_wnrrntflg'), ('prospect_horizontal_50_ac5_av_source', 'OwnOrRentFlag'))": 0.9990447274123232,
    "(('prospect_horizontal_50_ac5_av_source', 'Gender'), ('prospect_horizontal_50_ac5_av_target', 'prospect_gndr'))": 0.9971582580481528,
    "(('prospect_horizontal_50_ac5_av_target', 'prospect_mrtlstts'), ('prospect_horizontal_50_ac5_av_source', 'MaritalStatus'))": 0.9960637448108528,
    "(('prospect_horizontal_50_ac5_av_source', 'City'), ('prospect_horizontal_50_ac5_av_target', 'prospect_ct'))": 0.9940617096780838,
    "(('prospect_horizontal_50_ac5_av_target', 'prospect_stt'), ('prospect_horizontal_50_ac5_av_source', 'State'))": 0.993137342461202,
    "(('prospect_horizontal_50_ac5_av_source', 'MiddleInitial'), ('prospect_horizontal_50_ac5_av_target', 'prospect_mddlntl'))": 0.9914232752721807,
    "(('prospect_horizontal_50_ac5_av_target', 'prospect_mplr'), ('prospect_horizontal_50_ac5_av_source', 'Employer'))": 0.9846537837063,
    "(('prospect_horizontal_50_ac5_av_source', 'NumberCars'), ('prospect_horizontal_50_ac5_av_target', 'prospect_nmbrcrs'))": 0.9810012010310033,
    "(('prospect_horizontal_50_ac5_av_target', 'prospect_nmbrchldrn'), ('prospect_horizontal_50_ac5_av_source', 'NumberCars'))": 0.9760719249176693,
    "(('prospect_horizontal_50_ac5_av_source', 'Income'), ('prospect_horizontal_50_ac5_av_target', 'prospect_ncm'))": 0.9614706431331372,
    "(('prospect_horizontal_50_ac5_av_source', 'NetWorth'), ('prospect_horizontal_50_ac5_av_target', 'prospect_ntwrth'))": 0.9585045640584142,
    "(('prospect_horizontal_50_ac5_av_target', 'prospect_nmbrcrs'), ('prospect_horizontal_50_ac5_av_source', 'NumberChildren'))": 0.9529208425666778,
    "(('prospect_horizontal_50_ac5_av_target', 'prospect_nmbrchldrn'), ('prospect_horizontal_50_ac5_av_source', 'NumberChildren'))": 0.9523857279108682,
    "(('prospect_horizontal_50_ac5_av_source', 'Age'), ('prospect_horizontal_50_ac5_av_target', 'prospect_g'))": 0.9517236116714405,
    "(('prospect_horizontal_50_ac5_av_target', 'prospect_nmbrcrdtcrds'), ('prospect_horizontal_50_ac5_av_source', 'NumberCreditCards'))": 0.94689389849677,
    "(('prospect_horizontal_50_ac5_av_target', 'prospect_crdtrtng'), ('prospect_horizontal_50_ac5_av_source', 'CreditRating'))": 0.879051932586014,
    "(('prospect_horizontal_50_ac5_av_target', 'prospect_cntr'), ('prospect_horizontal_50_ac5_av_source', 'Country'))": 0.8577826282934137
  },
  "metrics": {
    "precision": 1.0,
    "recall": 0.4090909090909091,
    "f1_score": 0.5806451612903226,
    "precision_at_10_percent": 1.0,
    "precision_at_20_percent": 1.0,
    "precision_at_30_percent": 1.0,
    "precision_at_40_percent": 1.0,
    "precision_at_50_percent": 0.8888888888888888,
    "precision_at_60_percent": 0.9090909090909091,
    "precision_at_70_percent": 0.8333333333333334,
    "precision_at_80_percent": 0.8571428571428571,
    "precision_at_90_percent": 0.875,
    "recall_at_sizeof_ground_truth": 0.6818181818181818
  },
  "run_times": {
    "total_time": 141.95104072100003,
    "algorithm_time": 140.8421041420006
  }
}