{
  "name": "prospect_both_50_30_ac5_av__CorrelationClustering{'threshold1': 0.3, 'threshold2': 0.3, 'quantiles': 256, 'process_num': 4, 'chunk_size': 1, 'clear_cache': True}",
  "matches": {
    "(('prospect_both_50_30_ac5_av_target', 'prospect_stt'), ('prospect_both_50_30_ac5_av_source', 'State'))": 0.9901720372831466,
    "(('prospect_both_50_30_ac5_av_source', 'AgencyID'), ('prospect_both_50_30_ac5_av_target', 'prospect_gncd'))": 0.9837403901249239,
    "(('prospect_both_50_30_ac5_av_target', 'prospect_frstnm'), ('prospect_both_50_30_ac5_av_source', 'LastName'))": 0.9818445033495915,
    "(('prospect_both_50_30_ac5_av_target', 'prospect_frstnm'), ('prospect_both_50_30_ac5_av_source', 'FirstName'))": 0.9620761011275002,
    "(('prospect_both_50_30_ac5_av_source', 'City'), ('prospect_both_50_30_ac5_av_target', 'prospect_mplr'))": 0.9552599643402879,
    "(('prospect_both_50_30_ac5_av_target', 'prospect_mplr'), ('prospect_both_50_30_ac5_av_source', 'LastName'))": 0.9529139226223838,
    "(('prospect_both_50_30_ac5_av_target', 'prospect_mplr'), ('prospect_both_50_30_ac5_av_source', 'FirstName'))": 0.9484128774501828,
    "(('prospect_both_50_30_ac5_av_source', 'City'), ('prospect_both_50_30_ac5_av_target', 'prospect_frstnm'))": 0.9463271954474168,
    "(('prospect_both_50_30_ac5_av_source', 'City'), ('prospect_both_50_30_ac5_av_target', 'prospect_stt'))": 0.9421304816946815,
    "(('prospect_both_50_30_ac5_av_source', 'LastName'), ('prospect_both_50_30_ac5_av_target', 'prospect_stt'))": 0.9403645481203404,
    "(('prospect_both_50_30_ac5_av_target', 'prospect_frstnm'), ('prospect_both_50_30_ac5_av_source', 'State'))": 0.9389662588292282,
    "(('prospect_both_50_30_ac5_av_source', 'FirstName'), ('prospect_both_50_30_ac5_av_target', 'prospect_stt'))": 0.93532489051558,
    "(('prospect_both_50_30_ac5_av_target', 'prospect_nmbrchldrn'), ('prospect_both_50_30_ac5_av_source', 'NumberCars'))": 0.9333427567210839,
    "(('prospect_both_50_30_ac5_av_target', 'prospect_mplr'), ('prospect_both_50_30_ac5_av_source', 'State'))": 0.923383810860423,
    "(('prospect_both_50_30_ac5_av_source', 'NumberCars'), ('prospect_both_50_30_ac5_av_target', 'prospect_nmbrcrs'))": 0.9223865196385944,
    "(('prospect_both_50_30_ac5_av_target', 'prospect_g'), ('prospect_both_50_30_ac5_av_source', 'Age'))": 0.9075672573171607,
    "(('prospect_both_50_30_ac5_av_target', 'prospect_nmbrcrdtcrds'), ('prospect_both_50_30_ac5_av_source', 'NumberCreditCards'))": 0.8926723355390829,
    "(('prospect_both_50_30_ac5_av_source', 'MiddleInitial'), ('prospect_both_50_30_ac5_av_target', 'prospect_mrtlstts'))": 0.8821150626686906,
    "(('prospect_both_50_30_ac5_av_source', 'Gender'), ('prospect_both_50_30_ac5_av_target', 'prospect_mrtlstts'))": 0.7113500812575648,
    "(('prospect_both_50_30_ac5_av_source', 'Gender'), ('prospect_both_50_30_ac5_av_target', 'prospect_wnrrntflg'))": 0.6446030701568671,
    "(('prospect_both_50_30_ac5_av_target', 'prospect_wnrrntflg'), ('prospect_both_50_30_ac5_av_source', 'MiddleInitial'))": 0.5757761462868134
  },
  "metrics": {
    "precision": 0.4444444444444444,
    "recall": 0.6666666666666666,
    "f1_score": 0.5333333333333333,
    "precision_at_10_percent": 0.6666666666666666,
    "precision_at_20_percent": 0.6,
    "precision_at_30_percent": 0.42857142857142855,
    "precision_at_40_percent": 0.3333333333333333,
    "precision_at_50_percent": 0.2727272727272727,
    "precision_at_60_percent": 0.23076923076923078,
    "precision_at_70_percent": 0.26666666666666666,
    "precision_at_80_percent": 0.35294117647058826,
    "precision_at_90_percent": 0.3157894736842105,
    "recall_at_sizeof_ground_truth": 0.5
  },
  "run_times": {
    "total_time": 77.96102829700249,
    "algorithm_time": 77.01112234800166
  }
}