{
  "name": "prospect_vertical_50_ac3_av__CorrelationClustering{'threshold1': 0.2, 'threshold2': 0.15, 'quantiles': 256, 'process_num': 4, 'chunk_size': 1, 'clear_cache': True}",
  "matches": {
    "(('prospect_vertical_50_ac3_av_source', 'MiddleInitial'), ('prospect_vertical_50_ac3_av_target', 'mddlntl'))": 1.0,
    "(('prospect_vertical_50_ac3_av_source', 'MaritalStatus'), ('prospect_vertical_50_ac3_av_target', 'mrtlstts'))": 1.0,
    "(('prospect_vertical_50_ac3_av_source', 'OwnOrRentFlag'), ('prospect_vertical_50_ac3_av_target', 'wnrrntflg'))": 1.0,
    "(('prospect_vertical_50_ac3_av_source', 'AgencyID'), ('prospect_vertical_50_ac3_av_target', 'gncd'))": 0.9915409746968122,
    "(('prospect_vertical_50_ac3_av_source', 'City'), ('prospect_vertical_50_ac3_av_target', 'ct'))": 0.9880746592631215,
    "(('prospect_vertical_50_ac3_av_source', 'FirstName'), ('prospect_vertical_50_ac3_av_target', 'ct'))": 0.9678721657041268,
    "(('prospect_vertical_50_ac3_av_target', 'ct'), ('prospect_vertical_50_ac3_av_source', 'LastName'))": 0.9474002022364133,
    "(('prospect_vertical_50_ac3_av_source', 'City'), ('prospect_vertical_50_ac3_av_target', 'stt'))": 0.9448407884527014,
    "(('prospect_vertical_50_ac3_av_source', 'LastName'), ('prospect_vertical_50_ac3_av_target', 'stt'))": 0.9402481459554543,
    "(('prospect_vertical_50_ac3_av_source', 'FirstName'), ('prospect_vertical_50_ac3_av_target', 'stt'))": 0.9400982436208518,
    "(('prospect_vertical_50_ac3_av_source', 'MiddleInitial'), ('prospect_vertical_50_ac3_av_target', 'mrtlstts'))": 0.8831117572558426,
    "(('prospect_vertical_50_ac3_av_target', 'mddlntl'), ('prospect_vertical_50_ac3_av_source', 'MaritalStatus'))": 0.8831117572558426,
    "(('prospect_vertical_50_ac3_av_source', 'NumberCreditCards'), ('prospect_vertical_50_ac3_av_target', 'nmbrcrdtcrds'))": 0.8754909299003842,
    "(('prospect_vertical_50_ac3_av_target', 'ntwrth'), ('prospect_vertical_50_ac3_av_source', 'NetWorth'))": 0.87296532938692,
    "(('prospect_vertical_50_ac3_av_source', 'NumberCars'), ('prospect_vertical_50_ac3_av_target', 'nmbrchldrn'))": 0.8644553706864518,
    "(('prospect_vertical_50_ac3_av_source', 'NumberCars'), ('prospect_vertical_50_ac3_av_target', 'nmbrcrs'))": 0.8624350455294388,
    "(('prospect_vertical_50_ac3_av_source', 'CreditRating'), ('prospect_vertical_50_ac3_av_target', 'crdtrtng'))": 0.8562975921869871
  },
  "metrics": {
    "precision": 0.8333333333333334,
    "recall": 0.45454545454545453,
    "f1_score": 0.5882352941176471,
    "precision_at_10_percent": 1.0,
    "precision_at_20_percent": 1.0,
    "precision_at_30_percent": 0.8333333333333334,
    "precision_at_40_percent": 0.7142857142857143,
    "precision_at_50_percent": 0.5555555555555556,
    "precision_at_60_percent": 0.45454545454545453,
    "precision_at_70_percent": 0.4166666666666667,
    "precision_at_80_percent": 0.5,
    "precision_at_90_percent": 0.5,
    "recall_at_sizeof_ground_truth": 0.45454545454545453
  },
  "run_times": {
    "total_time": 111.20903247800015,
    "algorithm_time": 107.96108930800074
  }
}