{
  "name": "prospect_both_0_50_ac2_av__CorrelationClustering{'threshold1': 0.2, 'threshold2': 0.1, 'quantiles': 256, 'process_num': 4, 'chunk_size': 1, 'clear_cache': True}",
  "matches": {
    "(('prospect_both_0_50_ac2_av_source', 'OwnOrRentFlag'), ('prospect_both_0_50_ac2_av_target', 'OwOReF'))": 0.9983663008970283,
    "(('prospect_both_0_50_ac2_av_target', 'MarSta'), ('prospect_both_0_50_ac2_av_source', 'MaritalStatus'))": 0.9930902664159933,
    "(('prospect_both_0_50_ac2_av_target', 'Sta'), ('prospect_both_0_50_ac2_av_source', 'State'))": 0.9881722208345294,
    "(('prospect_both_0_50_ac2_av_source', 'MiddleInitial'), ('prospect_both_0_50_ac2_av_target', 'MidIn'))": 0.9880813345793064,
    "(('prospect_both_0_50_ac2_av_target', 'NumCa'), ('prospect_both_0_50_ac2_av_source', 'NumberCars'))": 0.9135650761729309,
    "(('prospect_both_0_50_ac2_av_target', 'NuChil'), ('prospect_both_0_50_ac2_av_source', 'NumberCars'))": 0.9130734540111645,
    "(('prospect_both_0_50_ac2_av_target', 'CrRat'), ('prospect_both_0_50_ac2_av_source', 'CreditRating'))": 0.8698420191047344
  },
  "metrics": {
    "precision": 1.0,
    "recall": 0.2727272727272727,
    "f1_score": 0.42857142857142855,
    "precision_at_10_percent": 1.0,
    "precision_at_20_percent": 1.0,
    "precision_at_30_percent": 1.0,
    "precision_at_40_percent": 1.0,
    "precision_at_50_percent": 1.0,
    "precision_at_60_percent": 1.0,
    "precision_at_70_percent": 1.0,
    "precision_at_80_percent": 0.8333333333333334,
    "precision_at_90_percent": 0.8571428571428571,
    "recall_at_sizeof_ground_truth": 0.5454545454545454
  },
  "run_times": {
    "total_time": 61.92407846799961,
    "algorithm_time": 61.178220185999635
  }
}