{
  "name": "prospect_vertical_30_ac1_ev__CorrelationClustering{'threshold1': 0.1, 'threshold2': 0.2, 'quantiles': 256, 'process_num': 4, 'chunk_size': 1, 'clear_cache': True}",
  "matches": {
    "(('prospect_vertical_30_ac1_ev_source', 'AgencyID'), ('prospect_vertical_30_ac1_ev_target', 'prospect_AgencyID'))": 1.0,
    "(('prospect_vertical_30_ac1_ev_target', 'prospect_Country'), ('prospect_vertical_30_ac1_ev_source', 'Country'))": 1.0,
    "(('prospect_vertical_30_ac1_ev_source', 'AddressLine1'), ('prospect_vertical_30_ac1_ev_target', 'prospect_AddressLine1'))": 1.0,
    "(('prospect_vertical_30_ac1_ev_source', 'OwnOrRentFlag'), ('prospect_vertical_30_ac1_ev_target', 'prospect_OwnOrRentFlag'))": 1.0,
    "(('prospect_vertical_30_ac1_ev_source', 'MaritalStatus'), ('prospect_vertical_30_ac1_ev_target', 'prospect_MaritalStatus'))": 1.0,
    "(('prospect_vertical_30_ac1_ev_target', 'prospect_Gender'), ('prospect_vertical_30_ac1_ev_source', 'Gender'))": 1.0,
    "(('prospect_vertical_30_ac1_ev_source', 'City'), ('prospect_vertical_30_ac1_ev_target', 'prospect_Employer'))": 0.9563748157950982
  },
  "metrics": {
    "precision": 1.0,
    "recall": 1.0,
    "f1_score": 1.0,
    "precision_at_10_percent": 1.0,
    "precision_at_20_percent": 1.0,
    "precision_at_30_percent": 1.0,
    "precision_at_40_percent": 1.0,
    "precision_at_50_percent": 1.0,
    "precision_at_60_percent": 1.0,
    "precision_at_70_percent": 1.0,
    "precision_at_80_percent": 1.0,
    "precision_at_90_percent": 0.8571428571428571,
    "recall_at_sizeof_ground_truth": 1.0
  },
  "run_times": {
    "total_time": 64.94878771900039,
    "algorithm_time": 64.02918387200043
  }
}