{
  "name": "prospect_horizontal_50_ac2_ev__CorrelationClustering{'threshold1': 0.2, 'threshold2': 0.2, 'quantiles': 256, 'process_num': 4, 'chunk_size': 1, 'clear_cache': True}",
  "matches": {
    "(('prospect_horizontal_50_ac2_ev_target', 'Co'), ('prospect_horizontal_50_ac2_ev_source', 'Country'))": 0.9992778960205877,
    "(('prospect_horizontal_50_ac2_ev_target', 'OORFl'), ('prospect_horizontal_50_ac2_ev_source', 'OwnOrRentFlag'))": 0.9990447274123232,
    "(('prospect_horizontal_50_ac2_ev_target', 'Pho'), ('prospect_horizontal_50_ac2_ev_source', 'Phone'))": 0.9979796649189959,
    "(('prospect_horizontal_50_ac2_ev_target', 'Ge'), ('prospect_horizontal_50_ac2_ev_source', 'Gender'))": 0.9976519821566625,
    "(('prospect_horizontal_50_ac2_ev_target', 'NuCa'), ('prospect_horizontal_50_ac2_ev_source', 'NumberChildren'))": 0.997594053276489,
    "(('prospect_horizontal_50_ac2_ev_target', 'NumCh'), ('prospect_horizontal_50_ac2_ev_source', 'NumberChildren'))": 0.9974498964016947,
    "(('prospect_horizontal_50_ac2_ev_source', 'NumberCars'), ('prospect_horizontal_50_ac2_ev_target', 'NuCa'))": 0.9970759507459789,
    "(('prospect_horizontal_50_ac2_ev_target', 'Ci'), ('prospect_horizontal_50_ac2_ev_source', 'City'))": 0.996175295592974,
    "(('prospect_horizontal_50_ac2_ev_source', 'CreditRating'), ('prospect_horizontal_50_ac2_ev_target', 'CreRa'))": 0.9961739719924232,
    "(('prospect_horizontal_50_ac2_ev_source', 'NumberCars'), ('prospect_horizontal_50_ac2_ev_target', 'NumCh'))": 0.9961465333043882,
    "(('prospect_horizontal_50_ac2_ev_source', 'MaritalStatus'), ('prospect_horizontal_50_ac2_ev_target', 'MaSta'))": 0.9960637448108528,
    "(('prospect_horizontal_50_ac2_ev_target', 'NWo'), ('prospect_horizontal_50_ac2_ev_source', 'NetWorth'))": 0.9959071714711659,
    "(('prospect_horizontal_50_ac2_ev_source', 'State'), ('prospect_horizontal_50_ac2_ev_target', 'St'))": 0.995533359365342,
    "(('prospect_horizontal_50_ac2_ev_source', 'NumberCreditCards'), ('prospect_horizontal_50_ac2_ev_target', 'NumCreCa'))": 0.9950626249189098,
    "(('prospect_horizontal_50_ac2_ev_target', 'Em'), ('prospect_horizontal_50_ac2_ev_source', 'Employer'))": 0.9950561824186127,
    "(('prospect_horizontal_50_ac2_ev_source', 'Income'), ('prospect_horizontal_50_ac2_ev_target', 'Inc'))": 0.9949907069301178,
    "(('prospect_horizontal_50_ac2_ev_target', 'Ag'), ('prospect_horizontal_50_ac2_ev_source', 'Age'))": 0.9947494809493759,
    "(('prospect_horizontal_50_ac2_ev_target', 'MiIn'), ('prospect_horizontal_50_ac2_ev_source', 'MiddleInitial'))": 0.9911161868048095,
    "(('prospect_horizontal_50_ac2_ev_target', 'AddLi2'), ('prospect_horizontal_50_ac2_ev_source', 'AddressLine2'))": 0.978715270204918,
    "(('prospect_horizontal_50_ac2_ev_target', 'LaNa'), ('prospect_horizontal_50_ac2_ev_source', 'LastName'))": 0.9627525959866298,
    "(('prospect_horizontal_50_ac2_ev_source', 'AgencyID'), ('prospect_horizontal_50_ac2_ev_target', 'AgID'))": 0.962608789244052,
    "(('prospect_horizontal_50_ac2_ev_target', 'FirN'), ('prospect_horizontal_50_ac2_ev_source', 'FirstName'))": 0.9531109239255618,
    "(('prospect_horizontal_50_ac2_ev_source', 'MiddleInitial'), ('prospect_horizontal_50_ac2_ev_target', 'MaSta'))": 0.8816396901848633,
    "(('prospect_horizontal_50_ac2_ev_target', 'PoCo'), ('prospect_horizontal_50_ac2_ev_source', 'PostalCode'))": 0.7841378357961671,
    "(('prospect_horizontal_50_ac2_ev_source', 'MaritalStatus'), ('prospect_horizontal_50_ac2_ev_target', 'MiIn'))": 0.7751416892013906,
    "(('prospect_horizontal_50_ac2_ev_target', 'AddrLi1'), ('prospect_horizontal_50_ac2_ev_source', 'AddressLine1'))": 0.6985454065582302
  },
  "metrics": {
    "precision": 0.8823529411764706,
    "recall": 0.6818181818181818,
    "f1_score": 0.7692307692307693,
    "precision_at_10_percent": 1.0,
    "precision_at_20_percent": 0.8333333333333334,
    "precision_at_30_percent": 0.875,
    "precision_at_40_percent": 0.8181818181818182,
    "precision_at_50_percent": 0.8461538461538461,
    "precision_at_60_percent": 0.875,
    "precision_at_70_percent": 0.8947368421052632,
    "precision_at_80_percent": 0.9047619047619048,
    "precision_at_90_percent": 0.875,
    "recall_at_sizeof_ground_truth": 0.9090909090909091
  },
  "run_times": {
    "total_time": 150.15361346899954,
    "algorithm_time": 149.65853723600048
  }
}