{
  "name": "prospect_both_50_1_ac3_ev__CorrelationClustering{'threshold1': 0.2, 'threshold2': 0.1, 'quantiles': 256, 'process_num': 4, 'chunk_size': 1, 'clear_cache': True}",
  "matches": {
    "(('prospect_both_50_1_ac3_ev_source', 'AgencyID'), ('prospect_both_50_1_ac3_ev_target', 'gncd'))": 0.9731178910839503,
    "(('prospect_both_50_1_ac3_ev_source', 'MiddleInitial'), ('prospect_both_50_1_ac3_ev_target', 'mrtlstts'))": 0.8821150626686906
  },
  "metrics": {
    "precision": 0.5,
    "recall": 1.0,
    "f1_score": 0.6666666666666666,
    "precision_at_10_percent": 1.0,
    "precision_at_20_percent": 1.0,
    "precision_at_30_percent": 1.0,
    "precision_at_40_percent": 1.0,
    "precision_at_50_percent": 1.0,
    "precision_at_60_percent": 0.5,
    "precision_at_70_percent": 0.5,
    "precision_at_80_percent": 0.5,
    "precision_at_90_percent": 0.5,
    "recall_at_sizeof_ground_truth": 1.0
  },
  "run_times": {
    "total_time": 36.371845826000936,
    "algorithm_time": 36.20069726099973
  }
}