{
  "name": "prospect_horizontal_50_ac1_ev__CorrelationClustering{'threshold1': 0.1, 'threshold2': 0.2, 'quantiles': 256, 'process_num': 4, 'chunk_size': 1, 'clear_cache': True}",
  "matches": {
    "(('prospect_horizontal_50_ac1_ev_source', 'Country'), ('prospect_horizontal_50_ac1_ev_target', 'prospect_Country'))": 0.9992778960205877,
    "(('prospect_horizontal_50_ac1_ev_source', 'OwnOrRentFlag'), ('prospect_horizontal_50_ac1_ev_target', 'prospect_OwnOrRentFlag'))": 0.9990447274123232,
    "(('prospect_horizontal_50_ac1_ev_source', 'Phone'), ('prospect_horizontal_50_ac1_ev_target', 'prospect_Phone'))": 0.9979677455392367,
    "(('prospect_horizontal_50_ac1_ev_target', 'prospect_Gender'), ('prospect_horizontal_50_ac1_ev_source', 'Gender'))": 0.9976519821566625,
    "(('prospect_horizontal_50_ac1_ev_source', 'NumberChildren'), ('prospect_horizontal_50_ac1_ev_target', 'prospect_NumberChildren'))": 0.9973573781057508,
    "(('prospect_horizontal_50_ac1_ev_source', 'NumberChildren'), ('prospect_horizontal_50_ac1_ev_target', 'prospect_NumberCars'))": 0.9972155262738377,
    "(('prospect_horizontal_50_ac1_ev_source', 'NumberCars'), ('prospect_horizontal_50_ac1_ev_target', 'prospect_NumberCars'))": 0.9970759507459789,
    "(('prospect_horizontal_50_ac1_ev_target', 'prospect_CreditRating'), ('prospect_horizontal_50_ac1_ev_source', 'CreditRating'))": 0.9962120553878923,
    "(('prospect_horizontal_50_ac1_ev_target', 'prospect_City'), ('prospect_horizontal_50_ac1_ev_source', 'City'))": 0.996175295592974,
    "(('prospect_horizontal_50_ac1_ev_source', 'NumberCars'), ('prospect_horizontal_50_ac1_ev_target', 'prospect_NumberChildren'))": 0.9961465333043882,
    "(('prospect_horizontal_50_ac1_ev_target', 'prospect_MaritalStatus'), ('prospect_horizontal_50_ac1_ev_source', 'MaritalStatus'))": 0.9960637448108528,
    "(('prospect_horizontal_50_ac1_ev_source', 'NetWorth'), ('prospect_horizontal_50_ac1_ev_target', 'prospect_NetWorth'))": 0.9959485830723142,
    "(('prospect_horizontal_50_ac1_ev_target', 'prospect_State'), ('prospect_horizontal_50_ac1_ev_source', 'State'))": 0.9953896562509384,
    "(('prospect_horizontal_50_ac1_ev_target', 'prospect_NumberCreditCards'), ('prospect_horizontal_50_ac1_ev_source', 'NumberCreditCards'))": 0.9950626249189098,
    "(('prospect_horizontal_50_ac1_ev_target', 'prospect_Employer'), ('prospect_horizontal_50_ac1_ev_source', 'Employer'))": 0.9950561824186127,
    "(('prospect_horizontal_50_ac1_ev_target', 'prospect_Income'), ('prospect_horizontal_50_ac1_ev_source', 'Income'))": 0.9948788777469554,
    "(('prospect_horizontal_50_ac1_ev_source', 'Age'), ('prospect_horizontal_50_ac1_ev_target', 'prospect_Age'))": 0.9947327888718884,
    "(('prospect_horizontal_50_ac1_ev_target', 'prospect_MiddleInitial'), ('prospect_horizontal_50_ac1_ev_source', 'MiddleInitial'))": 0.9911161868048095,
    "(('prospect_horizontal_50_ac1_ev_source', 'AddressLine2'), ('prospect_horizontal_50_ac1_ev_target', 'prospect_AddressLine2'))": 0.9789552324163218,
    "(('prospect_horizontal_50_ac1_ev_source', 'LastName'), ('prospect_horizontal_50_ac1_ev_target', 'prospect_LastName'))": 0.9626088183640592,
    "(('prospect_horizontal_50_ac1_ev_source', 'AgencyID'), ('prospect_horizontal_50_ac1_ev_target', 'prospect_AgencyID'))": 0.962608789244052,
    "(('prospect_horizontal_50_ac1_ev_source', 'FirstName'), ('prospect_horizontal_50_ac1_ev_target', 'prospect_FirstName'))": 0.953182331789868
  },
  "metrics": {
    "precision": 1.0,
    "recall": 0.4090909090909091,
    "f1_score": 0.5806451612903226,
    "precision_at_10_percent": 1.0,
    "precision_at_20_percent": 1.0,
    "precision_at_30_percent": 0.8571428571428571,
    "precision_at_40_percent": 0.8888888888888888,
    "precision_at_50_percent": 0.8181818181818182,
    "precision_at_60_percent": 0.8571428571428571,
    "precision_at_70_percent": 0.875,
    "precision_at_80_percent": 0.8888888888888888,
    "precision_at_90_percent": 0.9,
    "recall_at_sizeof_ground_truth": 0.9090909090909091
  },
  "run_times": {
    "total_time": 141.74842094000087,
    "algorithm_time": 139.96335913300027
  }
}