{
  "name": "prospect_horizontal_100_ac2_av__CorrelationClustering{'threshold1': 0.2, 'threshold2': 0.15, 'quantiles': 256, 'process_num': 4, 'chunk_size': 1, 'clear_cache': True}",
  "matches": {
    "(('prospect_horizontal_100_ac2_av_target', 'OORFl'), ('prospect_horizontal_100_ac2_av_source', 'OwnOrRentFlag'))": 0.9991804235381831,
    "(('prospect_horizontal_100_ac2_av_source', 'Gender'), ('prospect_horizontal_100_ac2_av_target', 'Gen'))": 0.9983360565238523,
    "(('prospect_horizontal_100_ac2_av_source', 'State'), ('prospect_horizontal_100_ac2_av_target', 'Sta'))": 0.996795700318858,
    "(('prospect_horizontal_100_ac2_av_source', 'MaritalStatus'), ('prospect_horizontal_100_ac2_av_target', 'MarSta'))": 0.9965485176348525,
    "(('prospect_horizontal_100_ac2_av_source', 'MiddleInitial'), ('prospect_horizontal_100_ac2_av_target', 'MiInit'))": 0.9942634192622521,
    "(('prospect_horizontal_100_ac2_av_source', 'City'), ('prospect_horizontal_100_ac2_av_target', 'C'))": 0.9936246192132828,
    "(('prospect_horizontal_100_ac2_av_target', 'Empl'), ('prospect_horizontal_100_ac2_av_source', 'Employer'))": 0.9828416056534997,
    "(('prospect_horizontal_100_ac2_av_source', 'FirstName'), ('prospect_horizontal_100_ac2_av_target', 'C'))": 0.9670012740730409,
    "(('prospect_horizontal_100_ac2_av_source', 'Age'), ('prospect_horizontal_100_ac2_av_target', 'A'))": 0.9579348794754263,
    "(('prospect_horizontal_100_ac2_av_source', 'LastName'), ('prospect_horizontal_100_ac2_av_target', 'C'))": 0.9569429751949916,
    "(('prospect_horizontal_100_ac2_av_target', 'NumC'), ('prospect_horizontal_100_ac2_av_source', 'NumberCars'))": 0.9475440623099819,
    "(('prospect_horizontal_100_ac2_av_source', 'Income'), ('prospect_horizontal_100_ac2_av_target', 'Inc'))": 0.9443626418691414,
    "(('prospect_horizontal_100_ac2_av_source', 'NumberCars'), ('prospect_horizontal_100_ac2_av_target', 'NumCh'))": 0.9408208836412614,
    "(('prospect_horizontal_100_ac2_av_target', 'NumCreCa'), ('prospect_horizontal_100_ac2_av_source', 'NumberCreditCards'))": 0.9360350376828162,
    "(('prospect_horizontal_100_ac2_av_source', 'NumberChildren'), ('prospect_horizontal_100_ac2_av_target', 'NumC'))": 0.9265545987247065,
    "(('prospect_horizontal_100_ac2_av_source', 'NumberChildren'), ('prospect_horizontal_100_ac2_av_target', 'NumCh'))": 0.9252621072430681,
    "(('prospect_horizontal_100_ac2_av_target', 'CreRat'), ('prospect_horizontal_100_ac2_av_source', 'CreditRating'))": 0.9231235101111216,
    "(('prospect_horizontal_100_ac2_av_source', 'NetWorth'), ('prospect_horizontal_100_ac2_av_target', 'NWor'))": 0.905110218694027,
    "(('prospect_horizontal_100_ac2_av_source', 'MiddleInitial'), ('prospect_horizontal_100_ac2_av_target', 'MarSta'))": 0.8823587129832926,
    "(('prospect_horizontal_100_ac2_av_target', 'Co'), ('prospect_horizontal_100_ac2_av_source', 'Country'))": 0.7982769663858719,
    "(('prospect_horizontal_100_ac2_av_source', 'MaritalStatus'), ('prospect_horizontal_100_ac2_av_target', 'MiInit'))": 0.7756021165532425
  },
  "metrics": {
    "precision": 1.0,
    "recall": 0.5454545454545454,
    "f1_score": 0.7058823529411764,
    "precision_at_10_percent": 1.0,
    "precision_at_20_percent": 1.0,
    "precision_at_30_percent": 1.0,
    "precision_at_40_percent": 0.8888888888888888,
    "precision_at_50_percent": 0.8181818181818182,
    "precision_at_60_percent": 0.7692307692307693,
    "precision_at_70_percent": 0.7333333333333333,
    "precision_at_80_percent": 0.7647058823529411,
    "precision_at_90_percent": 0.7368421052631579,
    "recall_at_sizeof_ground_truth": 0.6818181818181818
  },
  "run_times": {
    "total_time": 155.6100810879998,
    "algorithm_time": 153.62157305599976
  }
}