{
  "name": "prospect_both_50_70_ac3_ev__CorrelationClustering{'threshold1': 0.3, 'threshold2': 0.3, 'quantiles': 256, 'process_num': 4, 'chunk_size': 1, 'clear_cache': True}",
  "matches": {
    "(('prospect_both_50_70_ac3_ev_target', 'cntr'), ('prospect_both_50_70_ac3_ev_source', 'Country'))": 0.9992093747175093,
    "(('prospect_both_50_70_ac3_ev_target', 'wnrrntflg'), ('prospect_both_50_70_ac3_ev_source', 'OwnOrRentFlag'))": 0.9988285632060875,
    "(('prospect_both_50_70_ac3_ev_target', 'nmbrchldrn'), ('prospect_both_50_70_ac3_ev_source', 'NumberChildren'))": 0.9983756425393574,
    "(('prospect_both_50_70_ac3_ev_source', 'Phone'), ('prospect_both_50_70_ac3_ev_target', 'phn'))": 0.9981632616873475,
    "(('prospect_both_50_70_ac3_ev_target', 'gndr'), ('prospect_both_50_70_ac3_ev_source', 'Gender'))": 0.9979592420146852,
    "(('prospect_both_50_70_ac3_ev_target', 'ct'), ('prospect_both_50_70_ac3_ev_source', 'City'))": 0.9971072576750041,
    "(('prospect_both_50_70_ac3_ev_source', 'CreditRating'), ('prospect_both_50_70_ac3_ev_target', 'crdtrtng'))": 0.9960777386172405,
    "(('prospect_both_50_70_ac3_ev_target', 'nmbrcrs'), ('prospect_both_50_70_ac3_ev_source', 'NumberChildren'))": 0.9947415477292951,
    "(('prospect_both_50_70_ac3_ev_target', 'mplr'), ('prospect_both_50_70_ac3_ev_source', 'Employer'))": 0.9945120091231056,
    "(('prospect_both_50_70_ac3_ev_target', 'ncm'), ('prospect_both_50_70_ac3_ev_source', 'Income'))": 0.9942173295629928,
    "(('prospect_both_50_70_ac3_ev_target', 'ntwrth'), ('prospect_both_50_70_ac3_ev_source', 'NetWorth'))": 0.9922757664241204,
    "(('prospect_both_50_70_ac3_ev_target', 'mddlntl'), ('prospect_both_50_70_ac3_ev_source', 'MiddleInitial'))": 0.9916642818859448,
    "(('prospect_both_50_70_ac3_ev_source', 'LastName'), ('prospect_both_50_70_ac3_ev_target', 'ct'))": 0.9804586036784109,
    "(('prospect_both_50_70_ac3_ev_source', 'FirstName'), ('prospect_both_50_70_ac3_ev_target', 'ct'))": 0.9760333455946532,
    "(('prospect_both_50_70_ac3_ev_target', 'lstnm'), ('prospect_both_50_70_ac3_ev_source', 'LastName'))": 0.9735385771565324,
    "(('prospect_both_50_70_ac3_ev_source', 'AgencyID'), ('prospect_both_50_70_ac3_ev_target', 'gncd'))": 0.9731185496303605,
    "(('prospect_both_50_70_ac3_ev_source', 'Employer'), ('prospect_both_50_70_ac3_ev_target', 'ct'))": 0.9658446376303967,
    "(('prospect_both_50_70_ac3_ev_target', 'mplr'), ('prospect_both_50_70_ac3_ev_source', 'FirstName'))": 0.9635214747616744,
    "(('prospect_both_50_70_ac3_ev_target', 'mplr'), ('prospect_both_50_70_ac3_ev_source', 'City'))": 0.9610968111516233,
    "(('prospect_both_50_70_ac3_ev_target', 'lstnm'), ('prospect_both_50_70_ac3_ev_source', 'City'))": 0.9606502702054802,
    "(('prospect_both_50_70_ac3_ev_target', 'lstnm'), ('prospect_both_50_70_ac3_ev_source', 'FirstName'))": 0.9560120475046401,
    "(('prospect_both_50_70_ac3_ev_target', 'mplr'), ('prospect_both_50_70_ac3_ev_source', 'LastName'))": 0.9529123722196402,
    "(('prospect_both_50_70_ac3_ev_target', 'lstnm'), ('prospect_both_50_70_ac3_ev_source', 'State'))": 0.9392834446998942,
    "(('prospect_both_50_70_ac3_ev_target', 'lstnm'), ('prospect_both_50_70_ac3_ev_source', 'Employer'))": 0.9345614133071501,
    "(('prospect_both_50_70_ac3_ev_source', 'State'), ('prospect_both_50_70_ac3_ev_target', 'ct'))": 0.9345480355247171,
    "(('prospect_both_50_70_ac3_ev_source', 'State'), ('prospect_both_50_70_ac3_ev_target', 'mplr'))": 0.9043063260584114,
    "(('prospect_both_50_70_ac3_ev_target', 'pstlcd'), ('prospect_both_50_70_ac3_ev_source', 'PostalCode'))": 0.9029086456123935,
    "(('prospect_both_50_70_ac3_ev_target', 'ddrssln1'), ('prospect_both_50_70_ac3_ev_source', 'AddressLine1'))": 0.8711924636216883,
    "(('prospect_both_50_70_ac3_ev_target', 'mddlntl'), ('prospect_both_50_70_ac3_ev_source', 'Gender'))": 0.8443456913697781,
    "(('prospect_both_50_70_ac3_ev_target', 'mrtlstts'), ('prospect_both_50_70_ac3_ev_source', 'OwnOrRentFlag'))": 0.8263228564186852,
    "(('prospect_both_50_70_ac3_ev_target', 'mddlntl'), ('prospect_both_50_70_ac3_ev_source', 'OwnOrRentFlag'))": 0.8215062597780274,
    "(('prospect_both_50_70_ac3_ev_target', 'mrtlstts'), ('prospect_both_50_70_ac3_ev_source', 'MiddleInitial'))": 0.7765850420386672,
    "(('prospect_both_50_70_ac3_ev_target', 'gndr'), ('prospect_both_50_70_ac3_ev_source', 'MiddleInitial'))": 0.7686007693530271,
    "(('prospect_both_50_70_ac3_ev_target', 'mrtlstts'), ('prospect_both_50_70_ac3_ev_source', 'Gender'))": 0.7543681390664133,
    "(('prospect_both_50_70_ac3_ev_target', 'gndr'), ('prospect_both_50_70_ac3_ev_source', 'OwnOrRentFlag'))": 0.6427887979472307,
    "(('prospect_both_50_70_ac3_ev_target', 'wnrrntflg'), ('prospect_both_50_70_ac3_ev_source', 'MiddleInitial'))": 0.5757761462868134,
    "(('prospect_both_50_70_ac3_ev_target', 'wnrrntflg'), ('prospect_both_50_70_ac3_ev_source', 'Gender'))": 0.5023613089702023
  },
  "metrics": {
    "precision": 1.0,
    "recall": 0.8666666666666667,
    "f1_score": 0.9285714285714286,
    "precision_at_10_percent": 1.0,
    "precision_at_20_percent": 0.875,
    "precision_at_30_percent": 0.9166666666666666,
    "precision_at_40_percent": 0.8,
    "precision_at_50_percent": 0.6842105263157895,
    "precision_at_60_percent": 0.5652173913043478,
    "precision_at_70_percent": 0.5,
    "precision_at_80_percent": 0.5,
    "precision_at_90_percent": 0.4411764705882353,
    "recall_at_sizeof_ground_truth": 0.8
  },
  "run_times": {
    "total_time": 110.94084580699928,
    "algorithm_time": 109.01039107100041
  }
}