{
  "name": "prospect_horizontal_0_ac3_av__CorrelationClustering{'threshold1': 0.3, 'threshold2': 0.3, 'quantiles': 256, 'process_num': 4, 'chunk_size': 1, 'clear_cache': True}",
  "matches": {
    "(('prospect_horizontal_0_ac3_av_target', 'cntr'), ('prospect_horizontal_0_ac3_av_source', 'Country'))": 0.9998953858308358,
    "(('prospect_horizontal_0_ac3_av_source', 'OwnOrRentFlag'), ('prospect_horizontal_0_ac3_av_target', 'wnrrntflg'))": 0.9983663008970283,
    "(('prospect_horizontal_0_ac3_av_source', 'NumberCars'), ('prospect_horizontal_0_ac3_av_target', 'nmbrcrs'))": 0.9969762979874353,
    "(('prospect_horizontal_0_ac3_av_source', 'Gender'), ('prospect_horizontal_0_ac3_av_target', 'gndr'))": 0.9965735045741682,
    "(('prospect_horizontal_0_ac3_av_target', 'nmbrchldrn'), ('prospect_horizontal_0_ac3_av_source', 'NumberChildren'))": 0.9965175460733809,
    "(('prospect_horizontal_0_ac3_av_source', 'NumberCars'), ('prospect_horizontal_0_ac3_av_target', 'nmbrchldrn'))": 0.9964667794314603,
    "(('prospect_horizontal_0_ac3_av_target', 'ct'), ('prospect_horizontal_0_ac3_av_source', 'City'))": 0.9959962037574457,
    "(('prospect_horizontal_0_ac3_av_target', 'nmbrcrs'), ('prospect_horizontal_0_ac3_av_source', 'NumberChildren'))": 0.995927280114694,
    "(('prospect_horizontal_0_ac3_av_target', 'nmbrcrdtcrds'), ('prospect_horizontal_0_ac3_av_source', 'NumberCreditCards'))": 0.9956342094353238,
    "(('prospect_horizontal_0_ac3_av_source', 'CreditRating'), ('prospect_horizontal_0_ac3_av_target', 'crdtrtng'))": 0.9949193645779973,
    "(('prospect_horizontal_0_ac3_av_source', 'State'), ('prospect_horizontal_0_ac3_av_target', 'stt'))": 0.9945734752065646,
    "(('prospect_horizontal_0_ac3_av_target', 'mrtlstts'), ('prospect_horizontal_0_ac3_av_source', 'MaritalStatus'))": 0.9930902664159933,
    "(('prospect_horizontal_0_ac3_av_source', 'NetWorth'), ('prospect_horizontal_0_ac3_av_target', 'ntwrth'))": 0.992851168640675,
    "(('prospect_horizontal_0_ac3_av_target', 'g'), ('prospect_horizontal_0_ac3_av_source', 'Age'))": 0.9927800759564359,
    "(('prospect_horizontal_0_ac3_av_target', 'mplr'), ('prospect_horizontal_0_ac3_av_source', 'Employer'))": 0.9925565107023416,
    "(('prospect_horizontal_0_ac3_av_target', 'ncm'), ('prospect_horizontal_0_ac3_av_source', 'Income'))": 0.9914525640091951,
    "(('prospect_horizontal_0_ac3_av_source', 'MiddleInitial'), ('prospect_horizontal_0_ac3_av_target', 'mddlntl'))": 0.9880813345793064,
    "(('prospect_horizontal_0_ac3_av_source', 'LastName'), ('prospect_horizontal_0_ac3_av_target', 'ct'))": 0.9809124799427148,
    "(('prospect_horizontal_0_ac3_av_target', 'mplr'), ('prospect_horizontal_0_ac3_av_source', 'FirstName'))": 0.9633856057731465,
    "(('prospect_horizontal_0_ac3_av_target', 'mplr'), ('prospect_horizontal_0_ac3_av_source', 'City'))": 0.9597770719411819,
    "(('prospect_horizontal_0_ac3_av_target', 'ct'), ('prospect_horizontal_0_ac3_av_source', 'Employer'))": 0.9594723640292017,
    "(('prospect_horizontal_0_ac3_av_target', 'ct'), ('prospect_horizontal_0_ac3_av_source', 'FirstName'))": 0.9545445229322025,
    "(('prospect_horizontal_0_ac3_av_source', 'LastName'), ('prospect_horizontal_0_ac3_av_target', 'mplr'))": 0.9504378013006283,
    "(('prospect_horizontal_0_ac3_av_source', 'LastName'), ('prospect_horizontal_0_ac3_av_target', 'stt'))": 0.9418519184864906,
    "(('prospect_horizontal_0_ac3_av_target', 'stt'), ('prospect_horizontal_0_ac3_av_source', 'City'))": 0.9353621675526562,
    "(('prospect_horizontal_0_ac3_av_source', 'State'), ('prospect_horizontal_0_ac3_av_target', 'ct'))": 0.9351228769382817,
    "(('prospect_horizontal_0_ac3_av_target', 'stt'), ('prospect_horizontal_0_ac3_av_source', 'Employer'))": 0.9079385445812423,
    "(('prospect_horizontal_0_ac3_av_source', 'State'), ('prospect_horizontal_0_ac3_av_target', 'mplr'))": 0.9033510973765251,
    "(('prospect_horizontal_0_ac3_av_target', 'stt'), ('prospect_horizontal_0_ac3_av_source', 'FirstName'))": 0.8868068367376495,
    "(('prospect_horizontal_0_ac3_av_source', 'MiddleInitial'), ('prospect_horizontal_0_ac3_av_target', 'mrtlstts'))": 0.8824280076082336,
    "(('prospect_horizontal_0_ac3_av_source', 'MaritalStatus'), ('prospect_horizontal_0_ac3_av_target', 'wnrrntflg'))": 0.8820831389325645,
    "(('prospect_horizontal_0_ac3_av_source', 'MiddleInitial'), ('prospect_horizontal_0_ac3_av_target', 'gndr'))": 0.840805264069153,
    "(('prospect_horizontal_0_ac3_av_source', 'MiddleInitial'), ('prospect_horizontal_0_ac3_av_target', 'wnrrntflg'))": 0.8321139449054722,
    "(('prospect_horizontal_0_ac3_av_target', 'mrtlstts'), ('prospect_horizontal_0_ac3_av_source', 'OwnOrRentFlag'))": 0.825449873868201,
    "(('prospect_horizontal_0_ac3_av_target', 'mddlntl'), ('prospect_horizontal_0_ac3_av_source', 'OwnOrRentFlag'))": 0.8227015345141383,
    "(('prospect_horizontal_0_ac3_av_source', 'Gender'), ('prospect_horizontal_0_ac3_av_target', 'mddlntl'))": 0.7783962746713553,
    "(('prospect_horizontal_0_ac3_av_source', 'MaritalStatus'), ('prospect_horizontal_0_ac3_av_target', 'mddlntl'))": 0.7353255617808151,
    "(('prospect_horizontal_0_ac3_av_source', 'MaritalStatus'), ('prospect_horizontal_0_ac3_av_target', 'gndr'))": 0.7218316027081203,
    "(('prospect_horizontal_0_ac3_av_source', 'Gender'), ('prospect_horizontal_0_ac3_av_target', 'mrtlstts'))": 0.711558302836756,
    "(('prospect_horizontal_0_ac3_av_source', 'Gender'), ('prospect_horizontal_0_ac3_av_target', 'wnrrntflg'))": 0.6445998381837176,
    "(('prospect_horizontal_0_ac3_av_source', 'OwnOrRentFlag'), ('prospect_horizontal_0_ac3_av_target', 'gndr'))": 0.5020087882550022
  },
  "metrics": {
    "precision": 1.0,
    "recall": 0.6818181818181818,
    "f1_score": 0.8108108108108109,
    "precision_at_10_percent": 1.0,
    "precision_at_20_percent": 0.7777777777777778,
    "precision_at_30_percent": 0.8461538461538461,
    "precision_at_40_percent": 0.8823529411764706,
    "precision_at_50_percent": 0.7142857142857143,
    "precision_at_60_percent": 0.6,
    "precision_at_70_percent": 0.5172413793103449,
    "precision_at_80_percent": 0.45454545454545453,
    "precision_at_90_percent": 0.40540540540540543,
    "recall_at_sizeof_ground_truth": 0.6818181818181818
  },
  "run_times": {
    "total_time": 78.44415332500103,
    "algorithm_time": 77.96819479199985
  }
}