{
  "name": "prospect_both_50_50_ac2_av__CorrelationClustering{'threshold1': 0.1, 'threshold2': 0.1, 'quantiles': 256, 'process_num': 4, 'chunk_size': 1, 'clear_cache': True}",
  "matches": {
    "(('prospect_both_50_50_ac2_av_source', 'MaritalStatus'), ('prospect_both_50_50_ac2_av_target', 'MarSt'))": 0.9973130554176024,
    "(('prospect_both_50_50_ac2_av_source', 'FirstName'), ('prospect_both_50_50_ac2_av_target', 'FirN'))": 0.9769894199418448,
    "(('prospect_both_50_50_ac2_av_target', 'FirN'), ('prospect_both_50_50_ac2_av_source', 'LastName'))": 0.9737396063054797,
    "(('prospect_both_50_50_ac2_av_target', 'AgID'), ('prospect_both_50_50_ac2_av_source', 'AgencyID'))": 0.9716931281915753,
    "(('prospect_both_50_50_ac2_av_target', 'LaNa'), ('prospect_both_50_50_ac2_av_source', 'LastName'))": 0.96655673179034,
    "(('prospect_both_50_50_ac2_av_target', 'LaNa'), ('prospect_both_50_50_ac2_av_source', 'FirstName'))": 0.9548164465416821,
    "(('prospect_both_50_50_ac2_av_target', 'A'), ('prospect_both_50_50_ac2_av_source', 'Age'))": 0.9012531169302059
  },
  "metrics": {
    "precision": 1.0,
    "recall": 0.2727272727272727,
    "f1_score": 0.42857142857142855,
    "precision_at_10_percent": 1.0,
    "precision_at_20_percent": 1.0,
    "precision_at_30_percent": 0.6666666666666666,
    "precision_at_40_percent": 0.6666666666666666,
    "precision_at_50_percent": 0.75,
    "precision_at_60_percent": 0.8,
    "precision_at_70_percent": 0.8,
    "precision_at_80_percent": 0.6666666666666666,
    "precision_at_90_percent": 0.7142857142857143,
    "recall_at_sizeof_ground_truth": 0.45454545454545453
  },
  "run_times": {
    "total_time": 88.79325496400088,
    "algorithm_time": 87.69759405900004
  }
}