{
  "name": "prospect_horizontal_0_ac1_av__CorrelationClustering{'threshold1': 0.2, 'threshold2': 0.2, 'quantiles': 256, 'process_num': 4, 'chunk_size': 1, 'clear_cache': True}",
  "matches": {
    "(('prospect_horizontal_0_ac1_av_target', 'prospect_Country'), ('prospect_horizontal_0_ac1_av_source', 'Country'))": 0.9998953858308358,
    "(('prospect_horizontal_0_ac1_av_source', 'OwnOrRentFlag'), ('prospect_horizontal_0_ac1_av_target', 'prospect_OwnOrRentFlag'))": 0.9983663008970283,
    "(('prospect_horizontal_0_ac1_av_source', 'NumberCars'), ('prospect_horizontal_0_ac1_av_target', 'prospect_NumberCars'))": 0.9969762979874353,
    "(('prospect_horizontal_0_ac1_av_target', 'prospect_NumberChildren'), ('prospect_horizontal_0_ac1_av_source', 'NumberCars'))": 0.9968397696505971,
    "(('prospect_horizontal_0_ac1_av_target', 'prospect_Gender'), ('prospect_horizontal_0_ac1_av_source', 'Gender'))": 0.9966427818341754,
    "(('prospect_horizontal_0_ac1_av_target', 'prospect_NumberChildren'), ('prospect_horizontal_0_ac1_av_source', 'NumberChildren'))": 0.9965175460733809,
    "(('prospect_horizontal_0_ac1_av_target', 'prospect_City'), ('prospect_horizontal_0_ac1_av_source', 'City'))": 0.9959962037574457,
    "(('prospect_horizontal_0_ac1_av_source', 'NumberCreditCards'), ('prospect_horizontal_0_ac1_av_target', 'prospect_NumberCreditCards'))": 0.9956342094353238,
    "(('prospect_horizontal_0_ac1_av_source', 'NumberChildren'), ('prospect_horizontal_0_ac1_av_target', 'prospect_NumberCars'))": 0.9952142647586303,
    "(('prospect_horizontal_0_ac1_av_source', 'MaritalStatus'), ('prospect_horizontal_0_ac1_av_target', 'prospect_MaritalStatus'))": 0.9951560203743252,
    "(('prospect_horizontal_0_ac1_av_source', 'CreditRating'), ('prospect_horizontal_0_ac1_av_target', 'prospect_CreditRating'))": 0.9949193645779973,
    "(('prospect_horizontal_0_ac1_av_target', 'prospect_State'), ('prospect_horizontal_0_ac1_av_source', 'State'))": 0.9944130537682558,
    "(('prospect_horizontal_0_ac1_av_source', 'NetWorth'), ('prospect_horizontal_0_ac1_av_target', 'prospect_NetWorth'))": 0.992851168640675,
    "(('prospect_horizontal_0_ac1_av_source', 'Age'), ('prospect_horizontal_0_ac1_av_target', 'prospect_Age'))": 0.9927300638105909,
    "(('prospect_horizontal_0_ac1_av_source', 'Employer'), ('prospect_horizontal_0_ac1_av_target', 'prospect_Employer'))": 0.9925607438193774,
    "(('prospect_horizontal_0_ac1_av_source', 'Income'), ('prospect_horizontal_0_ac1_av_target', 'prospect_Income'))": 0.9916887414055545,
    "(('prospect_horizontal_0_ac1_av_source', 'MiddleInitial'), ('prospect_horizontal_0_ac1_av_target', 'prospect_MiddleInitial'))": 0.9880813345793064,
    "(('prospect_horizontal_0_ac1_av_target', 'prospect_City'), ('prospect_horizontal_0_ac1_av_source', 'LastName'))": 0.963023770463634,
    "(('prospect_horizontal_0_ac1_av_target', 'prospect_City'), ('prospect_horizontal_0_ac1_av_source', 'FirstName'))": 0.9545445229322025,
    "(('prospect_horizontal_0_ac1_av_target', 'prospect_City'), ('prospect_horizontal_0_ac1_av_source', 'State'))": 0.9427813584566453,
    "(('prospect_horizontal_0_ac1_av_target', 'prospect_State'), ('prospect_horizontal_0_ac1_av_source', 'City'))": 0.9353621675526562,
    "(('prospect_horizontal_0_ac1_av_source', 'FirstName'), ('prospect_horizontal_0_ac1_av_target', 'prospect_State'))": 0.9346370549480766,
    "(('prospect_horizontal_0_ac1_av_target', 'prospect_State'), ('prospect_horizontal_0_ac1_av_source', 'LastName'))": 0.9005976538242902,
    "(('prospect_horizontal_0_ac1_av_source', 'MiddleInitial'), ('prospect_horizontal_0_ac1_av_target', 'prospect_MaritalStatus'))": 0.8824280076082336,
    "(('prospect_horizontal_0_ac1_av_target', 'prospect_MiddleInitial'), ('prospect_horizontal_0_ac1_av_source', 'MaritalStatus'))": 0.8812433095213061
  },
  "metrics": {
    "precision": 1.0,
    "recall": 0.5,
    "f1_score": 0.6666666666666666,
    "precision_at_10_percent": 1.0,
    "precision_at_20_percent": 0.8,
    "precision_at_30_percent": 0.875,
    "precision_at_40_percent": 0.8,
    "precision_at_50_percent": 0.8461538461538461,
    "precision_at_60_percent": 0.8666666666666667,
    "precision_at_70_percent": 0.8333333333333334,
    "precision_at_80_percent": 0.75,
    "precision_at_90_percent": 0.6521739130434783,
    "recall_at_sizeof_ground_truth": 0.6818181818181818
  },
  "run_times": {
    "total_time": 142.84122460000071,
    "algorithm_time": 141.8046805009999
  }
}