{
  "name": "prospect_vertical_30_ec_av__CorrelationClustering{'threshold1': 0.1, 'threshold2': 0.1, 'quantiles': 256, 'process_num': 4, 'chunk_size': 1, 'clear_cache': True}",
  "matches": {
    "(('prospect_vertical_30_ec_av_target', 'Gender'), ('prospect_vertical_30_ec_av_source', 'Gender'))": 0.9998151864523416,
    "(('prospect_vertical_30_ec_av_target', 'AgencyID'), ('prospect_vertical_30_ec_av_source', 'AgencyID'))": 0.9789979705011077,
    "(('prospect_vertical_30_ec_av_source', 'NumberChildren'), ('prospect_vertical_30_ec_av_target', 'NumberCars'))": 0.9148802363031843,
    "(('prospect_vertical_30_ec_av_source', 'NumberCars'), ('prospect_vertical_30_ec_av_target', 'NumberCars'))": 0.9132736759484459,
    "(('prospect_vertical_30_ec_av_source', 'NumberChildren'), ('prospect_vertical_30_ec_av_target', 'NumberChildren'))": 0.9116916710587393,
    "(('prospect_vertical_30_ec_av_source', 'NumberCars'), ('prospect_vertical_30_ec_av_target', 'NumberChildren'))": 0.9100965387158814
  },
  "metrics": {
    "precision": 0.6666666666666666,
    "recall": 0.3333333333333333,
    "f1_score": 0.4444444444444444,
    "precision_at_10_percent": 1.0,
    "precision_at_20_percent": 1.0,
    "precision_at_30_percent": 1.0,
    "precision_at_40_percent": 0.6666666666666666,
    "precision_at_50_percent": 0.6666666666666666,
    "precision_at_60_percent": 0.75,
    "precision_at_70_percent": 0.8,
    "precision_at_80_percent": 0.8,
    "precision_at_90_percent": 0.6666666666666666,
    "recall_at_sizeof_ground_truth": 0.6666666666666666
  },
  "run_times": {
    "total_time": 84.77897776999998,
    "algorithm_time": 83.67884409199996
  }
}