{
  "name": "prospect_vertical_1_ac2_ev__CorrelationClustering{'threshold1': 0.1, 'threshold2': 0.2, 'quantiles': 256, 'process_num': 4, 'chunk_size': 1, 'clear_cache': True}",
  "matches": {
    "(('prospect_vertical_1_ac2_ev_target', 'AgeID'), ('prospect_vertical_1_ac2_ev_source', 'AgencyID'))": 1.0,
    "(('prospect_vertical_1_ac2_ev_source', 'City'), ('prospect_vertical_1_ac2_ev_target', 'Empl'))": 0.9563748157950982
  },
  "metrics": {
    "precision": 1.0,
    "recall": 1.0,
    "f1_score": 1.0,
    "precision_at_10_percent": 1.0,
    "precision_at_20_percent": 1.0,
    "precision_at_30_percent": 1.0,
    "precision_at_40_percent": 1.0,
    "precision_at_50_percent": 1.0,
    "precision_at_60_percent": 0.5,
    "precision_at_70_percent": 0.5,
    "precision_at_80_percent": 0.5,
    "precision_at_90_percent": 0.5,
    "recall_at_sizeof_ground_truth": 1.0
  },
  "run_times": {
    "total_time": 34.288237926000875,
    "algorithm_time": 33.70224748799956
  }
}