{
  "name": "prospect_both_0_30_ac5_ev__CorrelationClustering{'threshold1': 0.4, 'threshold2': 0.4, 'quantiles': 256, 'process_num': 4, 'chunk_size': 1, 'clear_cache': True}",
  "matches": {
    "(('prospect_both_0_30_ac5_ev_target', 'prospect_wnrrntflg'), ('prospect_both_0_30_ac5_ev_source', 'OwnOrRentFlag'))": 0.9983663008970283,
    "(('prospect_both_0_30_ac5_ev_target', 'prospect_nmbrchldrn'), ('prospect_both_0_30_ac5_ev_source', 'NumberCars'))": 0.9968397696505971,
    "(('prospect_both_0_30_ac5_ev_target', 'prospect_nmbrcrs'), ('prospect_both_0_30_ac5_ev_source', 'NumberCars'))": 0.9968136864830642,
    "(('prospect_both_0_30_ac5_ev_source', 'NetWorth'), ('prospect_both_0_30_ac5_ev_target', 'prospect_ntwrth'))": 0.9928506219351471,
    "(('prospect_both_0_30_ac5_ev_source', 'FirstName'), ('prospect_both_0_30_ac5_ev_target', 'prospect_mplr'))": 0.9627029107878388,
    "(('prospect_both_0_30_ac5_ev_target', 'prospect_mplr'), ('prospect_both_0_30_ac5_ev_source', 'City'))": 0.9597770719411819,
    "(('prospect_both_0_30_ac5_ev_target', 'prospect_mplr'), ('prospect_both_0_30_ac5_ev_source', 'LastName'))": 0.9515143708227413,
    "(('prospect_both_0_30_ac5_ev_source', 'State'), ('prospect_both_0_30_ac5_ev_target', 'prospect_mplr'))": 0.9033510973765251,
    "(('prospect_both_0_30_ac5_ev_source', 'MiddleInitial'), ('prospect_both_0_30_ac5_ev_target', 'prospect_mrtlstts'))": 0.8824280076082336,
    "(('prospect_both_0_30_ac5_ev_source', 'MiddleInitial'), ('prospect_both_0_30_ac5_ev_target', 'prospect_wnrrntflg'))": 0.8321139449054722,
    "(('prospect_both_0_30_ac5_ev_target', 'prospect_mrtlstts'), ('prospect_both_0_30_ac5_ev_source', 'OwnOrRentFlag'))": 0.825449873868201,
    "(('prospect_both_0_30_ac5_ev_target', 'prospect_nmbrcrdtcrds'), ('prospect_both_0_30_ac5_ev_source', 'NumberCars'))": 0.8152883321108308,
    "(('prospect_both_0_30_ac5_ev_target', 'prospect_mrtlstts'), ('prospect_both_0_30_ac5_ev_source', 'Gender'))": 0.754253972182067,
    "(('prospect_both_0_30_ac5_ev_target', 'prospect_g'), ('prospect_both_0_30_ac5_ev_source', 'NumberCars'))": 0.6800791588335683,
    "(('prospect_both_0_30_ac5_ev_target', 'prospect_wnrrntflg'), ('prospect_both_0_30_ac5_ev_source', 'Gender'))": 0.5023596382732421
  },
  "metrics": {
    "precision": 0.4,
    "recall": 0.3333333333333333,
    "f1_score": 0.3636363636363636,
    "precision_at_10_percent": 0.5,
    "precision_at_20_percent": 0.6666666666666666,
    "precision_at_30_percent": 0.6,
    "precision_at_40_percent": 0.5,
    "precision_at_50_percent": 0.375,
    "precision_at_60_percent": 0.3333333333333333,
    "precision_at_70_percent": 0.2727272727272727,
    "precision_at_80_percent": 0.25,
    "precision_at_90_percent": 0.21428571428571427,
    "recall_at_sizeof_ground_truth": 0.5
  },
  "run_times": {
    "total_time": 49.174254017998464,
    "algorithm_time": 48.657957330999125
  }
}