{
  "name": "prospect_vertical_1_ac4_av__CorrelationClustering{'threshold1': 0.5, 'threshold2': 0.5, 'quantiles': 256, 'process_num': 4, 'chunk_size': 1, 'clear_cache': True}",
  "matches": {
    "(('prospect_vertical_1_ac4_av_source', 'AgencyID'), ('prospect_vertical_1_ac4_av_target', 'prospect_AgID'))": 0.9926448841931258,
    "(('prospect_vertical_1_ac4_av_source', 'City'), ('prospect_vertical_1_ac4_av_target', 'prospect_Emp'))": 0.9563748157950982,
    "(('prospect_vertical_1_ac4_av_source', 'FirstName'), ('prospect_vertical_1_ac4_av_target', 'prospect_Emp'))": 0.9384073916253236,
    "(('prospect_vertical_1_ac4_av_target', 'prospect_Emp'), ('prospect_vertical_1_ac4_av_source', 'LastName'))": 0.9297253495623153,
    "(('prospect_vertical_1_ac4_av_target', 'prospect_Emp'), ('prospect_vertical_1_ac4_av_source', 'State'))": 0.925884163813236,
    "(('prospect_vertical_1_ac4_av_source', 'MiddleInitial'), ('prospect_vertical_1_ac4_av_target', 'prospect_MarSt'))": 0.8831117572558426,
    "(('prospect_vertical_1_ac4_av_source', 'MiddleInitial'), ('prospect_vertical_1_ac4_av_target', 'prospect_OwOReFl'))": 0.8220859057558055,
    "(('prospect_vertical_1_ac4_av_source', 'Gender'), ('prospect_vertical_1_ac4_av_target', 'prospect_MarSt'))": 0.7112219741831346,
    "(('prospect_vertical_1_ac4_av_target', 'prospect_OwOReFl'), ('prospect_vertical_1_ac4_av_source', 'Gender'))": 0.5021838543495662
  },
  "metrics": {
    "precision": 0.3333333333333333,
    "recall": 1.0,
    "f1_score": 0.5,
    "precision_at_10_percent": 1.0,
    "precision_at_20_percent": 0.5,
    "precision_at_30_percent": 0.3333333333333333,
    "precision_at_40_percent": 0.25,
    "precision_at_50_percent": 0.2,
    "precision_at_60_percent": 0.16666666666666666,
    "precision_at_70_percent": 0.14285714285714285,
    "precision_at_80_percent": 0.125,
    "precision_at_90_percent": 0.1111111111111111,
    "recall_at_sizeof_ground_truth": 1.0
  },
  "run_times": {
    "total_time": 71.87078387399742,
    "algorithm_time": 70.34310187299707
  }
}