{
  "name": "prospect_vertical_30_ac3_av__CorrelationClustering{'threshold1': 0.4, 'threshold2': 0.4, 'quantiles': 256, 'process_num': 4, 'chunk_size': 1, 'clear_cache': True}",
  "matches": {
    "(('prospect_vertical_30_ac3_av_source', 'MiddleInitial'), ('prospect_vertical_30_ac3_av_target', 'mddlntl'))": 1.0,
    "(('prospect_vertical_30_ac3_av_source', 'Gender'), ('prospect_vertical_30_ac3_av_target', 'gndr'))": 0.9995797065857506,
    "(('prospect_vertical_30_ac3_av_source', 'AgencyID'), ('prospect_vertical_30_ac3_av_target', 'gncd'))": 0.9941624354688783,
    "(('prospect_vertical_30_ac3_av_source', 'FirstName'), ('prospect_vertical_30_ac3_av_target', 'lstnm'))": 0.989898361677726,
    "(('prospect_vertical_30_ac3_av_target', 'lstnm'), ('prospect_vertical_30_ac3_av_source', 'LastName'))": 0.9748971998112834,
    "(('prospect_vertical_30_ac3_av_target', 'mplr'), ('prospect_vertical_30_ac3_av_source', 'City'))": 0.9624689291072158,
    "(('prospect_vertical_30_ac3_av_target', 'lstnm'), ('prospect_vertical_30_ac3_av_source', 'City'))": 0.9596414957112421,
    "(('prospect_vertical_30_ac3_av_target', 'lstnm'), ('prospect_vertical_30_ac3_av_source', 'State'))": 0.9402481459554543,
    "(('prospect_vertical_30_ac3_av_source', 'FirstName'), ('prospect_vertical_30_ac3_av_target', 'mplr'))": 0.9384073916253236,
    "(('prospect_vertical_30_ac3_av_target', 'mplr'), ('prospect_vertical_30_ac3_av_source', 'State'))": 0.925884163813236,
    "(('prospect_vertical_30_ac3_av_target', 'mplr'), ('prospect_vertical_30_ac3_av_source', 'LastName'))": 0.921238627512861,
    "(('prospect_vertical_30_ac3_av_target', 'nmbrcrs'), ('prospect_vertical_30_ac3_av_source', 'NumberChildren'))": 0.8997424029211663,
    "(('prospect_vertical_30_ac3_av_source', 'NumberChildren'), ('prospect_vertical_30_ac3_av_target', 'nmbrchldrn'))": 0.89973812493065,
    "(('prospect_vertical_30_ac3_av_target', 'nmbrcrdtcrds'), ('prospect_vertical_30_ac3_av_source', 'NumberChildren'))": 0.7882789241307436,
    "(('prospect_vertical_30_ac3_av_target', 'mrtlstts'), ('prospect_vertical_30_ac3_av_source', 'MiddleInitial'))": 0.7762748398730287,
    "(('prospect_vertical_30_ac3_av_target', 'gndr'), ('prospect_vertical_30_ac3_av_source', 'MiddleInitial'))": 0.7738726552126324,
    "(('prospect_vertical_30_ac3_av_source', 'Gender'), ('prospect_vertical_30_ac3_av_target', 'mddlntl'))": 0.773859395830291,
    "(('prospect_vertical_30_ac3_av_source', 'Gender'), ('prospect_vertical_30_ac3_av_target', 'mrtlstts'))": 0.711212434736253,
    "(('prospect_vertical_30_ac3_av_target', 'g'), ('prospect_vertical_30_ac3_av_source', 'NumberChildren'))": 0.6779898520569503,
    "(('prospect_vertical_30_ac3_av_target', 'wnrrntflg'), ('prospect_vertical_30_ac3_av_source', 'MiddleInitial'))": 0.5715684232624882,
    "(('prospect_vertical_30_ac3_av_target', 'wnrrntflg'), ('prospect_vertical_30_ac3_av_source', 'Gender'))": 0.5021843551046309
  },
  "metrics": {
    "precision": 0.5,
    "recall": 0.5,
    "f1_score": 0.5,
    "precision_at_10_percent": 1.0,
    "precision_at_20_percent": 0.8,
    "precision_at_30_percent": 0.5714285714285714,
    "precision_at_40_percent": 0.4444444444444444,
    "precision_at_50_percent": 0.36363636363636365,
    "precision_at_60_percent": 0.38461538461538464,
    "precision_at_70_percent": 0.3333333333333333,
    "precision_at_80_percent": 0.29411764705882354,
    "precision_at_90_percent": 0.2631578947368421,
    "recall_at_sizeof_ground_truth": 0.6666666666666666
  },
  "run_times": {
    "total_time": 93.68513375399925,
    "algorithm_time": 92.62682178599789
  }
}