{
  "name": "prospect_both_0_50_ec_ev__CorrelationClustering{'threshold1': 0.4, 'threshold2': 0.3, 'quantiles': 256, 'process_num': 4, 'chunk_size': 1, 'clear_cache': True}",
  "matches": {
    "(('prospect_both_0_50_ec_ev_target', 'Country'), ('prospect_both_0_50_ec_ev_source', 'Country'))": 0.9998953858308358,
    "(('prospect_both_0_50_ec_ev_target', 'OwnOrRentFlag'), ('prospect_both_0_50_ec_ev_source', 'OwnOrRentFlag'))": 0.9983663008970283,
    "(('prospect_both_0_50_ec_ev_source', 'NumberChildren'), ('prospect_both_0_50_ec_ev_target', 'NumberChildren'))": 0.9960888555550949,
    "(('prospect_both_0_50_ec_ev_target', 'NumberCreditCards'), ('prospect_both_0_50_ec_ev_source', 'NumberCreditCards'))": 0.9956342094353238,
    "(('prospect_both_0_50_ec_ev_source', 'NumberChildren'), ('prospect_both_0_50_ec_ev_target', 'NumberCars'))": 0.9952142647586303,
    "(('prospect_both_0_50_ec_ev_target', 'State'), ('prospect_both_0_50_ec_ev_source', 'State'))": 0.9944130537682558,
    "(('prospect_both_0_50_ec_ev_target', 'MaritalStatus'), ('prospect_both_0_50_ec_ev_source', 'MaritalStatus'))": 0.9930902664159933,
    "(('prospect_both_0_50_ec_ev_source', 'NetWorth'), ('prospect_both_0_50_ec_ev_target', 'NetWorth'))": 0.9928506219351471,
    "(('prospect_both_0_50_ec_ev_source', 'City'), ('prospect_both_0_50_ec_ev_target', 'Employer'))": 0.953118832780242,
    "(('prospect_both_0_50_ec_ev_target', 'State'), ('prospect_both_0_50_ec_ev_source', 'LastName'))": 0.9005967193109581,
    "(('prospect_both_0_50_ec_ev_target', 'MaritalStatus'), ('prospect_both_0_50_ec_ev_source', 'OwnOrRentFlag'))": 0.825449873868201,
    "(('prospect_both_0_50_ec_ev_source', 'NumberCreditCards'), ('prospect_both_0_50_ec_ev_target', 'NumberCars'))": 0.8172488162372866,
    "(('prospect_both_0_50_ec_ev_target', 'MaritalStatus'), ('prospect_both_0_50_ec_ev_source', 'MiddleInitial'))": 0.7761150742648887,
    "(('prospect_both_0_50_ec_ev_target', 'MaritalStatus'), ('prospect_both_0_50_ec_ev_source', 'Gender'))": 0.754253972182067,
    "(('prospect_both_0_50_ec_ev_target', 'NumberChildren'), ('prospect_both_0_50_ec_ev_source', 'NumberCreditCards'))": 0.6926558998831195,
    "(('prospect_both_0_50_ec_ev_source', 'NumberChildren'), ('prospect_both_0_50_ec_ev_target', 'NumberCreditCards'))": 0.6897400259746179,
    "(('prospect_both_0_50_ec_ev_target', 'OwnOrRentFlag'), ('prospect_both_0_50_ec_ev_source', 'MaritalStatus'))": 0.598954081103587,
    "(('prospect_both_0_50_ec_ev_target', 'OwnOrRentFlag'), ('prospect_both_0_50_ec_ev_source', 'MiddleInitial'))": 0.5756806691101787,
    "(('prospect_both_0_50_ec_ev_source', 'NumberCreditCards'), ('prospect_both_0_50_ec_ev_target', 'Age'))": 0.528256282014335,
    "(('prospect_both_0_50_ec_ev_source', 'NumberChildren'), ('prospect_both_0_50_ec_ev_target', 'Age'))": 0.5159115728344965,
    "(('prospect_both_0_50_ec_ev_target', 'OwnOrRentFlag'), ('prospect_both_0_50_ec_ev_source', 'Gender'))": 0.5023596382732421
  },
  "metrics": {
    "precision": 0.875,
    "recall": 0.6363636363636364,
    "f1_score": 0.7368421052631579,
    "precision_at_10_percent": 1.0,
    "precision_at_20_percent": 0.8,
    "precision_at_30_percent": 0.8571428571428571,
    "precision_at_40_percent": 0.7777777777777778,
    "precision_at_50_percent": 0.6363636363636364,
    "precision_at_60_percent": 0.5384615384615384,
    "precision_at_70_percent": 0.4666666666666667,
    "precision_at_80_percent": 0.4117647058823529,
    "precision_at_90_percent": 0.3684210526315789,
    "recall_at_sizeof_ground_truth": 0.6363636363636364
  },
  "run_times": {
    "total_time": 48.463177501000246,
    "algorithm_time": 47.872239557000285
  }
}