{
  "name": "prospect_horizontal_50_ac2_av__CorrelationClustering{'threshold1': 0.1, 'threshold2': 0.2, 'quantiles': 256, 'process_num': 4, 'chunk_size': 1, 'clear_cache': True}",
  "matches": {
    "(('prospect_horizontal_50_ac2_av_source', 'OwnOrRentFlag'), ('prospect_horizontal_50_ac2_av_target', 'OwORF'))": 0.9990447274123232,
    "(('prospect_horizontal_50_ac2_av_source', 'Gender'), ('prospect_horizontal_50_ac2_av_target', 'Gen'))": 0.9971582580481528,
    "(('prospect_horizontal_50_ac2_av_target', 'MariSta'), ('prospect_horizontal_50_ac2_av_source', 'MaritalStatus'))": 0.9960637448108528,
    "(('prospect_horizontal_50_ac2_av_source', 'State'), ('prospect_horizontal_50_ac2_av_target', 'Sta'))": 0.9955679162216893,
    "(('prospect_horizontal_50_ac2_av_source', 'MiddleInitial'), ('prospect_horizontal_50_ac2_av_target', 'MiIni'))": 0.9914232752721807,
    "(('prospect_horizontal_50_ac2_av_target', 'C'), ('prospect_horizontal_50_ac2_av_source', 'City'))": 0.9880492280111828,
    "(('prospect_horizontal_50_ac2_av_target', 'Em'), ('prospect_horizontal_50_ac2_av_source', 'Employer'))": 0.9866925164531527,
    "(('prospect_horizontal_50_ac2_av_target', 'In'), ('prospect_horizontal_50_ac2_av_source', 'Income'))": 0.9692719356800578,
    "(('prospect_horizontal_50_ac2_av_target', 'NuCa'), ('prospect_horizontal_50_ac2_av_source', 'NumberCars'))": 0.9653594547495196,
    "(('prospect_horizontal_50_ac2_av_source', 'NumberCars'), ('prospect_horizontal_50_ac2_av_target', 'NumChi'))": 0.9638446442812367,
    "(('prospect_horizontal_50_ac2_av_source', 'NetWorth'), ('prospect_horizontal_50_ac2_av_target', 'NeWor'))": 0.9485163975504094,
    "(('prospect_horizontal_50_ac2_av_source', 'NumberChildren'), ('prospect_horizontal_50_ac2_av_target', 'NuCa'))": 0.9473092266018551,
    "(('prospect_horizontal_50_ac2_av_target', 'C'), ('prospect_horizontal_50_ac2_av_source', 'LastName'))": 0.9468664413296499,
    "(('prospect_horizontal_50_ac2_av_source', 'NumberChildren'), ('prospect_horizontal_50_ac2_av_target', 'NumChi'))": 0.9468610219610948,
    "(('prospect_horizontal_50_ac2_av_target', 'CrRat'), ('prospect_horizontal_50_ac2_av_source', 'CreditRating'))": 0.9456504403018814,
    "(('prospect_horizontal_50_ac2_av_source', 'City'), ('prospect_horizontal_50_ac2_av_target', 'Sta'))": 0.944709412822859,
    "(('prospect_horizontal_50_ac2_av_target', 'C'), ('prospect_horizontal_50_ac2_av_source', 'State'))": 0.9430608151523454,
    "(('prospect_horizontal_50_ac2_av_target', 'C'), ('prospect_horizontal_50_ac2_av_source', 'FirstName'))": 0.9423475798142503,
    "(('prospect_horizontal_50_ac2_av_source', 'LastName'), ('prospect_horizontal_50_ac2_av_target', 'Sta'))": 0.9414779478721776,
    "(('prospect_horizontal_50_ac2_av_target', 'NumCreCar'), ('prospect_horizontal_50_ac2_av_source', 'NumberCreditCards'))": 0.9326717343497823,
    "(('prospect_horizontal_50_ac2_av_source', 'Age'), ('prospect_horizontal_50_ac2_av_target', 'A'))": 0.9238024548255616,
    "(('prospect_horizontal_50_ac2_av_target', 'Sta'), ('prospect_horizontal_50_ac2_av_source', 'FirstName'))": 0.8764333285636826,
    "(('prospect_horizontal_50_ac2_av_target', 'Cou'), ('prospect_horizontal_50_ac2_av_source', 'Country'))": 0.8559113208523234
  },
  "metrics": {
    "precision": 1.0,
    "recall": 0.5909090909090909,
    "f1_score": 0.7428571428571429,
    "precision_at_10_percent": 1.0,
    "precision_at_20_percent": 1.0,
    "precision_at_30_percent": 1.0,
    "precision_at_40_percent": 0.9,
    "precision_at_50_percent": 0.8333333333333334,
    "precision_at_60_percent": 0.7857142857142857,
    "precision_at_70_percent": 0.7058823529411765,
    "precision_at_80_percent": 0.631578947368421,
    "precision_at_90_percent": 0.6666666666666666,
    "recall_at_sizeof_ground_truth": 0.6363636363636364
  },
  "run_times": {
    "total_time": 150.59478587099875,
    "algorithm_time": 149.8386077999985
  }
}