{
  "name": "prospect_both_0_70_ac1_av__CorrelationClustering{'threshold1': 0.15, 'threshold2': 0.2, 'quantiles': 256, 'process_num': 4, 'chunk_size': 1, 'clear_cache': True}",
  "matches": {
    "(('prospect_both_0_70_ac1_av_source', 'OwnOrRentFlag'), ('prospect_both_0_70_ac1_av_target', 'prospect_OwnOrRentFlag'))": 0.9983663008970283,
    "(('prospect_both_0_70_ac1_av_source', 'Gender'), ('prospect_both_0_70_ac1_av_target', 'prospect_Gender'))": 0.9960712300702104,
    "(('prospect_both_0_70_ac1_av_target', 'prospect_State'), ('prospect_both_0_70_ac1_av_source', 'State'))": 0.9887437311955448,
    "(('prospect_both_0_70_ac1_av_target', 'prospect_MiddleInitial'), ('prospect_both_0_70_ac1_av_source', 'MiddleInitial'))": 0.9879202269011186,
    "(('prospect_both_0_70_ac1_av_source', 'City'), ('prospect_both_0_70_ac1_av_target', 'prospect_City'))": 0.9869150669845764,
    "(('prospect_both_0_70_ac1_av_source', 'NetWorth'), ('prospect_both_0_70_ac1_av_target', 'prospect_NetWorth'))": 0.8933872469493667,
    "(('prospect_both_0_70_ac1_av_target', 'prospect_State'), ('prospect_both_0_70_ac1_av_source', 'LastName'))": 0.8849157859551449,
    "(('prospect_both_0_70_ac1_av_source', 'NumberChildren'), ('prospect_both_0_70_ac1_av_target', 'prospect_NumberCars'))": 0.8816726454696411,
    "(('prospect_both_0_70_ac1_av_source', 'NumberCars'), ('prospect_both_0_70_ac1_av_target', 'prospect_NumberChildren'))": 0.8801507983636632,
    "(('prospect_both_0_70_ac1_av_source', 'NumberChildren'), ('prospect_both_0_70_ac1_av_target', 'prospect_NumberChildren'))": 0.8799741375976432,
    "(('prospect_both_0_70_ac1_av_target', 'prospect_NumberCars'), ('prospect_both_0_70_ac1_av_source', 'NumberCars'))": 0.8724840015150332,
    "(('prospect_both_0_70_ac1_av_target', 'prospect_MaritalStatus'), ('prospect_both_0_70_ac1_av_source', 'MiddleInitial'))": 0.7761150742648887
  },
  "metrics": {
    "precision": 1.0,
    "recall": 0.4,
    "f1_score": 0.5714285714285715,
    "precision_at_10_percent": 1.0,
    "precision_at_20_percent": 1.0,
    "precision_at_30_percent": 1.0,
    "precision_at_40_percent": 1.0,
    "precision_at_50_percent": 1.0,
    "precision_at_60_percent": 0.75,
    "precision_at_70_percent": 0.6666666666666666,
    "precision_at_80_percent": 0.7,
    "precision_at_90_percent": 0.7272727272727273,
    "recall_at_sizeof_ground_truth": 0.5333333333333333
  },
  "run_times": {
    "total_time": 83.41632451900023,
    "algorithm_time": 82.77144068100006
  }
}