{
  "name": "prospect_both_50_30_ec_av__CorrelationClustering{'threshold1': 0.3, 'threshold2': 0.5, 'quantiles': 256, 'process_num': 4, 'chunk_size': 1, 'clear_cache': True}",
  "matches": {
    "(('prospect_both_50_30_ec_av_source', 'City'), ('prospect_both_50_30_ec_av_target', 'City'))": 0.9868825529704142,
    "(('prospect_both_50_30_ec_av_source', 'LastName'), ('prospect_both_50_30_ec_av_target', 'City'))": 0.9804723041498958,
    "(('prospect_both_50_30_ec_av_source', 'FirstName'), ('prospect_both_50_30_ec_av_target', 'City'))": 0.976005196076111,
    "(('prospect_both_50_30_ec_av_target', 'AgencyID'), ('prospect_both_50_30_ec_av_source', 'AgencyID'))": 0.9662965049532897,
    "(('prospect_both_50_30_ec_av_target', 'Employer'), ('prospect_both_50_30_ec_av_source', 'FirstName'))": 0.9635190556531872,
    "(('prospect_both_50_30_ec_av_source', 'City'), ('prospect_both_50_30_ec_av_target', 'Employer'))": 0.9555947250418374,
    "(('prospect_both_50_30_ec_av_target', 'Employer'), ('prospect_both_50_30_ec_av_source', 'LastName'))": 0.9529122520511697,
    "(('prospect_both_50_30_ec_av_source', 'State'), ('prospect_both_50_30_ec_av_target', 'City'))": 0.9345480355247171,
    "(('prospect_both_50_30_ec_av_target', 'Employer'), ('prospect_both_50_30_ec_av_source', 'State'))": 0.9239947772887186,
    "(('prospect_both_50_30_ec_av_target', 'Income'), ('prospect_both_50_30_ec_av_source', 'Income'))": 0.9081887513241454,
    "(('prospect_both_50_30_ec_av_target', 'PostalCode'), ('prospect_both_50_30_ec_av_source', 'PostalCode'))": 0.9045385869309014,
    "(('prospect_both_50_30_ec_av_target', 'NumberCreditCards'), ('prospect_both_50_30_ec_av_source', 'NumberCreditCards'))": 0.9020712118986088,
    "(('prospect_both_50_30_ec_av_source', 'NumberCreditCards'), ('prospect_both_50_30_ec_av_target', 'NumberChildren'))": 0.8482011028184546,
    "(('prospect_both_50_30_ec_av_target', 'NumberCars'), ('prospect_both_50_30_ec_av_source', 'NumberCreditCards'))": 0.8025798921054403,
    "(('prospect_both_50_30_ec_av_target', 'MaritalStatus'), ('prospect_both_50_30_ec_av_source', 'MiddleInitial'))": 0.7765850420386672,
    "(('prospect_both_50_30_ec_av_source', 'Gender'), ('prospect_both_50_30_ec_av_target', 'MaritalStatus'))": 0.7113500812575648,
    "(('prospect_both_50_30_ec_av_source', 'Gender'), ('prospect_both_50_30_ec_av_target', 'OwnOrRentFlag'))": 0.6446030701568671,
    "(('prospect_both_50_30_ec_av_target', 'OwnOrRentFlag'), ('prospect_both_50_30_ec_av_source', 'MiddleInitial'))": 0.5757761462868134
  },
  "metrics": {
    "precision": 0.75,
    "recall": 0.5,
    "f1_score": 0.6,
    "precision_at_10_percent": 0.5,
    "precision_at_20_percent": 0.5,
    "precision_at_30_percent": 0.3333333333333333,
    "precision_at_40_percent": 0.25,
    "precision_at_50_percent": 0.2222222222222222,
    "precision_at_60_percent": 0.36363636363636365,
    "precision_at_70_percent": 0.38461538461538464,
    "precision_at_80_percent": 0.3333333333333333,
    "precision_at_90_percent": 0.29411764705882354,
    "recall_at_sizeof_ground_truth": 0.3333333333333333
  },
  "run_times": {
    "total_time": 88.9656971000004,
    "algorithm_time": 88.68230767500063
  }
}