{
  "name": "prospect_both_50_50_ac2_ev__CorrelationClustering{'threshold1': 0.15, 'threshold2': 0.15, 'quantiles': 256, 'process_num': 4, 'chunk_size': 1, 'clear_cache': True}",
  "matches": {
    "(('prospect_both_50_50_ac2_ev_target', 'Coun'), ('prospect_both_50_50_ac2_ev_source', 'Country'))": 0.9992093747175093,
    "(('prospect_both_50_50_ac2_ev_target', 'OwORFl'), ('prospect_both_50_50_ac2_ev_source', 'OwnOrRentFlag'))": 0.9988285632060875,
    "(('prospect_both_50_50_ac2_ev_source', 'Gender'), ('prospect_both_50_50_ac2_ev_target', 'Ge'))": 0.9979568653479881,
    "(('prospect_both_50_50_ac2_ev_source', 'NumberCars'), ('prospect_both_50_50_ac2_ev_target', 'NumC'))": 0.997583726577638,
    "(('prospect_both_50_50_ac2_ev_source', 'NumberCreditCards'), ('prospect_both_50_50_ac2_ev_target', 'NumCreCa'))": 0.996973191581441,
    "(('prospect_both_50_50_ac2_ev_target', 'CreRa'), ('prospect_both_50_50_ac2_ev_source', 'CreditRating'))": 0.9960840094025716,
    "(('prospect_both_50_50_ac2_ev_target', 'NumChil'), ('prospect_both_50_50_ac2_ev_source', 'NumberCars'))": 0.9948273973998768,
    "(('prospect_both_50_50_ac2_ev_source', 'Income'), ('prospect_both_50_50_ac2_ev_target', 'Inc'))": 0.9943705662538809,
    "(('prospect_both_50_50_ac2_ev_target', 'FirN'), ('prospect_both_50_50_ac2_ev_source', 'LastName'))": 0.9818474070180437,
    "(('prospect_both_50_50_ac2_ev_target', 'AgeID'), ('prospect_both_50_50_ac2_ev_source', 'AgencyID'))": 0.9735567301928656,
    "(('prospect_both_50_50_ac2_ev_target', 'LN'), ('prospect_both_50_50_ac2_ev_source', 'LastName'))": 0.9735390696109025,
    "(('prospect_both_50_50_ac2_ev_target', 'FirN'), ('prospect_both_50_50_ac2_ev_source', 'FirstName'))": 0.9653607512243829,
    "(('prospect_both_50_50_ac2_ev_target', 'LN'), ('prospect_both_50_50_ac2_ev_source', 'FirstName'))": 0.956011329921185,
    "(('prospect_both_50_50_ac2_ev_source', 'MiddleInitial'), ('prospect_both_50_50_ac2_ev_target', 'MarSt'))": 0.8821150626686906
  },
  "metrics": {
    "precision": 1.0,
    "recall": 0.6363636363636364,
    "f1_score": 0.7777777777777778,
    "precision_at_10_percent": 1.0,
    "precision_at_20_percent": 1.0,
    "precision_at_30_percent": 1.0,
    "precision_at_40_percent": 1.0,
    "precision_at_50_percent": 0.8571428571428571,
    "precision_at_60_percent": 0.7777777777777778,
    "precision_at_70_percent": 0.8,
    "precision_at_80_percent": 0.8333333333333334,
    "precision_at_90_percent": 0.7692307692307693,
    "recall_at_sizeof_ground_truth": 0.8181818181818182
  },
  "run_times": {
    "total_time": 67.06841925200024,
    "algorithm_time": 66.56462750299943
  }
}