{
  "name": "prospect_vertical_50_ec_av__CorrelationClustering{'threshold1': 0.5, 'threshold2': 0.5, 'quantiles': 256, 'process_num': 4, 'chunk_size': 1, 'clear_cache': True}",
  "matches": {
    "(('prospect_vertical_50_ec_av_target', 'MiddleInitial'), ('prospect_vertical_50_ec_av_source', 'MiddleInitial'))": 1.0,
    "(('prospect_vertical_50_ec_av_source', 'Gender'), ('prospect_vertical_50_ec_av_target', 'Gender'))": 0.9995797065857506,
    "(('prospect_vertical_50_ec_av_source', 'PostalCode'), ('prospect_vertical_50_ec_av_target', 'PostalCode'))": 0.9942243794658007,
    "(('prospect_vertical_50_ec_av_source', 'FirstName'), ('prospect_vertical_50_ec_av_target', 'FirstName'))": 0.9914449404274901,
    "(('prospect_vertical_50_ec_av_source', 'Employer'), ('prospect_vertical_50_ec_av_target', 'Employer'))": 0.9798886686551277,
    "(('prospect_vertical_50_ec_av_target', 'AgencyID'), ('prospect_vertical_50_ec_av_source', 'AgencyID'))": 0.9796559436561769,
    "(('prospect_vertical_50_ec_av_target', 'LastName'), ('prospect_vertical_50_ec_av_source', 'LastName'))": 0.9751360093444031,
    "(('prospect_vertical_50_ec_av_target', 'FirstName'), ('prospect_vertical_50_ec_av_source', 'LastName'))": 0.9735739989459753,
    "(('prospect_vertical_50_ec_av_target', 'LastName'), ('prospect_vertical_50_ec_av_source', 'FirstName'))": 0.9735309668434338,
    "(('prospect_vertical_50_ec_av_target', 'Employer'), ('prospect_vertical_50_ec_av_source', 'City'))": 0.9624689291072158,
    "(('prospect_vertical_50_ec_av_target', 'LastName'), ('prospect_vertical_50_ec_av_source', 'City'))": 0.9596414957112421,
    "(('prospect_vertical_50_ec_av_source', 'Employer'), ('prospect_vertical_50_ec_av_target', 'FirstName'))": 0.9582553245803064,
    "(('prospect_vertical_50_ec_av_source', 'City'), ('prospect_vertical_50_ec_av_target', 'FirstName'))": 0.9463560239402998,
    "(('prospect_vertical_50_ec_av_target', 'LastName'), ('prospect_vertical_50_ec_av_source', 'State'))": 0.9402481459554543,
    "(('prospect_vertical_50_ec_av_target', 'FirstName'), ('prospect_vertical_50_ec_av_source', 'State'))": 0.9400982436208518,
    "(('prospect_vertical_50_ec_av_target', 'LastName'), ('prospect_vertical_50_ec_av_source', 'Employer'))": 0.9349337106715637,
    "(('prospect_vertical_50_ec_av_target', 'Employer'), ('prospect_vertical_50_ec_av_source', 'FirstName'))": 0.9285668994979668,
    "(('prospect_vertical_50_ec_av_target', 'Employer'), ('prospect_vertical_50_ec_av_source', 'State'))": 0.925884163813236,
    "(('prospect_vertical_50_ec_av_target', 'Employer'), ('prospect_vertical_50_ec_av_source', 'LastName'))": 0.9207346993406713,
    "(('prospect_vertical_50_ec_av_source', 'Age'), ('prospect_vertical_50_ec_av_target', 'Age'))": 0.9037897351003474,
    "(('prospect_vertical_50_ec_av_source', 'NetWorth'), ('prospect_vertical_50_ec_av_target', 'NetWorth'))": 0.8903179120885204,
    "(('prospect_vertical_50_ec_av_target', 'MiddleInitial'), ('prospect_vertical_50_ec_av_source', 'Gender'))": 0.8429234050182995,
    "(('prospect_vertical_50_ec_av_target', 'MaritalStatus'), ('prospect_vertical_50_ec_av_source', 'MiddleInitial'))": 0.7762748398730287,
    "(('prospect_vertical_50_ec_av_target', 'Gender'), ('prospect_vertical_50_ec_av_source', 'MiddleInitial'))": 0.7738726552126324,
    "(('prospect_vertical_50_ec_av_target', 'MaritalStatus'), ('prospect_vertical_50_ec_av_source', 'Gender'))": 0.7564663047673831,
    "(('prospect_vertical_50_ec_av_source', 'Income'), ('prospect_vertical_50_ec_av_target', 'CreditRating'))": 0.667538395277708,
    "(('prospect_vertical_50_ec_av_source', 'Income'), ('prospect_vertical_50_ec_av_target', 'Age'))": 0.6670041237315478,
    "(('prospect_vertical_50_ec_av_source', 'Income'), ('prospect_vertical_50_ec_av_target', 'NumberCreditCards'))": 0.6243665712906997,
    "(('prospect_vertical_50_ec_av_target', 'OwnOrRentFlag'), ('prospect_vertical_50_ec_av_source', 'MiddleInitial'))": 0.5715684232624882,
    "(('prospect_vertical_50_ec_av_source', 'Income'), ('prospect_vertical_50_ec_av_target', 'NumberCars'))": 0.5425706410840764,
    "(('prospect_vertical_50_ec_av_source', 'Income'), ('prospect_vertical_50_ec_av_target', 'NumberChildren'))": 0.541251292141709,
    "(('prospect_vertical_50_ec_av_target', 'NumberCreditCards'), ('prospect_vertical_50_ec_av_source', 'Age'))": 0.5241099311577658,
    "(('prospect_vertical_50_ec_av_target', 'NumberChildren'), ('prospect_vertical_50_ec_av_source', 'Age'))": 0.5132522051686356,
    "(('prospect_vertical_50_ec_av_target', 'NumberCars'), ('prospect_vertical_50_ec_av_source', 'Age'))": 0.5132522051686356,
    "(('prospect_vertical_50_ec_av_target', 'OwnOrRentFlag'), ('prospect_vertical_50_ec_av_source', 'Gender'))": 0.5021843551046309
  },
  "metrics": {
    "precision": 0.9,
    "recall": 0.8181818181818182,
    "f1_score": 0.8571428571428572,
    "precision_at_10_percent": 1.0,
    "precision_at_20_percent": 1.0,
    "precision_at_30_percent": 0.6363636363636364,
    "precision_at_40_percent": 0.5,
    "precision_at_50_percent": 0.3888888888888889,
    "precision_at_60_percent": 0.42857142857142855,
    "precision_at_70_percent": 0.36,
    "precision_at_80_percent": 0.32142857142857145,
    "precision_at_90_percent": 0.28125,
    "recall_at_sizeof_ground_truth": 0.6363636363636364
  },
  "run_times": {
    "total_time": 135.56592060899857,
    "algorithm_time": 134.27998915599892
  }
}