{
  "name": "prospect_vertical_1_ec_ev__CorrelationClustering{'threshold1': 0.3, 'threshold2': 0.5, 'quantiles': 256, 'process_num': 4, 'chunk_size': 1, 'clear_cache': True}",
  "matches": {
    "(('prospect_vertical_1_ec_ev_source', 'AgencyID'), ('prospect_vertical_1_ec_ev_target', 'AgencyID'))": 1.0,
    "(('prospect_vertical_1_ec_ev_source', 'City'), ('prospect_vertical_1_ec_ev_target', 'Employer'))": 0.9563748157950982,
    "(('prospect_vertical_1_ec_ev_source', 'FirstName'), ('prospect_vertical_1_ec_ev_target', 'Employer'))": 0.938403793209503,
    "(('prospect_vertical_1_ec_ev_target', 'Employer'), ('prospect_vertical_1_ec_ev_source', 'LastName'))": 0.9297253495623153,
    "(('prospect_vertical_1_ec_ev_source', 'State'), ('prospect_vertical_1_ec_ev_target', 'Employer'))": 0.9058588257090651,
    "(('prospect_vertical_1_ec_ev_source', 'MiddleInitial'), ('prospect_vertical_1_ec_ev_target', 'MaritalStatus'))": 0.8831117572558426,
    "(('prospect_vertical_1_ec_ev_target', 'MaritalStatus'), ('prospect_vertical_1_ec_ev_source', 'Gender'))": 0.7564186071428914,
    "(('prospect_vertical_1_ec_ev_target', 'OwnOrRentFlag'), ('prospect_vertical_1_ec_ev_source', 'MiddleInitial'))": 0.5715684232624882,
    "(('prospect_vertical_1_ec_ev_target', 'OwnOrRentFlag'), ('prospect_vertical_1_ec_ev_source', 'Gender'))": 0.5021838543495662
  },
  "metrics": {
    "precision": 0.3333333333333333,
    "recall": 1.0,
    "f1_score": 0.5,
    "precision_at_10_percent": 1.0,
    "precision_at_20_percent": 0.5,
    "precision_at_30_percent": 0.3333333333333333,
    "precision_at_40_percent": 0.25,
    "precision_at_50_percent": 0.2,
    "precision_at_60_percent": 0.16666666666666666,
    "precision_at_70_percent": 0.14285714285714285,
    "precision_at_80_percent": 0.125,
    "precision_at_90_percent": 0.1111111111111111,
    "recall_at_sizeof_ground_truth": 1.0
  },
  "run_times": {
    "total_time": 52.68205911400037,
    "algorithm_time": 51.680602890000955
  }
}