{
  "name": "prospect_both_50_30_ac5_av__CorrelationClustering{'threshold1': 0.1, 'threshold2': 0.1, 'quantiles': 256, 'process_num': 4, 'chunk_size': 1, 'clear_cache': True}",
  "matches": {
    "(('prospect_both_50_30_ac5_av_source', 'State'), ('prospect_both_50_30_ac5_av_target', 'prospect_stt'))": 0.9943086370325531,
    "(('prospect_both_50_30_ac5_av_target', 'prospect_frstnm'), ('prospect_both_50_30_ac5_av_source', 'LastName'))": 0.9818445033495915,
    "(('prospect_both_50_30_ac5_av_target', 'prospect_frstnm'), ('prospect_both_50_30_ac5_av_source', 'FirstName'))": 0.9620761011275002,
    "(('prospect_both_50_30_ac5_av_target', 'prospect_nmbrcrs'), ('prospect_both_50_30_ac5_av_source', 'NumberCars'))": 0.9247732280162794,
    "(('prospect_both_50_30_ac5_av_source', 'NumberCars'), ('prospect_both_50_30_ac5_av_target', 'prospect_nmbrchldrn'))": 0.9239687372720428,
    "(('prospect_both_50_30_ac5_av_source', 'Age'), ('prospect_both_50_30_ac5_av_target', 'prospect_g'))": 0.9121409335521681,
    "(('prospect_both_50_30_ac5_av_target', 'prospect_nmbrcrdtcrds'), ('prospect_both_50_30_ac5_av_source', 'NumberCreditCards'))": 0.8926723355390829
  },
  "metrics": {
    "precision": 0.6666666666666666,
    "recall": 0.3333333333333333,
    "f1_score": 0.4444444444444444,
    "precision_at_10_percent": 1.0,
    "precision_at_20_percent": 0.5,
    "precision_at_30_percent": 0.6666666666666666,
    "precision_at_40_percent": 0.6666666666666666,
    "precision_at_50_percent": 0.75,
    "precision_at_60_percent": 0.6,
    "precision_at_70_percent": 0.6,
    "precision_at_80_percent": 0.6666666666666666,
    "precision_at_90_percent": 0.7142857142857143,
    "recall_at_sizeof_ground_truth": 0.6666666666666666
  },
  "run_times": {
    "total_time": 76.20132271300008,
    "algorithm_time": 74.35968528900048
  }
}