{
  "name": "prospect_horizontal_50_ac5_ev__CorrelationClustering{'threshold1': 0.15, 'threshold2': 0.1, 'quantiles': 256, 'process_num': 4, 'chunk_size': 1, 'clear_cache': True}",
  "matches": {
    "(('prospect_horizontal_50_ac5_ev_target', 'prospect_cntr'), ('prospect_horizontal_50_ac5_ev_source', 'Country'))": 0.9992778960205877,
    "(('prospect_horizontal_50_ac5_ev_target', 'prospect_wnrrntflg'), ('prospect_horizontal_50_ac5_ev_source', 'OwnOrRentFlag'))": 0.9990447274123232,
    "(('prospect_horizontal_50_ac5_ev_source', 'Phone'), ('prospect_horizontal_50_ac5_ev_target', 'prospect_phn'))": 0.9979677455392367,
    "(('prospect_horizontal_50_ac5_ev_target', 'prospect_nmbrcrs'), ('prospect_horizontal_50_ac5_ev_source', 'NumberChildren'))": 0.997594053276489,
    "(('prospect_horizontal_50_ac5_ev_target', 'prospect_nmbrchldrn'), ('prospect_horizontal_50_ac5_ev_source', 'NumberChildren'))": 0.9974498964016947,
    "(('prospect_horizontal_50_ac5_ev_source', 'Gender'), ('prospect_horizontal_50_ac5_ev_target', 'prospect_gndr'))": 0.9971582580481528,
    "(('prospect_horizontal_50_ac5_ev_source', 'NumberCars'), ('prospect_horizontal_50_ac5_ev_target', 'prospect_nmbrcrs'))": 0.9970759507459789,
    "(('prospect_horizontal_50_ac5_ev_target', 'prospect_nmbrchldrn'), ('prospect_horizontal_50_ac5_ev_source', 'NumberCars'))": 0.9966122666729185,
    "(('prospect_horizontal_50_ac5_ev_target', 'prospect_crdtrtng'), ('prospect_horizontal_50_ac5_ev_source', 'CreditRating'))": 0.9962120553878923,
    "(('prospect_horizontal_50_ac5_ev_source', 'City'), ('prospect_horizontal_50_ac5_ev_target', 'prospect_ct'))": 0.9961848190143776,
    "(('prospect_horizontal_50_ac5_ev_source', 'MaritalStatus'), ('prospect_horizontal_50_ac5_ev_target', 'prospect_mrtlstts'))": 0.9960637448108528,
    "(('prospect_horizontal_50_ac5_ev_source', 'NetWorth'), ('prospect_horizontal_50_ac5_ev_target', 'prospect_ntwrth'))": 0.9959485830723142,
    "(('prospect_horizontal_50_ac5_ev_target', 'prospect_stt'), ('prospect_horizontal_50_ac5_ev_source', 'State'))": 0.9953896562509384,
    "(('prospect_horizontal_50_ac5_ev_source', 'NumberCreditCards'), ('prospect_horizontal_50_ac5_ev_target', 'prospect_nmbrcrdtcrds'))": 0.9950626249189098,
    "(('prospect_horizontal_50_ac5_ev_source', 'Employer'), ('prospect_horizontal_50_ac5_ev_target', 'prospect_mplr'))": 0.9950520593723092,
    "(('prospect_horizontal_50_ac5_ev_source', 'Income'), ('prospect_horizontal_50_ac5_ev_target', 'prospect_ncm'))": 0.9949907069301178,
    "(('prospect_horizontal_50_ac5_ev_source', 'Age'), ('prospect_horizontal_50_ac5_ev_target', 'prospect_g'))": 0.9947327888718884,
    "(('prospect_horizontal_50_ac5_ev_source', 'MiddleInitial'), ('prospect_horizontal_50_ac5_ev_target', 'prospect_mddlntl'))": 0.9914232752721807,
    "(('prospect_horizontal_50_ac5_ev_target', 'prospect_ddrssln2'), ('prospect_horizontal_50_ac5_ev_source', 'AddressLine2'))": 0.978715270204918,
    "(('prospect_horizontal_50_ac5_ev_source', 'LastName'), ('prospect_horizontal_50_ac5_ev_target', 'prospect_lstnm'))": 0.9626088183640592,
    "(('prospect_horizontal_50_ac5_ev_source', 'AgencyID'), ('prospect_horizontal_50_ac5_ev_target', 'prospect_gncd'))": 0.962608789244052,
    "(('prospect_horizontal_50_ac5_ev_target', 'prospect_frstnm'), ('prospect_horizontal_50_ac5_ev_source', 'FirstName'))": 0.9531109239255618,
    "(('prospect_horizontal_50_ac5_ev_source', 'PostalCode'), ('prospect_horizontal_50_ac5_ev_target', 'prospect_pstlcd'))": 0.8675042034417163
  },
  "metrics": {
    "precision": 0.7777777777777778,
    "recall": 0.3181818181818182,
    "f1_score": 0.45161290322580644,
    "precision_at_10_percent": 1.0,
    "precision_at_20_percent": 0.8,
    "precision_at_30_percent": 0.8571428571428571,
    "precision_at_40_percent": 0.8,
    "precision_at_50_percent": 0.8333333333333334,
    "precision_at_60_percent": 0.8571428571428571,
    "precision_at_70_percent": 0.8823529411764706,
    "precision_at_80_percent": 0.8947368421052632,
    "precision_at_90_percent": 0.9047619047619048,
    "recall_at_sizeof_ground_truth": 0.9090909090909091
  },
  "run_times": {
    "total_time": 157.26730778300043,
    "algorithm_time": 156.02730697800143
  }
}