{
  "name": "prospect_both_0_70_ac1_ev__CorrelationClustering{'threshold1': 0.4, 'threshold2': 0.5, 'quantiles': 256, 'process_num': 4, 'chunk_size': 1, 'clear_cache': True}",
  "matches": {
    "(('prospect_both_0_70_ac1_ev_target', 'prospect_Country'), ('prospect_both_0_70_ac1_ev_source', 'Country'))": 0.9998953858308358,
    "(('prospect_both_0_70_ac1_ev_source', 'Gender'), ('prospect_both_0_70_ac1_ev_target', 'prospect_Gender'))": 0.9965735045741682,
    "(('prospect_both_0_70_ac1_ev_source', 'City'), ('prospect_both_0_70_ac1_ev_target', 'prospect_City'))": 0.9959706997209571,
    "(('prospect_both_0_70_ac1_ev_source', 'MaritalStatus'), ('prospect_both_0_70_ac1_ev_target', 'prospect_MaritalStatus'))": 0.9951560203743252,
    "(('prospect_both_0_70_ac1_ev_source', 'CreditRating'), ('prospect_both_0_70_ac1_ev_target', 'prospect_CreditRating'))": 0.9949193645779973,
    "(('prospect_both_0_70_ac1_ev_target', 'prospect_State'), ('prospect_both_0_70_ac1_ev_source', 'State'))": 0.9944130537682558,
    "(('prospect_both_0_70_ac1_ev_source', 'NetWorth'), ('prospect_both_0_70_ac1_ev_target', 'prospect_NetWorth'))": 0.992851168640675,
    "(('prospect_both_0_70_ac1_ev_target', 'prospect_Age'), ('prospect_both_0_70_ac1_ev_source', 'Age'))": 0.9927800759564359,
    "(('prospect_both_0_70_ac1_ev_source', 'Employer'), ('prospect_both_0_70_ac1_ev_target', 'prospect_Employer'))": 0.9925607438193774,
    "(('prospect_both_0_70_ac1_ev_target', 'prospect_Income'), ('prospect_both_0_70_ac1_ev_source', 'Income'))": 0.991455800644083,
    "(('prospect_both_0_70_ac1_ev_source', 'FirstName'), ('prospect_both_0_70_ac1_ev_target', 'prospect_City'))": 0.9756974214232357,
    "(('prospect_both_0_70_ac1_ev_source', 'Employer'), ('prospect_both_0_70_ac1_ev_target', 'prospect_City'))": 0.9649358291923156,
    "(('prospect_both_0_70_ac1_ev_target', 'prospect_City'), ('prospect_both_0_70_ac1_ev_source', 'LastName'))": 0.9630228068395396,
    "(('prospect_both_0_70_ac1_ev_source', 'FirstName'), ('prospect_both_0_70_ac1_ev_target', 'prospect_Employer'))": 0.9627029107878388,
    "(('prospect_both_0_70_ac1_ev_source', 'City'), ('prospect_both_0_70_ac1_ev_target', 'prospect_Employer'))": 0.953118832780242,
    "(('prospect_both_0_70_ac1_ev_target', 'prospect_Employer'), ('prospect_both_0_70_ac1_ev_source', 'LastName'))": 0.9515133944714207,
    "(('prospect_both_0_70_ac1_ev_source', 'City'), ('prospect_both_0_70_ac1_ev_target', 'prospect_State'))": 0.9430288469121848,
    "(('prospect_both_0_70_ac1_ev_source', 'State'), ('prospect_both_0_70_ac1_ev_target', 'prospect_City'))": 0.9351228769382817,
    "(('prospect_both_0_70_ac1_ev_target', 'prospect_State'), ('prospect_both_0_70_ac1_ev_source', 'Employer'))": 0.9079385445812423,
    "(('prospect_both_0_70_ac1_ev_source', 'State'), ('prospect_both_0_70_ac1_ev_target', 'prospect_Employer'))": 0.9033510973765251,
    "(('prospect_both_0_70_ac1_ev_target', 'prospect_State'), ('prospect_both_0_70_ac1_ev_source', 'LastName'))": 0.9005972293383859,
    "(('prospect_both_0_70_ac1_ev_target', 'prospect_State'), ('prospect_both_0_70_ac1_ev_source', 'FirstName'))": 0.8868068367376495,
    "(('prospect_both_0_70_ac1_ev_source', 'MiddleInitial'), ('prospect_both_0_70_ac1_ev_target', 'prospect_MaritalStatus'))": 0.8824280076082336,
    "(('prospect_both_0_70_ac1_ev_source', 'MaritalStatus'), ('prospect_both_0_70_ac1_ev_target', 'prospect_OwnOrRentFlag'))": 0.8820831389325645,
    "(('prospect_both_0_70_ac1_ev_source', 'MiddleInitial'), ('prospect_both_0_70_ac1_ev_target', 'prospect_Gender'))": 0.840805264069153,
    "(('prospect_both_0_70_ac1_ev_source', 'MiddleInitial'), ('prospect_both_0_70_ac1_ev_target', 'prospect_OwnOrRentFlag'))": 0.8321139449054722,
    "(('prospect_both_0_70_ac1_ev_source', 'MaritalStatus'), ('prospect_both_0_70_ac1_ev_target', 'prospect_Gender'))": 0.7218316027081203,
    "(('prospect_both_0_70_ac1_ev_source', 'Gender'), ('prospect_both_0_70_ac1_ev_target', 'prospect_MaritalStatus'))": 0.711558302836756,
    "(('prospect_both_0_70_ac1_ev_source', 'Gender'), ('prospect_both_0_70_ac1_ev_target', 'prospect_OwnOrRentFlag'))": 0.6445998381837176,
    "(('prospect_both_0_70_ac1_ev_target', 'prospect_NumberCreditCards'), ('prospect_both_0_70_ac1_ev_source', 'Age'))": 0.5296584711338539,
    "(('prospect_both_0_70_ac1_ev_target', 'prospect_NumberCars'), ('prospect_both_0_70_ac1_ev_source', 'Age'))": 0.5165081313635707,
    "(('prospect_both_0_70_ac1_ev_target', 'prospect_NumberChildren'), ('prospect_both_0_70_ac1_ev_source', 'Age'))": 0.5165081313635707
  },
  "metrics": {
    "precision": 0.9090909090909091,
    "recall": 0.6666666666666666,
    "f1_score": 0.7692307692307692,
    "precision_at_10_percent": 1.0,
    "precision_at_20_percent": 1.0,
    "precision_at_30_percent": 1.0,
    "precision_at_40_percent": 0.7692307692307693,
    "precision_at_50_percent": 0.625,
    "precision_at_60_percent": 0.5,
    "precision_at_70_percent": 0.43478260869565216,
    "precision_at_80_percent": 0.38461538461538464,
    "precision_at_90_percent": 0.3448275862068966,
    "recall_at_sizeof_ground_truth": 0.6666666666666666
  },
  "run_times": {
    "total_time": 79.57434322600056,
    "algorithm_time": 79.21625919700091
  }
}