{
  "name": "prospect_both_0_50_ac2_ev__CorrelationClustering{'threshold1': 0.4, 'threshold2': 0.4, 'quantiles': 256, 'process_num': 4, 'chunk_size': 1, 'clear_cache': True}",
  "matches": {
    "(('prospect_both_0_50_ac2_ev_target', 'OwORFl'), ('prospect_both_0_50_ac2_ev_source', 'OwnOrRentFlag'))": 0.9983663008970283,
    "(('prospect_both_0_50_ac2_ev_target', 'CreRa'), ('prospect_both_0_50_ac2_ev_source', 'CreditRating'))": 0.9948906888294117,
    "(('prospect_both_0_50_ac2_ev_target', 'MarSt'), ('prospect_both_0_50_ac2_ev_source', 'MaritalStatus'))": 0.9930902664159933,
    "(('prospect_both_0_50_ac2_ev_source', 'NetWorth'), ('prospect_both_0_50_ac2_ev_target', 'NeWor'))": 0.9928506219351471,
    "(('prospect_both_0_50_ac2_ev_source', 'Age'), ('prospect_both_0_50_ac2_ev_target', 'A'))": 0.9927300638105909,
    "(('prospect_both_0_50_ac2_ev_source', 'MiddleInitial'), ('prospect_both_0_50_ac2_ev_target', 'MidIni'))": 0.9880813345793064,
    "(('prospect_both_0_50_ac2_ev_target', 'Empl'), ('prospect_both_0_50_ac2_ev_source', 'FirstName'))": 0.9633860878865681,
    "(('prospect_both_0_50_ac2_ev_target', 'Empl'), ('prospect_both_0_50_ac2_ev_source', 'City'))": 0.9597770719411819,
    "(('prospect_both_0_50_ac2_ev_target', 'Empl'), ('prospect_both_0_50_ac2_ev_source', 'LastName'))": 0.951513719893681,
    "(('prospect_both_0_50_ac2_ev_source', 'State'), ('prospect_both_0_50_ac2_ev_target', 'Empl'))": 0.9033510973765251,
    "(('prospect_both_0_50_ac2_ev_target', 'MarSt'), ('prospect_both_0_50_ac2_ev_source', 'OwnOrRentFlag'))": 0.825449873868201,
    "(('prospect_both_0_50_ac2_ev_source', 'Gender'), ('prospect_both_0_50_ac2_ev_target', 'MidIni'))": 0.7783962746713553,
    "(('prospect_both_0_50_ac2_ev_target', 'MarSt'), ('prospect_both_0_50_ac2_ev_source', 'MiddleInitial'))": 0.7761150742648887,
    "(('prospect_both_0_50_ac2_ev_target', 'MarSt'), ('prospect_both_0_50_ac2_ev_source', 'Gender'))": 0.754253972182067,
    "(('prospect_both_0_50_ac2_ev_source', 'MaritalStatus'), ('prospect_both_0_50_ac2_ev_target', 'MidIni'))": 0.7353255617808151,
    "(('prospect_both_0_50_ac2_ev_source', 'Age'), ('prospect_both_0_50_ac2_ev_target', 'NuCreCar'))": 0.6919526448510146,
    "(('prospect_both_0_50_ac2_ev_source', 'Age'), ('prospect_both_0_50_ac2_ev_target', 'NuC'))": 0.6806199260329255,
    "(('prospect_both_0_50_ac2_ev_source', 'Age'), ('prospect_both_0_50_ac2_ev_target', 'NumChil'))": 0.6805791170045765,
    "(('prospect_both_0_50_ac2_ev_target', 'OwORFl'), ('prospect_both_0_50_ac2_ev_source', 'MaritalStatus'))": 0.598954081103587,
    "(('prospect_both_0_50_ac2_ev_target', 'OwORFl'), ('prospect_both_0_50_ac2_ev_source', 'MiddleInitial'))": 0.5756806691101787,
    "(('prospect_both_0_50_ac2_ev_source', 'OwnOrRentFlag'), ('prospect_both_0_50_ac2_ev_target', 'MidIni'))": 0.5681754012302094,
    "(('prospect_both_0_50_ac2_ev_target', 'OwORFl'), ('prospect_both_0_50_ac2_ev_source', 'Gender'))": 0.5023596382732421
  },
  "metrics": {
    "precision": 0.8571428571428571,
    "recall": 0.5454545454545454,
    "f1_score": 0.6666666666666665,
    "precision_at_10_percent": 1.0,
    "precision_at_20_percent": 1.0,
    "precision_at_30_percent": 0.8571428571428571,
    "precision_at_40_percent": 0.6666666666666666,
    "precision_at_50_percent": 0.5454545454545454,
    "precision_at_60_percent": 0.42857142857142855,
    "precision_at_70_percent": 0.375,
    "precision_at_80_percent": 0.3333333333333333,
    "precision_at_90_percent": 0.3,
    "recall_at_sizeof_ground_truth": 0.5454545454545454
  },
  "run_times": {
    "total_time": 57.01470384700042,
    "algorithm_time": 56.75482583899975
  }
}