{
  "name": "prospect_both_50_30_ec_av__CorrelationClustering{'threshold1': 0.3, 'threshold2': 0.3, 'quantiles': 256, 'process_num': 4, 'chunk_size': 1, 'clear_cache': True}",
  "matches": {
    "(('prospect_both_50_30_ec_av_source', 'LastName'), ('prospect_both_50_30_ec_av_target', 'City'))": 0.9804723041498958,
    "(('prospect_both_50_30_ec_av_source', 'FirstName'), ('prospect_both_50_30_ec_av_target', 'City'))": 0.976005196076111,
    "(('prospect_both_50_30_ec_av_target', 'AgencyID'), ('prospect_both_50_30_ec_av_source', 'AgencyID'))": 0.9662965049532897,
    "(('prospect_both_50_30_ec_av_target', 'City'), ('prospect_both_50_30_ec_av_source', 'City'))": 0.9662452234516125,
    "(('prospect_both_50_30_ec_av_source', 'FirstName'), ('prospect_both_50_30_ec_av_target', 'Employer'))": 0.9631812934045131,
    "(('prospect_both_50_30_ec_av_target', 'Employer'), ('prospect_both_50_30_ec_av_source', 'LastName'))": 0.9529122520511697,
    "(('prospect_both_50_30_ec_av_target', 'Employer'), ('prospect_both_50_30_ec_av_source', 'City'))": 0.9483828647947166,
    "(('prospect_both_50_30_ec_av_source', 'Income'), ('prospect_both_50_30_ec_av_target', 'Income'))": 0.9469161812063328,
    "(('prospect_both_50_30_ec_av_source', 'State'), ('prospect_both_50_30_ec_av_target', 'City'))": 0.9345480355247171,
    "(('prospect_both_50_30_ec_av_target', 'Employer'), ('prospect_both_50_30_ec_av_source', 'State'))": 0.9239947772887186,
    "(('prospect_both_50_30_ec_av_source', 'NumberCreditCards'), ('prospect_both_50_30_ec_av_target', 'NumberCreditCards'))": 0.9076163331864974,
    "(('prospect_both_50_30_ec_av_source', 'MiddleInitial'), ('prospect_both_50_30_ec_av_target', 'OwnOrRentFlag'))": 0.8318747851317079,
    "(('prospect_both_50_30_ec_av_target', 'NumberChildren'), ('prospect_both_50_30_ec_av_source', 'NumberCreditCards'))": 0.8025798921054403,
    "(('prospect_both_50_30_ec_av_target', 'NumberCars'), ('prospect_both_50_30_ec_av_source', 'NumberCreditCards'))": 0.8025798921054403,
    "(('prospect_both_50_30_ec_av_target', 'MaritalStatus'), ('prospect_both_50_30_ec_av_source', 'MiddleInitial'))": 0.7765850420386672,
    "(('prospect_both_50_30_ec_av_target', 'MaritalStatus'), ('prospect_both_50_30_ec_av_source', 'Gender'))": 0.7543681390664133,
    "(('prospect_both_50_30_ec_av_source', 'Gender'), ('prospect_both_50_30_ec_av_target', 'OwnOrRentFlag'))": 0.6446030701568671
  },
  "metrics": {
    "precision": 0.5,
    "recall": 0.3333333333333333,
    "f1_score": 0.4,
    "precision_at_10_percent": 0.0,
    "precision_at_20_percent": 0.5,
    "precision_at_30_percent": 0.3333333333333333,
    "precision_at_40_percent": 0.2857142857142857,
    "precision_at_50_percent": 0.3333333333333333,
    "precision_at_60_percent": 0.36363636363636365,
    "precision_at_70_percent": 0.3333333333333333,
    "precision_at_80_percent": 0.2857142857142857,
    "precision_at_90_percent": 0.25,
    "recall_at_sizeof_ground_truth": 0.3333333333333333
  },
  "run_times": {
    "total_time": 83.98180609300107,
    "algorithm_time": 83.46508410499882
  }
}