{
  "name": "prospect_both_0_70_ac4_av__CorrelationClustering{'threshold1': 0.1, 'threshold2': 0.2, 'quantiles': 256, 'process_num': 4, 'chunk_size': 1, 'clear_cache': True}",
  "matches": {
    "(('prospect_both_0_70_ac4_av_source', 'OwnOrRentFlag'), ('prospect_both_0_70_ac4_av_target', 'prospect_OORFl'))": 0.9983663008970283,
    "(('prospect_both_0_70_ac4_av_target', 'prospect_MaSt'), ('prospect_both_0_70_ac4_av_source', 'MaritalStatus'))": 0.9930902664159933,
    "(('prospect_both_0_70_ac4_av_target', 'prospect_St'), ('prospect_both_0_70_ac4_av_source', 'State'))": 0.9882873867521434,
    "(('prospect_both_0_70_ac4_av_target', 'prospect_MidIn'), ('prospect_both_0_70_ac4_av_source', 'MiddleInitial'))": 0.9879202269011186,
    "(('prospect_both_0_70_ac4_av_target', 'prospect_Ci'), ('prospect_both_0_70_ac4_av_source', 'City'))": 0.9675141534366356,
    "(('prospect_both_0_70_ac4_av_source', 'NumberChildren'), ('prospect_both_0_70_ac4_av_target', 'prospect_NuC'))": 0.916423262680159,
    "(('prospect_both_0_70_ac4_av_source', 'NumberChildren'), ('prospect_both_0_70_ac4_av_target', 'prospect_NuChil'))": 0.9159269824522672,
    "(('prospect_both_0_70_ac4_av_target', 'prospect_Ag'), ('prospect_both_0_70_ac4_av_source', 'Age'))": 0.9156712246479892,
    "(('prospect_both_0_70_ac4_av_target', 'prospect_In'), ('prospect_both_0_70_ac4_av_source', 'Income'))": 0.9089732156138257,
    "(('prospect_both_0_70_ac4_av_target', 'prospect_St'), ('prospect_both_0_70_ac4_av_source', 'LastName'))": 0.8871719661685387
  },
  "metrics": {
    "precision": 0.8333333333333334,
    "recall": 0.3333333333333333,
    "f1_score": 0.47619047619047616,
    "precision_at_10_percent": 1.0,
    "precision_at_20_percent": 1.0,
    "precision_at_30_percent": 1.0,
    "precision_at_40_percent": 1.0,
    "precision_at_50_percent": 1.0,
    "precision_at_60_percent": 0.8333333333333334,
    "precision_at_70_percent": 0.8571428571428571,
    "precision_at_80_percent": 0.875,
    "precision_at_90_percent": 0.8888888888888888,
    "recall_at_sizeof_ground_truth": 0.5333333333333333
  },
  "run_times": {
    "total_time": 85.48468178199983,
    "algorithm_time": 84.98858987200038
  }
}