{
  "name": "prospect_horizontal_50_ac2_ev__CorrelationClustering{'threshold1': 0.1, 'threshold2': 0.2, 'quantiles': 256, 'process_num': 4, 'chunk_size': 1, 'clear_cache': True}",
  "matches": {
    "(('prospect_horizontal_50_ac2_ev_source', 'Country'), ('prospect_horizontal_50_ac2_ev_target', 'Co'))": 0.9992778960205877,
    "(('prospect_horizontal_50_ac2_ev_source', 'OwnOrRentFlag'), ('prospect_horizontal_50_ac2_ev_target', 'OORFl'))": 0.9990447274123232,
    "(('prospect_horizontal_50_ac2_ev_source', 'Phone'), ('prospect_horizontal_50_ac2_ev_target', 'Pho'))": 0.9979677455392367,
    "(('prospect_horizontal_50_ac2_ev_target', 'Ge'), ('prospect_horizontal_50_ac2_ev_source', 'Gender'))": 0.9976519821566625,
    "(('prospect_horizontal_50_ac2_ev_target', 'NuCa'), ('prospect_horizontal_50_ac2_ev_source', 'NumberChildren'))": 0.997594053276489,
    "(('prospect_horizontal_50_ac2_ev_target', 'NumCh'), ('prospect_horizontal_50_ac2_ev_source', 'NumberChildren'))": 0.9974498964016947,
    "(('prospect_horizontal_50_ac2_ev_target', 'NuCa'), ('prospect_horizontal_50_ac2_ev_source', 'NumberCars'))": 0.9970063639254164,
    "(('prospect_horizontal_50_ac2_ev_target', 'NumCh'), ('prospect_horizontal_50_ac2_ev_source', 'NumberCars'))": 0.9966122666729185,
    "(('prospect_horizontal_50_ac2_ev_target', 'CreRa'), ('prospect_horizontal_50_ac2_ev_source', 'CreditRating'))": 0.9962120553878923,
    "(('prospect_horizontal_50_ac2_ev_source', 'City'), ('prospect_horizontal_50_ac2_ev_target', 'Ci'))": 0.9961848190143776,
    "(('prospect_horizontal_50_ac2_ev_target', 'MaSta'), ('prospect_horizontal_50_ac2_ev_source', 'MaritalStatus'))": 0.9960637448108528,
    "(('prospect_horizontal_50_ac2_ev_target', 'NWo'), ('prospect_horizontal_50_ac2_ev_source', 'NetWorth'))": 0.9959071714711659,
    "(('prospect_horizontal_50_ac2_ev_target', 'St'), ('prospect_horizontal_50_ac2_ev_source', 'State'))": 0.9953896562509384,
    "(('prospect_horizontal_50_ac2_ev_target', 'NumCreCa'), ('prospect_horizontal_50_ac2_ev_source', 'NumberCreditCards'))": 0.9950626249189098,
    "(('prospect_horizontal_50_ac2_ev_target', 'Em'), ('prospect_horizontal_50_ac2_ev_source', 'Employer'))": 0.9950561824186127,
    "(('prospect_horizontal_50_ac2_ev_target', 'Inc'), ('prospect_horizontal_50_ac2_ev_source', 'Income'))": 0.9948788777469554,
    "(('prospect_horizontal_50_ac2_ev_source', 'Age'), ('prospect_horizontal_50_ac2_ev_target', 'Ag'))": 0.9947327888718884,
    "(('prospect_horizontal_50_ac2_ev_source', 'MiddleInitial'), ('prospect_horizontal_50_ac2_ev_target', 'MiIn'))": 0.9914232752721807,
    "(('prospect_horizontal_50_ac2_ev_target', 'AddLi2'), ('prospect_horizontal_50_ac2_ev_source', 'AddressLine2'))": 0.978715270204918,
    "(('prospect_horizontal_50_ac2_ev_target', 'LaNa'), ('prospect_horizontal_50_ac2_ev_source', 'LastName'))": 0.9627525959866298,
    "(('prospect_horizontal_50_ac2_ev_target', 'AgID'), ('prospect_horizontal_50_ac2_ev_source', 'AgencyID'))": 0.9627442191167428,
    "(('prospect_horizontal_50_ac2_ev_target', 'FirN'), ('prospect_horizontal_50_ac2_ev_source', 'FirstName'))": 0.9531109239255618
  },
  "metrics": {
    "precision": 0.8666666666666667,
    "recall": 0.5909090909090909,
    "f1_score": 0.7027027027027029,
    "precision_at_10_percent": 1.0,
    "precision_at_20_percent": 0.8,
    "precision_at_30_percent": 0.8571428571428571,
    "precision_at_40_percent": 0.7777777777777778,
    "precision_at_50_percent": 0.8181818181818182,
    "precision_at_60_percent": 0.8571428571428571,
    "precision_at_70_percent": 0.875,
    "precision_at_80_percent": 0.8888888888888888,
    "precision_at_90_percent": 0.9,
    "recall_at_sizeof_ground_truth": 0.9090909090909091
  },
  "run_times": {
    "total_time": 153.6863178120002,
    "algorithm_time": 153.1350688370003
  }
}