{
  "name": "prospect_horizontal_50_ac4_av__CorrelationClustering{'threshold1': 0.2, 'threshold2': 0.15, 'quantiles': 256, 'process_num': 4, 'chunk_size': 1, 'clear_cache': True}",
  "matches": {
    "(('prospect_horizontal_50_ac4_av_source', 'OwnOrRentFlag'), ('prospect_horizontal_50_ac4_av_target', 'prospect_OORFl'))": 0.9990447274123232,
    "(('prospect_horizontal_50_ac4_av_source', 'Gender'), ('prospect_horizontal_50_ac4_av_target', 'prospect_Gen'))": 0.9971582580481528,
    "(('prospect_horizontal_50_ac4_av_source', 'MaritalStatus'), ('prospect_horizontal_50_ac4_av_target', 'prospect_MaSt'))": 0.9960637448108528,
    "(('prospect_horizontal_50_ac4_av_source', 'State'), ('prospect_horizontal_50_ac4_av_target', 'prospect_Sta'))": 0.9953601006390325,
    "(('prospect_horizontal_50_ac4_av_source', 'City'), ('prospect_horizontal_50_ac4_av_target', 'prospect_Ci'))": 0.9933339343108115,
    "(('prospect_horizontal_50_ac4_av_target', 'prospect_MiIni'), ('prospect_horizontal_50_ac4_av_source', 'MiddleInitial'))": 0.9911161868048095,
    "(('prospect_horizontal_50_ac4_av_source', 'Employer'), ('prospect_horizontal_50_ac4_av_target', 'prospect_Emp'))": 0.9880108341403225,
    "(('prospect_horizontal_50_ac4_av_source', 'FirstName'), ('prospect_horizontal_50_ac4_av_target', 'prospect_Ci'))": 0.9742548956841257,
    "(('prospect_horizontal_50_ac4_av_source', 'NumberChildren'), ('prospect_horizontal_50_ac4_av_target', 'prospect_NuCh'))": 0.9737852301152451,
    "(('prospect_horizontal_50_ac4_av_source', 'NumberChildren'), ('prospect_horizontal_50_ac4_av_target', 'prospect_NumC'))": 0.9736851317813502,
    "(('prospect_horizontal_50_ac4_av_source', 'NetWorth'), ('prospect_horizontal_50_ac4_av_target', 'prospect_NWor'))": 0.9663385677154052,
    "(('prospect_horizontal_50_ac4_av_source', 'LastName'), ('prospect_horizontal_50_ac4_av_target', 'prospect_Ci'))": 0.9656690718421203,
    "(('prospect_horizontal_50_ac4_av_target', 'prospect_Ag'), ('prospect_horizontal_50_ac4_av_source', 'Age'))": 0.9633020543246442,
    "(('prospect_horizontal_50_ac4_av_source', 'NumberCreditCards'), ('prospect_horizontal_50_ac4_av_target', 'prospect_NuCreCar'))": 0.9576440912329585,
    "(('prospect_horizontal_50_ac4_av_source', 'NumberCars'), ('prospect_horizontal_50_ac4_av_target', 'prospect_NuCh'))": 0.946895802055131,
    "(('prospect_horizontal_50_ac4_av_source', 'CreditRating'), ('prospect_horizontal_50_ac4_av_target', 'prospect_CrRat'))": 0.9309304978830536,
    "(('prospect_horizontal_50_ac4_av_target', 'prospect_In'), ('prospect_horizontal_50_ac4_av_source', 'Income'))": 0.9243821697204341,
    "(('prospect_horizontal_50_ac4_av_target', 'prospect_NumC'), ('prospect_horizontal_50_ac4_av_source', 'NumberCars'))": 0.9224392795876405,
    "(('prospect_horizontal_50_ac4_av_source', 'Country'), ('prospect_horizontal_50_ac4_av_target', 'prospect_Coun'))": 0.9194106198714161,
    "(('prospect_horizontal_50_ac4_av_target', 'prospect_MaSt'), ('prospect_horizontal_50_ac4_av_source', 'MiddleInitial'))": 0.7767842647678409,
    "(('prospect_horizontal_50_ac4_av_source', 'MaritalStatus'), ('prospect_horizontal_50_ac4_av_target', 'prospect_MiIni'))": 0.7751416892013906
  },
  "metrics": {
    "precision": 1.0,
    "recall": 0.4090909090909091,
    "f1_score": 0.5806451612903226,
    "precision_at_10_percent": 1.0,
    "precision_at_20_percent": 1.0,
    "precision_at_30_percent": 1.0,
    "precision_at_40_percent": 0.8888888888888888,
    "precision_at_50_percent": 0.8181818181818182,
    "precision_at_60_percent": 0.7692307692307693,
    "precision_at_70_percent": 0.7333333333333333,
    "precision_at_80_percent": 0.7647058823529411,
    "precision_at_90_percent": 0.7894736842105263,
    "recall_at_sizeof_ground_truth": 0.6818181818181818
  },
  "run_times": {
    "total_time": 129.11702279199926,
    "algorithm_time": 127.97060139799942
  }
}