{
  "name": "prospect_both_50_50_ac3_ev__CorrelationClustering{'threshold1': 0.1, 'threshold2': 0.15, 'quantiles': 256, 'process_num': 4, 'chunk_size': 1, 'clear_cache': True}",
  "matches": {
    "(('prospect_both_50_50_ac3_ev_target', 'cntr'), ('prospect_both_50_50_ac3_ev_source', 'Country'))": 0.9992093747175093,
    "(('prospect_both_50_50_ac3_ev_target', 'phn'), ('prospect_both_50_50_ac3_ev_source', 'Phone'))": 0.9983952892008486,
    "(('prospect_both_50_50_ac3_ev_target', 'nmbrchldrn'), ('prospect_both_50_50_ac3_ev_source', 'NumberChildren'))": 0.9983756425393574,
    "(('prospect_both_50_50_ac3_ev_target', 'gndr'), ('prospect_both_50_50_ac3_ev_source', 'Gender'))": 0.9979592420146852,
    "(('prospect_both_50_50_ac3_ev_target', 'ct'), ('prospect_both_50_50_ac3_ev_source', 'City'))": 0.9971072576750041,
    "(('prospect_both_50_50_ac3_ev_target', 'crdtrtng'), ('prospect_both_50_50_ac3_ev_source', 'CreditRating'))": 0.9960840094025716,
    "(('prospect_both_50_50_ac3_ev_target', 'mrtlstts'), ('prospect_both_50_50_ac3_ev_source', 'MaritalStatus'))": 0.9952274489931225,
    "(('prospect_both_50_50_ac3_ev_source', 'NumberChildren'), ('prospect_both_50_50_ac3_ev_target', 'nmbrcrs'))": 0.9945747197237335,
    "(('prospect_both_50_50_ac3_ev_source', 'Age'), ('prospect_both_50_50_ac3_ev_target', 'g'))": 0.9945133567347029,
    "(('prospect_both_50_50_ac3_ev_source', 'Income'), ('prospect_both_50_50_ac3_ev_target', 'ncm'))": 0.9943705662538809,
    "(('prospect_both_50_50_ac3_ev_source', 'AgencyID'), ('prospect_both_50_50_ac3_ev_target', 'gncd'))": 0.9731175618733348,
    "(('prospect_both_50_50_ac3_ev_target', 'ct'), ('prospect_both_50_50_ac3_ev_source', 'LastName'))": 0.9632778666236141,
    "(('prospect_both_50_50_ac3_ev_target', 'ct'), ('prospect_both_50_50_ac3_ev_source', 'FirstName'))": 0.9547969204302404,
    "(('prospect_both_50_50_ac3_ev_source', 'City'), ('prospect_both_50_50_ac3_ev_target', 'stt'))": 0.9421304816946815,
    "(('prospect_both_50_50_ac3_ev_target', 'stt'), ('prospect_both_50_50_ac3_ev_source', 'LastName'))": 0.9007050725198527,
    "(('prospect_both_50_50_ac3_ev_target', 'stt'), ('prospect_both_50_50_ac3_ev_source', 'FirstName'))": 0.8863964464457147
  },
  "metrics": {
    "precision": 1.0,
    "recall": 0.7272727272727273,
    "f1_score": 0.8421052631578948,
    "precision_at_10_percent": 1.0,
    "precision_at_20_percent": 1.0,
    "precision_at_30_percent": 1.0,
    "precision_at_40_percent": 1.0,
    "precision_at_50_percent": 0.875,
    "precision_at_60_percent": 0.9,
    "precision_at_70_percent": 0.8333333333333334,
    "precision_at_80_percent": 0.7692307692307693,
    "precision_at_90_percent": 0.6666666666666666,
    "recall_at_sizeof_ground_truth": 0.9090909090909091
  },
  "run_times": {
    "total_time": 68.06600617999902,
    "algorithm_time": 67.66689958499956
  }
}