{
  "name": "prospect_both_50_1_ec_ev__CorrelationClustering{'threshold1': 0.4, 'threshold2': 0.4, 'quantiles': 256, 'process_num': 4, 'chunk_size': 1, 'clear_cache': True}",
  "matches": {
    "(('prospect_both_50_1_ec_ev_target', 'AgencyID'), ('prospect_both_50_1_ec_ev_source', 'AgencyID'))": 0.9735562969587737,
    "(('prospect_both_50_1_ec_ev_source', 'FirstName'), ('prospect_both_50_1_ec_ev_target', 'Employer'))": 0.9631935447553749,
    "(('prospect_both_50_1_ec_ev_target', 'Employer'), ('prospect_both_50_1_ec_ev_source', 'City'))": 0.9610968111516233,
    "(('prospect_both_50_1_ec_ev_source', 'LastName'), ('prospect_both_50_1_ec_ev_target', 'Employer'))": 0.9521464579637495,
    "(('prospect_both_50_1_ec_ev_target', 'Employer'), ('prospect_both_50_1_ec_ev_source', 'State'))": 0.9239947772887186,
    "(('prospect_both_50_1_ec_ev_source', 'MiddleInitial'), ('prospect_both_50_1_ec_ev_target', 'MaritalStatus'))": 0.8821150626686906,
    "(('prospect_both_50_1_ec_ev_source', 'Gender'), ('prospect_both_50_1_ec_ev_target', 'MaritalStatus'))": 0.7113500812575648,
    "(('prospect_both_50_1_ec_ev_source', 'Gender'), ('prospect_both_50_1_ec_ev_target', 'OwnOrRentFlag'))": 0.6446030701568671,
    "(('prospect_both_50_1_ec_ev_target', 'OwnOrRentFlag'), ('prospect_both_50_1_ec_ev_source', 'MiddleInitial'))": 0.5757761462868134
  },
  "metrics": {
    "precision": 0.3333333333333333,
    "recall": 1.0,
    "f1_score": 0.5,
    "precision_at_10_percent": 1.0,
    "precision_at_20_percent": 0.5,
    "precision_at_30_percent": 0.3333333333333333,
    "precision_at_40_percent": 0.25,
    "precision_at_50_percent": 0.2,
    "precision_at_60_percent": 0.16666666666666666,
    "precision_at_70_percent": 0.14285714285714285,
    "precision_at_80_percent": 0.125,
    "precision_at_90_percent": 0.1111111111111111,
    "recall_at_sizeof_ground_truth": 1.0
  },
  "run_times": {
    "total_time": 45.38405704199977,
    "algorithm_time": 45.13661667999986
  }
}