{
  "name": "prospect_both_0_70_ac3_ev__CorrelationClustering{'threshold1': 0.3, 'threshold2': 0.5, 'quantiles': 256, 'process_num': 4, 'chunk_size': 1, 'clear_cache': True}",
  "matches": {
    "(('prospect_both_0_70_ac3_ev_target', 'wnrrntflg'), ('prospect_both_0_70_ac3_ev_source', 'OwnOrRentFlag'))": 0.9983663008970283,
    "(('prospect_both_0_70_ac3_ev_source', 'NumberCars'), ('prospect_both_0_70_ac3_ev_target', 'nmbrcrs'))": 0.9969762979874353,
    "(('prospect_both_0_70_ac3_ev_source', 'NumberCars'), ('prospect_both_0_70_ac3_ev_target', 'nmbrchldrn'))": 0.9964667794314603,
    "(('prospect_both_0_70_ac3_ev_target', 'nmbrcrdtcrds'), ('prospect_both_0_70_ac3_ev_source', 'NumberCreditCards'))": 0.9956342094353238,
    "(('prospect_both_0_70_ac3_ev_target', 'stt'), ('prospect_both_0_70_ac3_ev_source', 'State'))": 0.9944130537682558,
    "(('prospect_both_0_70_ac3_ev_target', 'mrtlstts'), ('prospect_both_0_70_ac3_ev_source', 'MaritalStatus'))": 0.9930902664159933,
    "(('prospect_both_0_70_ac3_ev_source', 'Employer'), ('prospect_both_0_70_ac3_ev_target', 'mplr'))": 0.9925607438193774,
    "(('prospect_both_0_70_ac3_ev_target', 'ncm'), ('prospect_both_0_70_ac3_ev_source', 'Income'))": 0.9914564532278902,
    "(('prospect_both_0_70_ac3_ev_target', 'mddlntl'), ('prospect_both_0_70_ac3_ev_source', 'MiddleInitial'))": 0.9879202269011186,
    "(('prospect_both_0_70_ac3_ev_source', 'FirstName'), ('prospect_both_0_70_ac3_ev_target', 'mplr'))": 0.9627029107878388,
    "(('prospect_both_0_70_ac3_ev_source', 'City'), ('prospect_both_0_70_ac3_ev_target', 'mplr'))": 0.953118832780242,
    "(('prospect_both_0_70_ac3_ev_source', 'LastName'), ('prospect_both_0_70_ac3_ev_target', 'mplr'))": 0.9504378013006283,
    "(('prospect_both_0_70_ac3_ev_target', 'stt'), ('prospect_both_0_70_ac3_ev_source', 'City'))": 0.9353621675526562,
    "(('prospect_both_0_70_ac3_ev_target', 'mplr'), ('prospect_both_0_70_ac3_ev_source', 'State'))": 0.9225641046175579,
    "(('prospect_both_0_70_ac3_ev_target', 'stt'), ('prospect_both_0_70_ac3_ev_source', 'Employer'))": 0.9079385445812423,
    "(('prospect_both_0_70_ac3_ev_target', 'stt'), ('prospect_both_0_70_ac3_ev_source', 'LastName'))": 0.9005976538242902,
    "(('prospect_both_0_70_ac3_ev_target', 'stt'), ('prospect_both_0_70_ac3_ev_source', 'FirstName'))": 0.8868068367376495,
    "(('prospect_both_0_70_ac3_ev_target', 'mddlntl'), ('prospect_both_0_70_ac3_ev_source', 'MaritalStatus'))": 0.8812433095213061,
    "(('prospect_both_0_70_ac3_ev_target', 'mddlntl'), ('prospect_both_0_70_ac3_ev_source', 'Gender'))": 0.8457070388538362,
    "(('prospect_both_0_70_ac3_ev_target', 'mrtlstts'), ('prospect_both_0_70_ac3_ev_source', 'OwnOrRentFlag'))": 0.825449873868201,
    "(('prospect_both_0_70_ac3_ev_target', 'mddlntl'), ('prospect_both_0_70_ac3_ev_source', 'OwnOrRentFlag'))": 0.8227015345141383,
    "(('prospect_both_0_70_ac3_ev_target', 'mrtlstts'), ('prospect_both_0_70_ac3_ev_source', 'MiddleInitial'))": 0.7761150742648887,
    "(('prospect_both_0_70_ac3_ev_target', 'mrtlstts'), ('prospect_both_0_70_ac3_ev_source', 'Gender'))": 0.754253972182067,
    "(('prospect_both_0_70_ac3_ev_target', 'wnrrntflg'), ('prospect_both_0_70_ac3_ev_source', 'MaritalStatus'))": 0.598954081103587,
    "(('prospect_both_0_70_ac3_ev_target', 'wnrrntflg'), ('prospect_both_0_70_ac3_ev_source', 'MiddleInitial'))": 0.5756806691101787,
    "(('prospect_both_0_70_ac3_ev_target', 'wnrrntflg'), ('prospect_both_0_70_ac3_ev_source', 'Gender'))": 0.5023596382732421
  },
  "metrics": {
    "precision": 1.0,
    "recall": 0.5333333333333333,
    "f1_score": 0.6956521739130436,
    "precision_at_10_percent": 0.6666666666666666,
    "precision_at_20_percent": 0.8333333333333334,
    "precision_at_30_percent": 0.875,
    "precision_at_40_percent": 0.7272727272727273,
    "precision_at_50_percent": 0.6153846153846154,
    "precision_at_60_percent": 0.5,
    "precision_at_70_percent": 0.42105263157894735,
    "precision_at_80_percent": 0.38095238095238093,
    "precision_at_90_percent": 0.3333333333333333,
    "recall_at_sizeof_ground_truth": 0.5333333333333333
  },
  "run_times": {
    "total_time": 81.36502880100124,
    "algorithm_time": 80.90534573400146
  }
}