{
  "name": "prospect_both_50_70_ac3_ev__CorrelationClustering{'threshold1': 0.2, 'threshold2': 0.2, 'quantiles': 256, 'process_num': 4, 'chunk_size': 1, 'clear_cache': True}",
  "matches": {
    "(('prospect_both_50_70_ac3_ev_source', 'Country'), ('prospect_both_50_70_ac3_ev_target', 'cntr'))": 0.9992093747175093,
    "(('prospect_both_50_70_ac3_ev_source', 'OwnOrRentFlag'), ('prospect_both_50_70_ac3_ev_target', 'wnrrntflg'))": 0.9988285632060875,
    "(('prospect_both_50_70_ac3_ev_source', 'NumberChildren'), ('prospect_both_50_70_ac3_ev_target', 'nmbrchldrn'))": 0.9983756425393574,
    "(('prospect_both_50_70_ac3_ev_source', 'Phone'), ('prospect_both_50_70_ac3_ev_target', 'phn'))": 0.9981632616873475,
    "(('prospect_both_50_70_ac3_ev_source', 'Gender'), ('prospect_both_50_70_ac3_ev_target', 'gndr'))": 0.9979568653479881,
    "(('prospect_both_50_70_ac3_ev_source', 'City'), ('prospect_both_50_70_ac3_ev_target', 'ct'))": 0.9971082289738992,
    "(('prospect_both_50_70_ac3_ev_target', 'crdtrtng'), ('prospect_both_50_70_ac3_ev_source', 'CreditRating'))": 0.9960840094025716,
    "(('prospect_both_50_70_ac3_ev_source', 'NumberChildren'), ('prospect_both_50_70_ac3_ev_target', 'nmbrcrs'))": 0.9945747197237335,
    "(('prospect_both_50_70_ac3_ev_target', 'mplr'), ('prospect_both_50_70_ac3_ev_source', 'Employer'))": 0.9945120091231056,
    "(('prospect_both_50_70_ac3_ev_source', 'Income'), ('prospect_both_50_70_ac3_ev_target', 'ncm'))": 0.9943705662538809,
    "(('prospect_both_50_70_ac3_ev_source', 'NetWorth'), ('prospect_both_50_70_ac3_ev_target', 'ntwrth'))": 0.9923049284306777,
    "(('prospect_both_50_70_ac3_ev_target', 'mddlntl'), ('prospect_both_50_70_ac3_ev_source', 'MiddleInitial'))": 0.9916642818859448,
    "(('prospect_both_50_70_ac3_ev_source', 'LastName'), ('prospect_both_50_70_ac3_ev_target', 'ct'))": 0.9804586036784109,
    "(('prospect_both_50_70_ac3_ev_source', 'FirstName'), ('prospect_both_50_70_ac3_ev_target', 'ct'))": 0.9760333455946532,
    "(('prospect_both_50_70_ac3_ev_target', 'gncd'), ('prospect_both_50_70_ac3_ev_source', 'AgencyID'))": 0.9735572226656012,
    "(('prospect_both_50_70_ac3_ev_target', 'lstnm'), ('prospect_both_50_70_ac3_ev_source', 'LastName'))": 0.9735385771565324,
    "(('prospect_both_50_70_ac3_ev_source', 'FirstName'), ('prospect_both_50_70_ac3_ev_target', 'lstnm'))": 0.9560011151638772,
    "(('prospect_both_50_70_ac3_ev_source', 'City'), ('prospect_both_50_70_ac3_ev_target', 'lstnm'))": 0.9467432626874039,
    "(('prospect_both_50_70_ac3_ev_source', 'PostalCode'), ('prospect_both_50_70_ac3_ev_target', 'pstlcd'))": 0.9029001763152363,
    "(('prospect_both_50_70_ac3_ev_target', 'mrtlstts'), ('prospect_both_50_70_ac3_ev_source', 'MiddleInitial'))": 0.7765850420386672
  },
  "metrics": {
    "precision": 1.0,
    "recall": 0.7333333333333333,
    "f1_score": 0.846153846153846,
    "precision_at_10_percent": 1.0,
    "precision_at_20_percent": 1.0,
    "precision_at_30_percent": 1.0,
    "precision_at_40_percent": 0.875,
    "precision_at_50_percent": 0.9,
    "precision_at_60_percent": 0.9166666666666666,
    "precision_at_70_percent": 0.7857142857142857,
    "precision_at_80_percent": 0.8125,
    "precision_at_90_percent": 0.7222222222222222,
    "recall_at_sizeof_ground_truth": 0.8
  },
  "run_times": {
    "total_time": 83.97170550699957,
    "algorithm_time": 83.45420623800055
  }
}