{
  "name": "prospect_vertical_70_ac4_av__CorrelationClustering{'threshold1': 0.2, 'threshold2': 0.15, 'quantiles': 256, 'process_num': 4, 'chunk_size': 1, 'clear_cache': True}",
  "matches": {
    "(('prospect_vertical_70_ac4_av_source', 'OwnOrRentFlag'), ('prospect_vertical_70_ac4_av_target', 'prospect_OOReF'))": 1.0,
    "(('prospect_vertical_70_ac4_av_source', 'Gender'), ('prospect_vertical_70_ac4_av_target', 'prospect_Ge'))": 0.9995797065857506,
    "(('prospect_vertical_70_ac4_av_source', 'FirstName'), ('prospect_vertical_70_ac4_av_target', 'prospect_LaNa'))": 0.9906435952168562,
    "(('prospect_vertical_70_ac4_av_target', 'prospect_Sta'), ('prospect_vertical_70_ac4_av_source', 'State'))": 0.9902630160344353,
    "(('prospect_vertical_70_ac4_av_target', 'prospect_AgID'), ('prospect_vertical_70_ac4_av_source', 'AgencyID'))": 0.9810263915114111,
    "(('prospect_vertical_70_ac4_av_target', 'prospect_FirNa'), ('prospect_vertical_70_ac4_av_source', 'FirstName'))": 0.976337065045897,
    "(('prospect_vertical_70_ac4_av_target', 'prospect_LaNa'), ('prospect_vertical_70_ac4_av_source', 'LastName'))": 0.975757184716989,
    "(('prospect_vertical_70_ac4_av_target', 'prospect_FirNa'), ('prospect_vertical_70_ac4_av_source', 'LastName'))": 0.9746610371525071,
    "(('prospect_vertical_70_ac4_av_target', 'prospect_Emp'), ('prospect_vertical_70_ac4_av_source', 'Employer'))": 0.9733340282168714,
    "(('prospect_vertical_70_ac4_av_target', 'prospect_FirNa'), ('prospect_vertical_70_ac4_av_source', 'City'))": 0.9678584894797069,
    "(('prospect_vertical_70_ac4_av_source', 'City'), ('prospect_vertical_70_ac4_av_target', 'prospect_LaNa'))": 0.9474011137861452,
    "(('prospect_vertical_70_ac4_av_source', 'Income'), ('prospect_vertical_70_ac4_av_target', 'prospect_Inc'))": 0.9394180051529636,
    "(('prospect_vertical_70_ac4_av_target', 'prospect_NumChil'), ('prospect_vertical_70_ac4_av_source', 'NumberChildren'))": 0.9358615857013909,
    "(('prospect_vertical_70_ac4_av_source', 'NumberChildren'), ('prospect_vertical_70_ac4_av_target', 'prospect_NumC'))": 0.9321389120251992,
    "(('prospect_vertical_70_ac4_av_source', 'NumberCars'), ('prospect_vertical_70_ac4_av_target', 'prospect_NumC'))": 0.9082662675323667,
    "(('prospect_vertical_70_ac4_av_source', 'NumberCars'), ('prospect_vertical_70_ac4_av_target', 'prospect_NumChil'))": 0.9051243268703076,
    "(('prospect_vertical_70_ac4_av_source', 'MiddleInitial'), ('prospect_vertical_70_ac4_av_target', 'prospect_MaSta'))": 0.8831117572558426,
    "(('prospect_vertical_70_ac4_av_source', 'NumberCars'), ('prospect_vertical_70_ac4_av_target', 'prospect_NumCrCa'))": 0.8615212955878716,
    "(('prospect_vertical_70_ac4_av_source', 'NumberCreditCards'), ('prospect_vertical_70_ac4_av_target', 'prospect_NumCrCa'))": 0.8568195824498128,
    "(('prospect_vertical_70_ac4_av_source', 'NumberChildren'), ('prospect_vertical_70_ac4_av_target', 'prospect_NumCrCa'))": 0.7774532962486229,
    "(('prospect_vertical_70_ac4_av_source', 'NumberCreditCards'), ('prospect_vertical_70_ac4_av_target', 'prospect_NumC'))": 0.7423306295647129,
    "(('prospect_vertical_70_ac4_av_target', 'prospect_NumChil'), ('prospect_vertical_70_ac4_av_source', 'NumberCreditCards'))": 0.6061878052229165
  },
  "metrics": {
    "precision": 0.75,
    "recall": 0.6,
    "f1_score": 0.6666666666666665,
    "precision_at_10_percent": 0.6666666666666666,
    "precision_at_20_percent": 0.8,
    "precision_at_30_percent": 0.8571428571428571,
    "precision_at_40_percent": 0.7777777777777778,
    "precision_at_50_percent": 0.6363636363636364,
    "precision_at_60_percent": 0.6428571428571429,
    "precision_at_70_percent": 0.625,
    "precision_at_80_percent": 0.5555555555555556,
    "precision_at_90_percent": 0.55,
    "recall_at_sizeof_ground_truth": 0.6666666666666666
  },
  "run_times": {
    "total_time": 123.6955064470003,
    "algorithm_time": 121.75732882099965
  }
}