{
  "name": "prospect_vertical_30_ac4_av__CorrelationClustering{'threshold1': 0.2, 'threshold2': 0.2, 'quantiles': 256, 'process_num': 4, 'chunk_size': 1, 'clear_cache': True}",
  "matches": {
    "(('prospect_vertical_30_ac4_av_source', 'MiddleInitial'), ('prospect_vertical_30_ac4_av_target', 'prospect_MiIni'))": 1.0,
    "(('prospect_vertical_30_ac4_av_target', 'prospect_LN'), ('prospect_vertical_30_ac4_av_source', 'FirstName'))": 0.9899513037886228,
    "(('prospect_vertical_30_ac4_av_target', 'prospect_AgeID'), ('prospect_vertical_30_ac4_av_source', 'AgencyID'))": 0.9802508359699295,
    "(('prospect_vertical_30_ac4_av_target', 'prospect_LN'), ('prospect_vertical_30_ac4_av_source', 'LastName'))": 0.9772407296910014,
    "(('prospect_vertical_30_ac4_av_target', 'prospect_Em'), ('prospect_vertical_30_ac4_av_source', 'City'))": 0.9624689291072158,
    "(('prospect_vertical_30_ac4_av_target', 'prospect_LN'), ('prospect_vertical_30_ac4_av_source', 'City'))": 0.959626371447198,
    "(('prospect_vertical_30_ac4_av_target', 'prospect_LN'), ('prospect_vertical_30_ac4_av_source', 'State'))": 0.9402481459554543,
    "(('prospect_vertical_30_ac4_av_target', 'prospect_Em'), ('prospect_vertical_30_ac4_av_source', 'FirstName'))": 0.9384181459356614,
    "(('prospect_vertical_30_ac4_av_target', 'prospect_Em'), ('prospect_vertical_30_ac4_av_source', 'State'))": 0.925884163813236,
    "(('prospect_vertical_30_ac4_av_target', 'prospect_Em'), ('prospect_vertical_30_ac4_av_source', 'LastName'))": 0.9210970271267919,
    "(('prospect_vertical_30_ac4_av_source', 'NumberCreditCards'), ('prospect_vertical_30_ac4_av_target', 'prospect_NumCreCa'))": 0.9023132384737843,
    "(('prospect_vertical_30_ac4_av_source', 'MiddleInitial'), ('prospect_vertical_30_ac4_av_target', 'prospect_MaSta'))": 0.8831117572558426
  },
  "metrics": {
    "precision": 0.5,
    "recall": 0.3333333333333333,
    "f1_score": 0.4,
    "precision_at_10_percent": 0.5,
    "precision_at_20_percent": 0.6666666666666666,
    "precision_at_30_percent": 0.75,
    "precision_at_40_percent": 0.6,
    "precision_at_50_percent": 0.5,
    "precision_at_60_percent": 0.375,
    "precision_at_70_percent": 0.3333333333333333,
    "precision_at_80_percent": 0.3,
    "precision_at_90_percent": 0.36363636363636365,
    "recall_at_sizeof_ground_truth": 0.5
  },
  "run_times": {
    "total_time": 86.95296409000002,
    "algorithm_time": 85.16687065499991
  }
}