{
  "name": "prospect_both_0_70_ac3_ev__CorrelationClustering{'threshold1': 0.3, 'threshold2': 0.4, 'quantiles': 256, 'process_num': 4, 'chunk_size': 1, 'clear_cache': True}",
  "matches": {
    "(('prospect_both_0_70_ac3_ev_target', 'wnrrntflg'), ('prospect_both_0_70_ac3_ev_source', 'OwnOrRentFlag'))": 0.9983663008970283,
    "(('prospect_both_0_70_ac3_ev_source', 'NumberCars'), ('prospect_both_0_70_ac3_ev_target', 'nmbrcrs'))": 0.9969762979874353,
    "(('prospect_both_0_70_ac3_ev_target', 'nmbrchldrn'), ('prospect_both_0_70_ac3_ev_source', 'NumberCars'))": 0.9968397696505971,
    "(('prospect_both_0_70_ac3_ev_source', 'NumberCreditCards'), ('prospect_both_0_70_ac3_ev_target', 'nmbrcrdtcrds'))": 0.9956342094353238,
    "(('prospect_both_0_70_ac3_ev_source', 'State'), ('prospect_both_0_70_ac3_ev_target', 'stt'))": 0.9945734752065646,
    "(('prospect_both_0_70_ac3_ev_target', 'mrtlstts'), ('prospect_both_0_70_ac3_ev_source', 'MaritalStatus'))": 0.9930902664159933,
    "(('prospect_both_0_70_ac3_ev_source', 'Employer'), ('prospect_both_0_70_ac3_ev_target', 'mplr'))": 0.9925607438193774,
    "(('prospect_both_0_70_ac3_ev_source', 'Income'), ('prospect_both_0_70_ac3_ev_target', 'ncm'))": 0.9916887414055547,
    "(('prospect_both_0_70_ac3_ev_source', 'MiddleInitial'), ('prospect_both_0_70_ac3_ev_target', 'mddlntl'))": 0.9880813345793064,
    "(('prospect_both_0_70_ac3_ev_target', 'mplr'), ('prospect_both_0_70_ac3_ev_source', 'FirstName'))": 0.9633856057731465,
    "(('prospect_both_0_70_ac3_ev_source', 'City'), ('prospect_both_0_70_ac3_ev_target', 'mplr'))": 0.953118832780242,
    "(('prospect_both_0_70_ac3_ev_target', 'mplr'), ('prospect_both_0_70_ac3_ev_source', 'LastName'))": 0.9515133944714207,
    "(('prospect_both_0_70_ac3_ev_source', 'City'), ('prospect_both_0_70_ac3_ev_target', 'stt'))": 0.9430288469121848,
    "(('prospect_both_0_70_ac3_ev_source', 'LastName'), ('prospect_both_0_70_ac3_ev_target', 'stt'))": 0.9418519184864906,
    "(('prospect_both_0_70_ac3_ev_source', 'FirstName'), ('prospect_both_0_70_ac3_ev_target', 'stt'))": 0.9346370549480766,
    "(('prospect_both_0_70_ac3_ev_source', 'Employer'), ('prospect_both_0_70_ac3_ev_target', 'stt'))": 0.9296729304473965,
    "(('prospect_both_0_70_ac3_ev_source', 'State'), ('prospect_both_0_70_ac3_ev_target', 'mplr'))": 0.9033510973765251,
    "(('prospect_both_0_70_ac3_ev_source', 'MaritalStatus'), ('prospect_both_0_70_ac3_ev_target', 'wnrrntflg'))": 0.8820831389325645,
    "(('prospect_both_0_70_ac3_ev_target', 'mddlntl'), ('prospect_both_0_70_ac3_ev_source', 'Gender'))": 0.8457070388538362,
    "(('prospect_both_0_70_ac3_ev_target', 'mrtlstts'), ('prospect_both_0_70_ac3_ev_source', 'OwnOrRentFlag'))": 0.825449873868201,
    "(('prospect_both_0_70_ac3_ev_target', 'mrtlstts'), ('prospect_both_0_70_ac3_ev_source', 'MiddleInitial'))": 0.7761150742648887,
    "(('prospect_both_0_70_ac3_ev_target', 'mrtlstts'), ('prospect_both_0_70_ac3_ev_source', 'Gender'))": 0.754253972182067,
    "(('prospect_both_0_70_ac3_ev_source', 'MaritalStatus'), ('prospect_both_0_70_ac3_ev_target', 'mddlntl'))": 0.7353255617808151,
    "(('prospect_both_0_70_ac3_ev_target', 'wnrrntflg'), ('prospect_both_0_70_ac3_ev_source', 'MiddleInitial'))": 0.5756806691101787,
    "(('prospect_both_0_70_ac3_ev_source', 'OwnOrRentFlag'), ('prospect_both_0_70_ac3_ev_target', 'mddlntl'))": 0.5681754012302094,
    "(('prospect_both_0_70_ac3_ev_target', 'wnrrntflg'), ('prospect_both_0_70_ac3_ev_source', 'Gender'))": 0.5023596382732421
  },
  "metrics": {
    "precision": 1.0,
    "recall": 0.5333333333333333,
    "f1_score": 0.6956521739130436,
    "precision_at_10_percent": 0.6666666666666666,
    "precision_at_20_percent": 0.8333333333333334,
    "precision_at_30_percent": 0.875,
    "precision_at_40_percent": 0.7272727272727273,
    "precision_at_50_percent": 0.6153846153846154,
    "precision_at_60_percent": 0.5,
    "precision_at_70_percent": 0.42105263157894735,
    "precision_at_80_percent": 0.38095238095238093,
    "precision_at_90_percent": 0.3333333333333333,
    "recall_at_sizeof_ground_truth": 0.5333333333333333
  },
  "run_times": {
    "total_time": 86.35101222500089,
    "algorithm_time": 85.67222628000127
  }
}