{
  "name": "prospect_both_0_30_ac4_ev__CorrelationClustering{'threshold1': 0.3, 'threshold2': 0.5, 'quantiles': 256, 'process_num': 4, 'chunk_size': 1, 'clear_cache': True}",
  "matches": {
    "(('prospect_both_0_30_ac4_ev_source', 'Country'), ('prospect_both_0_30_ac4_ev_target', 'prospect_Coun'))": 0.9998953858308358,
    "(('prospect_both_0_30_ac4_ev_target', 'prospect_Ci'), ('prospect_both_0_30_ac4_ev_source', 'City'))": 0.9959962037574457,
    "(('prospect_both_0_30_ac4_ev_source', 'NetWorth'), ('prospect_both_0_30_ac4_ev_target', 'prospect_NeWor'))": 0.9928506219351471,
    "(('prospect_both_0_30_ac4_ev_source', 'Employer'), ('prospect_both_0_30_ac4_ev_target', 'prospect_Em'))": 0.9925607438193774,
    "(('prospect_both_0_30_ac4_ev_target', 'prospect_Ci'), ('prospect_both_0_30_ac4_ev_source', 'LastName'))": 0.963021502997322,
    "(('prospect_both_0_30_ac4_ev_source', 'FirstName'), ('prospect_both_0_30_ac4_ev_target', 'prospect_Em'))": 0.9627029107878388,
    "(('prospect_both_0_30_ac4_ev_target', 'prospect_Ci'), ('prospect_both_0_30_ac4_ev_source', 'Employer'))": 0.9594723640292017,
    "(('prospect_both_0_30_ac4_ev_target', 'prospect_Ci'), ('prospect_both_0_30_ac4_ev_source', 'FirstName'))": 0.9545411988905035,
    "(('prospect_both_0_30_ac4_ev_source', 'City'), ('prospect_both_0_30_ac4_ev_target', 'prospect_Em'))": 0.953118832780242,
    "(('prospect_both_0_30_ac4_ev_source', 'LastName'), ('prospect_both_0_30_ac4_ev_target', 'prospect_Em'))": 0.9504280625819606,
    "(('prospect_both_0_30_ac4_ev_target', 'prospect_Ci'), ('prospect_both_0_30_ac4_ev_source', 'State'))": 0.9427813584566453,
    "(('prospect_both_0_30_ac4_ev_source', 'State'), ('prospect_both_0_30_ac4_ev_target', 'prospect_Em'))": 0.9033510973765251,
    "(('prospect_both_0_30_ac4_ev_source', 'MiddleInitial'), ('prospect_both_0_30_ac4_ev_target', 'prospect_OORF'))": 0.8321139449054722,
    "(('prospect_both_0_30_ac4_ev_target', 'prospect_MarSta'), ('prospect_both_0_30_ac4_ev_source', 'MiddleInitial'))": 0.7761150742648887,
    "(('prospect_both_0_30_ac4_ev_source', 'Gender'), ('prospect_both_0_30_ac4_ev_target', 'prospect_MarSta'))": 0.711558302836756,
    "(('prospect_both_0_30_ac4_ev_source', 'Gender'), ('prospect_both_0_30_ac4_ev_target', 'prospect_OORF'))": 0.6445998381837176
  },
  "metrics": {
    "precision": 1.0,
    "recall": 0.6666666666666666,
    "f1_score": 0.8,
    "precision_at_10_percent": 1.0,
    "precision_at_20_percent": 1.0,
    "precision_at_30_percent": 0.8,
    "precision_at_40_percent": 0.5714285714285714,
    "precision_at_50_percent": 0.5,
    "precision_at_60_percent": 0.4,
    "precision_at_70_percent": 0.3333333333333333,
    "precision_at_80_percent": 0.3076923076923077,
    "precision_at_90_percent": 0.26666666666666666,
    "recall_at_sizeof_ground_truth": 0.6666666666666666
  },
  "run_times": {
    "total_time": 55.33056247999957,
    "algorithm_time": 55.02909337999881
  }
}