{
  "name": "prospect_both_0_1_ac1_ev__CorrelationClustering{'threshold1': 0.15, 'threshold2': 0.15, 'quantiles': 256, 'process_num': 4, 'chunk_size': 1, 'clear_cache': True}",
  "matches": {
    "(('prospect_both_0_1_ac1_ev_source', 'MiddleInitial'), ('prospect_both_0_1_ac1_ev_target', 'prospect_MaritalStatus'))": 0.8824280076082336
  },
  "metrics": {
    "precision": 0.0,
    "recall": 0.0,
    "f1_score": 0,
    "precision_at_10_percent": 0.0,
    "precision_at_20_percent": 0.0,
    "precision_at_30_percent": 0.0,
    "precision_at_40_percent": 0.0,
    "precision_at_50_percent": 0.0,
    "precision_at_60_percent": 0.0,
    "precision_at_70_percent": 0.0,
    "precision_at_80_percent": 0.0,
    "precision_at_90_percent": 0.0,
    "recall_at_sizeof_ground_truth": 0.0
  },
  "run_times": {
    "total_time": 31.206079016999865,
    "algorithm_time": 30.838730584000587
  }
}