{
  "name": "prospect_vertical_1_ac2_ev__CorrelationClustering{'threshold1': 0.4, 'threshold2': 0.3, 'quantiles': 256, 'process_num': 4, 'chunk_size': 1, 'clear_cache': True}",
  "matches": {
    "(('prospect_vertical_1_ac2_ev_source', 'AgencyID'), ('prospect_vertical_1_ac2_ev_target', 'AgeID'))": 1.0,
    "(('prospect_vertical_1_ac2_ev_target', 'Empl'), ('prospect_vertical_1_ac2_ev_source', 'City'))": 0.9624689291072158,
    "(('prospect_vertical_1_ac2_ev_target', 'Empl'), ('prospect_vertical_1_ac2_ev_source', 'LastName'))": 0.9297253495623153,
    "(('prospect_vertical_1_ac2_ev_target', 'MaSta'), ('prospect_vertical_1_ac2_ev_source', 'MiddleInitial'))": 0.7762748398730287,
    "(('prospect_vertical_1_ac2_ev_target', 'MaSta'), ('prospect_vertical_1_ac2_ev_source', 'Gender'))": 0.7564186071428914,
    "(('prospect_vertical_1_ac2_ev_target', 'OwOReFl'), ('prospect_vertical_1_ac2_ev_source', 'MiddleInitial'))": 0.5715684232624882,
    "(('prospect_vertical_1_ac2_ev_target', 'OwOReFl'), ('prospect_vertical_1_ac2_ev_source', 'Gender'))": 0.5021838543495662
  },
  "metrics": {
    "precision": 0.5,
    "recall": 1.0,
    "f1_score": 0.6666666666666666,
    "precision_at_10_percent": 1.0,
    "precision_at_20_percent": 0.5,
    "precision_at_30_percent": 0.3333333333333333,
    "precision_at_40_percent": 0.3333333333333333,
    "precision_at_50_percent": 0.25,
    "precision_at_60_percent": 0.2,
    "precision_at_70_percent": 0.2,
    "precision_at_80_percent": 0.16666666666666666,
    "precision_at_90_percent": 0.14285714285714285,
    "recall_at_sizeof_ground_truth": 1.0
  },
  "run_times": {
    "total_time": 36.673416816998724,
    "algorithm_time": 36.26586396699895
  }
}