{
  "name": "Musicians_viewunion__ContinuousQualityMatcher{'process_num': 4}",
  "matches": {
    "(('musicians_viewunion_source', 'numberOfChildren'), ('musicians_viewunion_target', 'NChildren'))": 0.9348045029863209,
    "(('musicians_viewunion_source', 'givenNameLabel'), ('musicians_viewunion_target', 'forename'))": 0.6920014594586292,
    "(('musicians_viewunion_source', 'residenceLabel'), ('musicians_viewunion_target', 'city'))": 0.2359541764200007,
    "(('musicians_viewunion_source', 'familyNameLabel'), ('musicians_viewunion_target', 'familyName'))": 0.20454944423771346,
    "(('musicians_viewunion_source', 'activityStart'), ('musicians_viewunion_target', 'birthDate'))": 0.07328690021668431,
    "(('musicians_viewunion_source', 'birthDate'), ('musicians_viewunion_target', 'birthDate'))": 0.05030977125492879,
    "(('musicians_viewunion_source', 'givenNameLabel'), ('musicians_viewunion_target', 'familyName'))": 0.04102206243899136,
    "(('musicians_viewunion_source', 'familyNameLabel'), ('musicians_viewunion_target', 'forename'))": 0.0255626081737538
  },
  "metrics": {
    "precision": 0.3333333333333333,
    "recall": 0.16666666666666666,
    "f1_score": 0.2222222222222222,
    "precision_at_10_percent": 1.0,
    "precision_at_20_percent": 0.5,
    "precision_at_30_percent": 0.3333333333333333,
    "precision_at_40_percent": 0.5,
    "precision_at_50_percent": 0.5,
    "precision_at_60_percent": 0.4,
    "precision_at_70_percent": 0.5,
    "precision_at_80_percent": 0.42857142857142855,
    "precision_at_90_percent": 0.375,
    "recall_at_sizeof_ground_truth": 0.5
  },
  "run_times": {
    "total_time": 2.9171332129999428,
    "algorithm_time": 0.19741062699995382
  }
}