{
  "name": "prospect_both_0_30_ac5_ev__ContinuousQualityMatcher{'process_num': 4}",
  "matches": {
    "(('prospect_both_0_30_ac5_ev_source', 'NumberCars'), ('prospect_both_0_30_ac5_ev_target', 'prospect_nmbrcrs'))": 1.0,
    "(('prospect_both_0_30_ac5_ev_source', 'NumberCars'), ('prospect_both_0_30_ac5_ev_target', 'prospect_nmbrchldrn'))": 1.0,
    "(('prospect_both_0_30_ac5_ev_source', 'OwnOrRentFlag'), ('prospect_both_0_30_ac5_ev_target', 'prospect_wnrrntflg'))": 1.0,
    "(('prospect_both_0_30_ac5_ev_source', 'NumberCars'), ('prospect_both_0_30_ac5_ev_target', 'prospect_nmbrcrdtcrds'))": 0.9489281592397331,
    "(('prospect_both_0_30_ac5_ev_source', 'OwnOrRentFlag'), ('prospect_both_0_30_ac5_ev_target', 'prospect_mrtlstts'))": 0.27140005289678026,
    "(('prospect_both_0_30_ac5_ev_source', 'NumberCars'), ('prospect_both_0_30_ac5_ev_target', 'prospect_g'))": 0.1680806414096999
  },
  "metrics": {
    "precision": 1.0,
    "recall": 0.3333333333333333,
    "f1_score": 0.5,
    "precision_at_10_percent": 1.0,
    "precision_at_20_percent": 0.5,
    "precision_at_30_percent": 0.5,
    "precision_at_40_percent": 0.6666666666666666,
    "precision_at_50_percent": 0.6666666666666666,
    "precision_at_60_percent": 0.5,
    "precision_at_70_percent": 0.4,
    "precision_at_80_percent": 0.4,
    "precision_at_90_percent": 0.3333333333333333,
    "recall_at_sizeof_ground_truth": 0.3333333333333333
  },
  "run_times": {
    "total_time": 0.6445998409999447,
    "algorithm_time": 0.5557683349998115
  }
}