{
  "name": "prospect_horizontal_50_ac2_ev__ContinuousQualityMatcher{'process_num': 4}",
  "matches": {
    "(('prospect_horizontal_50_ac2_ev_source', 'MiddleInitial'), ('prospect_horizontal_50_ac2_ev_target', 'MiIn'))": 1.0,
    "(('prospect_horizontal_50_ac2_ev_source', 'City'), ('prospect_horizontal_50_ac2_ev_target', 'Ci'))": 1.0,
    "(('prospect_horizontal_50_ac2_ev_source', 'State'), ('prospect_horizontal_50_ac2_ev_target', 'St'))": 1.0,
    "(('prospect_horizontal_50_ac2_ev_source', 'Country'), ('prospect_horizontal_50_ac2_ev_target', 'Co'))": 1.0,
    "(('prospect_horizontal_50_ac2_ev_source', 'NumberCars'), ('prospect_horizontal_50_ac2_ev_target', 'NuCa'))": 1.0,
    "(('prospect_horizontal_50_ac2_ev_source', 'NumberCars'), ('prospect_horizontal_50_ac2_ev_target', 'NumCh'))": 1.0,
    "(('prospect_horizontal_50_ac2_ev_source', 'NumberChildren'), ('prospect_horizontal_50_ac2_ev_target', 'NuCa'))": 1.0,
    "(('prospect_horizontal_50_ac2_ev_source', 'NumberChildren'), ('prospect_horizontal_50_ac2_ev_target', 'NumCh'))": 1.0,
    "(('prospect_horizontal_50_ac2_ev_source', 'MaritalStatus'), ('prospect_horizontal_50_ac2_ev_target', 'MaSta'))": 1.0,
    "(('prospect_horizontal_50_ac2_ev_source', 'Age'), ('prospect_horizontal_50_ac2_ev_target', 'Ag'))": 1.0,
    "(('prospect_horizontal_50_ac2_ev_source', 'CreditRating'), ('prospect_horizontal_50_ac2_ev_target', 'CreRa'))": 1.0,
    "(('prospect_horizontal_50_ac2_ev_source', 'OwnOrRentFlag'), ('prospect_horizontal_50_ac2_ev_target', 'OORFl'))": 1.0,
    "(('prospect_horizontal_50_ac2_ev_source', 'Employer'), ('prospect_horizontal_50_ac2_ev_target', 'Em'))": 1.0,
    "(('prospect_horizontal_50_ac2_ev_source', 'NumberCreditCards'), ('prospect_horizontal_50_ac2_ev_target', 'NumCreCa'))": 1.0,
    "(('prospect_horizontal_50_ac2_ev_source', 'Gender'), ('prospect_horizontal_50_ac2_ev_target', 'MiIn'))": 0.9984145350693456,
    "(('prospect_horizontal_50_ac2_ev_source', 'Gender'), ('prospect_horizontal_50_ac2_ev_target', 'Ge'))": 0.9560515747606974,
    "(('prospect_horizontal_50_ac2_ev_source', 'NumberCars'), ('prospect_horizontal_50_ac2_ev_target', 'NumCreCa'))": 0.9489281592397331,
    "(('prospect_horizontal_50_ac2_ev_source', 'NumberChildren'), ('prospect_horizontal_50_ac2_ev_target', 'NumCreCa'))": 0.9489281592397331,
    "(('prospect_horizontal_50_ac2_ev_source', 'MiddleInitial'), ('prospect_horizontal_50_ac2_ev_target', 'Ge'))": 0.9442477927437134,
    "(('prospect_horizontal_50_ac2_ev_source', 'AddressLine2'), ('prospect_horizontal_50_ac2_ev_target', 'AddLi2'))": 0.6996464068737807,
    "(('prospect_horizontal_50_ac2_ev_source', 'NumberCreditCards'), ('prospect_horizontal_50_ac2_ev_target', 'NuCa'))": 0.6725058909138392,
    "(('prospect_horizontal_50_ac2_ev_source', 'NumberCreditCards'), ('prospect_horizontal_50_ac2_ev_target', 'NumCh'))": 0.6725058909138392,
    "(('prospect_horizontal_50_ac2_ev_source', 'AddressLine1'), ('prospect_horizontal_50_ac2_ev_target', 'AddrLi1'))": 0.3615972656861611,
    "(('prospect_horizontal_50_ac2_ev_source', 'MaritalStatus'), ('prospect_horizontal_50_ac2_ev_target', 'Ge'))": 0.33525124038695725,
    "(('prospect_horizontal_50_ac2_ev_source', 'NumberCreditCards'), ('prospect_horizontal_50_ac2_ev_target', 'Ag'))": 0.3028072967734228,
    "(('prospect_horizontal_50_ac2_ev_source', 'FirstName'), ('prospect_horizontal_50_ac2_ev_target', 'FirN'))": 0.30277611974797974,
    "(('prospect_horizontal_50_ac2_ev_source', 'PostalCode'), ('prospect_horizontal_50_ac2_ev_target', 'PoCo'))": 0.29511829891390295,
    "(('prospect_horizontal_50_ac2_ev_source', 'LastName'), ('prospect_horizontal_50_ac2_ev_target', 'LaNa'))": 0.2942744165460619,
    "(('prospect_horizontal_50_ac2_ev_source', 'Income'), ('prospect_horizontal_50_ac2_ev_target', 'Inc'))": 0.2869407149595336,
    "(('prospect_horizontal_50_ac2_ev_source', 'Phone'), ('prospect_horizontal_50_ac2_ev_target', 'Pho'))": 0.2766564631177144,
    "(('prospect_horizontal_50_ac2_ev_source', 'AgencyID'), ('prospect_horizontal_50_ac2_ev_target', 'AgID'))": 0.27551442720743485,
    "(('prospect_horizontal_50_ac2_ev_source', 'NetWorth'), ('prospect_horizontal_50_ac2_ev_target', 'NWo'))": 0.27447234984379204,
    "(('prospect_horizontal_50_ac2_ev_source', 'OwnOrRentFlag'), ('prospect_horizontal_50_ac2_ev_target', 'MaSta'))": 0.27140005289678026,
    "(('prospect_horizontal_50_ac2_ev_source', 'MaritalStatus'), ('prospect_horizontal_50_ac2_ev_target', 'MiIn'))": 0.2688028356187438,
    "(('prospect_horizontal_50_ac2_ev_source', 'OwnOrRentFlag'), ('prospect_horizontal_50_ac2_ev_target', 'Ge'))": 0.21126572405222113,
    "(('prospect_horizontal_50_ac2_ev_source', 'NumberCars'), ('prospect_horizontal_50_ac2_ev_target', 'Ag'))": 0.1680806414096999,
    "(('prospect_horizontal_50_ac2_ev_source', 'NumberChildren'), ('prospect_horizontal_50_ac2_ev_target', 'Ag'))": 0.1680806414096999,
    "(('prospect_horizontal_50_ac2_ev_source', 'OwnOrRentFlag'), ('prospect_horizontal_50_ac2_ev_target', 'MiIn'))": 0.16330140250167216,
    "(('prospect_horizontal_50_ac2_ev_source', 'MaritalStatus'), ('prospect_horizontal_50_ac2_ev_target', 'OORFl'))": 0.09110936262171632
  },
  "metrics": {
    "precision": 1.0,
    "recall": 0.8181818181818182,
    "f1_score": 0.9,
    "precision_at_10_percent": 1.0,
    "precision_at_20_percent": 0.75,
    "precision_at_30_percent": 0.8333333333333334,
    "precision_at_40_percent": 0.8125,
    "precision_at_50_percent": 0.7,
    "precision_at_60_percent": 0.625,
    "precision_at_70_percent": 0.6428571428571429,
    "precision_at_80_percent": 0.6875,
    "precision_at_90_percent": 0.6111111111111112,
    "recall_at_sizeof_ground_truth": 0.6363636363636364
  },
  "run_times": {
    "total_time": 1.888976791999994,
    "algorithm_time": 1.3074633980004364
  }
}