{
  "name": "prospect_horizontal_0_ac4_av__ContinuousQualityMatcher{'process_num': 4}",
  "matches": {
    "(('prospect_horizontal_0_ac4_av_source', 'MiddleInitial'), ('prospect_horizontal_0_ac4_av_target', 'prospect_MidIni'))": 1.0,
    "(('prospect_horizontal_0_ac4_av_source', 'City'), ('prospect_horizontal_0_ac4_av_target', 'prospect_Ci'))": 1.0,
    "(('prospect_horizontal_0_ac4_av_source', 'State'), ('prospect_horizontal_0_ac4_av_target', 'prospect_St'))": 1.0,
    "(('prospect_horizontal_0_ac4_av_source', 'Country'), ('prospect_horizontal_0_ac4_av_target', 'prospect_Cou'))": 1.0,
    "(('prospect_horizontal_0_ac4_av_source', 'NumberCars'), ('prospect_horizontal_0_ac4_av_target', 'prospect_NuC'))": 1.0,
    "(('prospect_horizontal_0_ac4_av_source', 'NumberCars'), ('prospect_horizontal_0_ac4_av_target', 'prospect_NuCh'))": 1.0,
    "(('prospect_horizontal_0_ac4_av_source', 'NumberChildren'), ('prospect_horizontal_0_ac4_av_target', 'prospect_NuC'))": 1.0,
    "(('prospect_horizontal_0_ac4_av_source', 'NumberChildren'), ('prospect_horizontal_0_ac4_av_target', 'prospect_NuCh'))": 1.0,
    "(('prospect_horizontal_0_ac4_av_source', 'MaritalStatus'), ('prospect_horizontal_0_ac4_av_target', 'prospect_MarSta'))": 1.0,
    "(('prospect_horizontal_0_ac4_av_source', 'Age'), ('prospect_horizontal_0_ac4_av_target', 'prospect_A'))": 1.0,
    "(('prospect_horizontal_0_ac4_av_source', 'CreditRating'), ('prospect_horizontal_0_ac4_av_target', 'prospect_CrRat'))": 1.0,
    "(('prospect_horizontal_0_ac4_av_source', 'OwnOrRentFlag'), ('prospect_horizontal_0_ac4_av_target', 'prospect_OwORF'))": 1.0,
    "(('prospect_horizontal_0_ac4_av_source', 'Employer'), ('prospect_horizontal_0_ac4_av_target', 'prospect_Empl'))": 1.0,
    "(('prospect_horizontal_0_ac4_av_source', 'NumberCreditCards'), ('prospect_horizontal_0_ac4_av_target', 'prospect_NumCreCa'))": 1.0,
    "(('prospect_horizontal_0_ac4_av_source', 'Gender'), ('prospect_horizontal_0_ac4_av_target', 'prospect_MidIni'))": 0.9976278761634547,
    "(('prospect_horizontal_0_ac4_av_source', 'Gender'), ('prospect_horizontal_0_ac4_av_target', 'prospect_Ge'))": 0.95157328864764,
    "(('prospect_horizontal_0_ac4_av_source', 'NumberCars'), ('prospect_horizontal_0_ac4_av_target', 'prospect_NumCreCa'))": 0.9489281592397331,
    "(('prospect_horizontal_0_ac4_av_source', 'NumberChildren'), ('prospect_horizontal_0_ac4_av_target', 'prospect_NumCreCa'))": 0.9489281592397331,
    "(('prospect_horizontal_0_ac4_av_source', 'MiddleInitial'), ('prospect_horizontal_0_ac4_av_target', 'prospect_Ge'))": 0.9442477927437134,
    "(('prospect_horizontal_0_ac4_av_source', 'NumberCreditCards'), ('prospect_horizontal_0_ac4_av_target', 'prospect_NuC'))": 0.6725058909138392,
    "(('prospect_horizontal_0_ac4_av_source', 'NumberCreditCards'), ('prospect_horizontal_0_ac4_av_target', 'prospect_NuCh'))": 0.6725058909138392,
    "(('prospect_horizontal_0_ac4_av_source', 'MaritalStatus'), ('prospect_horizontal_0_ac4_av_target', 'prospect_Ge'))": 0.33525124038695725,
    "(('prospect_horizontal_0_ac4_av_source', 'NumberCreditCards'), ('prospect_horizontal_0_ac4_av_target', 'prospect_A'))": 0.3028072967734228,
    "(('prospect_horizontal_0_ac4_av_source', 'OwnOrRentFlag'), ('prospect_horizontal_0_ac4_av_target', 'prospect_MarSta'))": 0.27140005289678026,
    "(('prospect_horizontal_0_ac4_av_source', 'MaritalStatus'), ('prospect_horizontal_0_ac4_av_target', 'prospect_MidIni'))": 0.2688028356187438,
    "(('prospect_horizontal_0_ac4_av_source', 'OwnOrRentFlag'), ('prospect_horizontal_0_ac4_av_target', 'prospect_Ge'))": 0.21126572405222113,
    "(('prospect_horizontal_0_ac4_av_source', 'NumberCars'), ('prospect_horizontal_0_ac4_av_target', 'prospect_A'))": 0.1680806414096999,
    "(('prospect_horizontal_0_ac4_av_source', 'NumberChildren'), ('prospect_horizontal_0_ac4_av_target', 'prospect_A'))": 0.1680806414096999,
    "(('prospect_horizontal_0_ac4_av_source', 'OwnOrRentFlag'), ('prospect_horizontal_0_ac4_av_target', 'prospect_MidIni'))": 0.16330140250167216,
    "(('prospect_horizontal_0_ac4_av_source', 'MaritalStatus'), ('prospect_horizontal_0_ac4_av_target', 'prospect_OwORF'))": 0.09110936262171632
  },
  "metrics": {
    "precision": 1.0,
    "recall": 0.5909090909090909,
    "f1_score": 0.7428571428571429,
    "precision_at_10_percent": 1.0,
    "precision_at_20_percent": 0.8333333333333334,
    "precision_at_30_percent": 0.7777777777777778,
    "precision_at_40_percent": 0.8333333333333334,
    "precision_at_50_percent": 0.8,
    "precision_at_60_percent": 0.7222222222222222,
    "precision_at_70_percent": 0.6190476190476191,
    "precision_at_80_percent": 0.5416666666666666,
    "precision_at_90_percent": 0.48148148148148145,
    "recall_at_sizeof_ground_truth": 0.5909090909090909
  },
  "run_times": {
    "total_time": 1.2510426440003357,
    "algorithm_time": 1.1103547299999263
  }
}