{
  "name": "prospect_both_50_70_ac1_av__ContinuousQualityMatcher{'process_num': 4}",
  "matches": {
    "(('prospect_both_50_70_ac1_av_source', 'MiddleInitial'), ('prospect_both_50_70_ac1_av_target', 'prospect_MiddleInitial'))": 1.0,
    "(('prospect_both_50_70_ac1_av_source', 'MaritalStatus'), ('prospect_both_50_70_ac1_av_target', 'prospect_MaritalStatus'))": 1.0,
    "(('prospect_both_50_70_ac1_av_source', 'Gender'), ('prospect_both_50_70_ac1_av_target', 'prospect_MiddleInitial'))": 0.9978429857473585,
    "(('prospect_both_50_70_ac1_av_source', 'Gender'), ('prospect_both_50_70_ac1_av_target', 'prospect_Gender'))": 0.9884589916695479,
    "(('prospect_both_50_70_ac1_av_source', 'MiddleInitial'), ('prospect_both_50_70_ac1_av_target', 'prospect_Gender'))": 0.9835351814949325,
    "(('prospect_both_50_70_ac1_av_source', 'NumberChildren'), ('prospect_both_50_70_ac1_av_target', 'prospect_NumberCreditCards'))": 0.9830284734742778,
    "(('prospect_both_50_70_ac1_av_source', 'NumberCars'), ('prospect_both_50_70_ac1_av_target', 'prospect_NumberCreditCards'))": 0.962287843685511,
    "(('prospect_both_50_70_ac1_av_source', 'Age'), ('prospect_both_50_70_ac1_av_target', 'prospect_Age'))": 0.8053614931202592,
    "(('prospect_both_50_70_ac1_av_source', 'CreditRating'), ('prospect_both_50_70_ac1_av_target', 'prospect_CreditRating'))": 0.7179495590292636,
    "(('prospect_both_50_70_ac1_av_source', 'NumberCreditCards'), ('prospect_both_50_70_ac1_av_target', 'prospect_NumberCreditCards'))": 0.6273031127091033,
    "(('prospect_both_50_70_ac1_av_source', 'NumberCreditCards'), ('prospect_both_50_70_ac1_av_target', 'prospect_Age'))": 0.5424531135723205,
    "(('prospect_both_50_70_ac1_av_source', 'NumberChildren'), ('prospect_both_50_70_ac1_av_target', 'prospect_NumberCars'))": 0.48771190028502126,
    "(('prospect_both_50_70_ac1_av_source', 'NumberChildren'), ('prospect_both_50_70_ac1_av_target', 'prospect_NumberChildren'))": 0.48771190028502126,
    "(('prospect_both_50_70_ac1_av_source', 'NumberCars'), ('prospect_both_50_70_ac1_av_target', 'prospect_NumberCars'))": 0.412157490792534,
    "(('prospect_both_50_70_ac1_av_source', 'NumberCars'), ('prospect_both_50_70_ac1_av_target', 'prospect_NumberChildren'))": 0.412157490792534,
    "(('prospect_both_50_70_ac1_av_source', 'NumberCars'), ('prospect_both_50_70_ac1_av_target', 'prospect_Age'))": 0.3795695859838492,
    "(('prospect_both_50_70_ac1_av_source', 'NumberChildren'), ('prospect_both_50_70_ac1_av_target', 'prospect_Age'))": 0.3543862299477086,
    "(('prospect_both_50_70_ac1_av_source', 'MaritalStatus'), ('prospect_both_50_70_ac1_av_target', 'prospect_Gender'))": 0.30003650568309714,
    "(('prospect_both_50_70_ac1_av_source', 'MaritalStatus'), ('prospect_both_50_70_ac1_av_target', 'prospect_MiddleInitial'))": 0.2688028356187438,
    "(('prospect_both_50_70_ac1_av_source', 'PostalCode'), ('prospect_both_50_70_ac1_av_target', 'prospect_PostalCode'))": 0.21618111356191078,
    "(('prospect_both_50_70_ac1_av_source', 'NumberCreditCards'), ('prospect_both_50_70_ac1_av_target', 'prospect_NumberCars'))": 0.13887854456337267,
    "(('prospect_both_50_70_ac1_av_source', 'NumberCreditCards'), ('prospect_both_50_70_ac1_av_target', 'prospect_NumberChildren'))": 0.13887854456337267,
    "(('prospect_both_50_70_ac1_av_source', 'MaritalStatus'), ('prospect_both_50_70_ac1_av_target', 'prospect_OwnOrRentFlag'))": 0.09110936262171632,
    "(('prospect_both_50_70_ac1_av_source', 'Gender'), ('prospect_both_50_70_ac1_av_target', 'prospect_MaritalStatus'))": 0.0104138634994082
  },
  "metrics": {
    "precision": 0.875,
    "recall": 0.4666666666666667,
    "f1_score": 0.608695652173913,
    "precision_at_10_percent": 0.6666666666666666,
    "precision_at_20_percent": 0.6,
    "precision_at_30_percent": 0.5,
    "precision_at_40_percent": 0.6,
    "precision_at_50_percent": 0.5,
    "precision_at_60_percent": 0.5333333333333333,
    "precision_at_70_percent": 0.47058823529411764,
    "precision_at_80_percent": 0.45,
    "precision_at_90_percent": 0.4090909090909091,
    "recall_at_sizeof_ground_truth": 0.5333333333333333
  },
  "run_times": {
    "total_time": 1.1132164609998654,
    "algorithm_time": 0.9490073610004401
  }
}