{
  "name": "prospect_horizontal_100_ac4_ev__ContinuousQualityMatcher{'process_num': 4}",
  "matches": {
    "(('prospect_horizontal_100_ac4_ev_source', 'MiddleInitial'), ('prospect_horizontal_100_ac4_ev_target', 'prospect_MiIn'))": 1.0,
    "(('prospect_horizontal_100_ac4_ev_source', 'City'), ('prospect_horizontal_100_ac4_ev_target', 'prospect_C'))": 1.0,
    "(('prospect_horizontal_100_ac4_ev_source', 'State'), ('prospect_horizontal_100_ac4_ev_target', 'prospect_Sta'))": 1.0,
    "(('prospect_horizontal_100_ac4_ev_source', 'Country'), ('prospect_horizontal_100_ac4_ev_target', 'prospect_Cou'))": 1.0,
    "(('prospect_horizontal_100_ac4_ev_source', 'NumberCars'), ('prospect_horizontal_100_ac4_ev_target', 'prospect_NumC'))": 1.0,
    "(('prospect_horizontal_100_ac4_ev_source', 'NumberCars'), ('prospect_horizontal_100_ac4_ev_target', 'prospect_NuChil'))": 1.0,
    "(('prospect_horizontal_100_ac4_ev_source', 'NumberChildren'), ('prospect_horizontal_100_ac4_ev_target', 'prospect_NumC'))": 1.0,
    "(('prospect_horizontal_100_ac4_ev_source', 'NumberChildren'), ('prospect_horizontal_100_ac4_ev_target', 'prospect_NuChil'))": 1.0,
    "(('prospect_horizontal_100_ac4_ev_source', 'MaritalStatus'), ('prospect_horizontal_100_ac4_ev_target', 'prospect_MariSt'))": 1.0,
    "(('prospect_horizontal_100_ac4_ev_source', 'Age'), ('prospect_horizontal_100_ac4_ev_target', 'prospect_Ag'))": 1.0,
    "(('prospect_horizontal_100_ac4_ev_source', 'CreditRating'), ('prospect_horizontal_100_ac4_ev_target', 'prospect_CreRat'))": 1.0,
    "(('prospect_horizontal_100_ac4_ev_source', 'OwnOrRentFlag'), ('prospect_horizontal_100_ac4_ev_target', 'prospect_OwORFl'))": 1.0,
    "(('prospect_horizontal_100_ac4_ev_source', 'Employer'), ('prospect_horizontal_100_ac4_ev_target', 'prospect_Empl'))": 1.0,
    "(('prospect_horizontal_100_ac4_ev_source', 'NumberCreditCards'), ('prospect_horizontal_100_ac4_ev_target', 'prospect_NuCrCar'))": 1.0,
    "(('prospect_horizontal_100_ac4_ev_source', 'Gender'), ('prospect_horizontal_100_ac4_ev_target', 'prospect_MiIn'))": 0.9992631625670524,
    "(('prospect_horizontal_100_ac4_ev_source', 'Gender'), ('prospect_horizontal_100_ac4_ev_target', 'prospect_Ge'))": 0.9616424211756088,
    "(('prospect_horizontal_100_ac4_ev_source', 'NumberCars'), ('prospect_horizontal_100_ac4_ev_target', 'prospect_NuCrCar'))": 0.9489281592397331,
    "(('prospect_horizontal_100_ac4_ev_source', 'NumberChildren'), ('prospect_horizontal_100_ac4_ev_target', 'prospect_NuCrCar'))": 0.9489281592397331,
    "(('prospect_horizontal_100_ac4_ev_source', 'MiddleInitial'), ('prospect_horizontal_100_ac4_ev_target', 'prospect_Ge'))": 0.9442477927437134,
    "(('prospect_horizontal_100_ac4_ev_source', 'AddressLine2'), ('prospect_horizontal_100_ac4_ev_target', 'prospect_AddrL2'))": 0.9050356523819052,
    "(('prospect_horizontal_100_ac4_ev_source', 'AddressLine1'), ('prospect_horizontal_100_ac4_ev_target', 'prospect_AddrL1'))": 0.6754664695269489,
    "(('prospect_horizontal_100_ac4_ev_source', 'NumberCreditCards'), ('prospect_horizontal_100_ac4_ev_target', 'prospect_NumC'))": 0.6725058909138392,
    "(('prospect_horizontal_100_ac4_ev_source', 'NumberCreditCards'), ('prospect_horizontal_100_ac4_ev_target', 'prospect_NuChil'))": 0.6725058909138392,
    "(('prospect_horizontal_100_ac4_ev_source', 'FirstName'), ('prospect_horizontal_100_ac4_ev_target', 'prospect_FirNa'))": 0.6101730100060289,
    "(('prospect_horizontal_100_ac4_ev_source', 'PostalCode'), ('prospect_horizontal_100_ac4_ev_target', 'prospect_PosCo'))": 0.6005595327602128,
    "(('prospect_horizontal_100_ac4_ev_source', 'LastName'), ('prospect_horizontal_100_ac4_ev_target', 'prospect_LN'))": 0.5995625854227844,
    "(('prospect_horizontal_100_ac4_ev_source', 'Income'), ('prospect_horizontal_100_ac4_ev_target', 'prospect_Inc'))": 0.5821675938331733,
    "(('prospect_horizontal_100_ac4_ev_source', 'Phone'), ('prospect_horizontal_100_ac4_ev_target', 'prospect_Pho'))": 0.5771381028604395,
    "(('prospect_horizontal_100_ac4_ev_source', 'AgencyID'), ('prospect_horizontal_100_ac4_ev_target', 'prospect_AgeID'))": 0.575174826789534,
    "(('prospect_horizontal_100_ac4_ev_source', 'NetWorth'), ('prospect_horizontal_100_ac4_ev_target', 'prospect_NeWor'))": 0.5721774535359567,
    "(('prospect_horizontal_100_ac4_ev_source', 'MaritalStatus'), ('prospect_horizontal_100_ac4_ev_target', 'prospect_Ge'))": 0.33525124038695725,
    "(('prospect_horizontal_100_ac4_ev_source', 'NumberCreditCards'), ('prospect_horizontal_100_ac4_ev_target', 'prospect_Ag'))": 0.3028072967734228,
    "(('prospect_horizontal_100_ac4_ev_source', 'OwnOrRentFlag'), ('prospect_horizontal_100_ac4_ev_target', 'prospect_MariSt'))": 0.27140005289678026,
    "(('prospect_horizontal_100_ac4_ev_source', 'MaritalStatus'), ('prospect_horizontal_100_ac4_ev_target', 'prospect_MiIn'))": 0.2688028356187438,
    "(('prospect_horizontal_100_ac4_ev_source', 'OwnOrRentFlag'), ('prospect_horizontal_100_ac4_ev_target', 'prospect_Ge'))": 0.21126572405222113,
    "(('prospect_horizontal_100_ac4_ev_source', 'NumberCars'), ('prospect_horizontal_100_ac4_ev_target', 'prospect_Ag'))": 0.1680806414096999,
    "(('prospect_horizontal_100_ac4_ev_source', 'NumberChildren'), ('prospect_horizontal_100_ac4_ev_target', 'prospect_Ag'))": 0.1680806414096999,
    "(('prospect_horizontal_100_ac4_ev_source', 'OwnOrRentFlag'), ('prospect_horizontal_100_ac4_ev_target', 'prospect_MiIn'))": 0.16330140250167216,
    "(('prospect_horizontal_100_ac4_ev_source', 'MaritalStatus'), ('prospect_horizontal_100_ac4_ev_target', 'prospect_OwORFl'))": 0.09110936262171632
  },
  "metrics": {
    "precision": 1.0,
    "recall": 0.9545454545454546,
    "f1_score": 0.9767441860465117,
    "precision_at_10_percent": 1.0,
    "precision_at_20_percent": 0.75,
    "precision_at_30_percent": 0.8333333333333334,
    "precision_at_40_percent": 0.8125,
    "precision_at_50_percent": 0.7,
    "precision_at_60_percent": 0.6666666666666666,
    "precision_at_70_percent": 0.7142857142857143,
    "precision_at_80_percent": 0.6875,
    "precision_at_90_percent": 0.6111111111111112,
    "recall_at_sizeof_ground_truth": 0.6818181818181818
  },
  "run_times": {
    "total_time": 2.1669013689997882,
    "algorithm_time": 1.647018542999831
  }
}