{
  "name": "prospect_both_0_30_ac3_av__ContinuousQualityMatcher{'process_num': 4}",
  "matches": {
    "(('prospect_both_0_30_ac3_av_source', 'MiddleInitial'), ('prospect_both_0_30_ac3_av_target', 'mddlntl'))": 1.0,
    "(('prospect_both_0_30_ac3_av_source', 'OwnOrRentFlag'), ('prospect_both_0_30_ac3_av_target', 'wnrrntflg'))": 1.0,
    "(('prospect_both_0_30_ac3_av_source', 'Gender'), ('prospect_both_0_30_ac3_av_target', 'mddlntl'))": 0.9976278761634547,
    "(('prospect_both_0_30_ac3_av_source', 'OwnOrRentFlag'), ('prospect_both_0_30_ac3_av_target', 'mrtlstts'))": 0.27140005289678026,
    "(('prospect_both_0_30_ac3_av_source', 'OwnOrRentFlag'), ('prospect_both_0_30_ac3_av_target', 'mddlntl'))": 0.16330140250167216
  },
  "metrics": {
    "precision": 1.0,
    "recall": 0.3333333333333333,
    "f1_score": 0.5,
    "precision_at_10_percent": 1.0,
    "precision_at_20_percent": 1.0,
    "precision_at_30_percent": 1.0,
    "precision_at_40_percent": 1.0,
    "precision_at_50_percent": 0.6666666666666666,
    "precision_at_60_percent": 0.6666666666666666,
    "precision_at_70_percent": 0.5,
    "precision_at_80_percent": 0.5,
    "precision_at_90_percent": 0.4,
    "recall_at_sizeof_ground_truth": 0.3333333333333333
  },
  "run_times": {
    "total_time": 1.1351370649999808,
    "algorithm_time": 0.8042617910004992
  }
}