{
  "name": "prospect_both_0_30_ac2_ev__ContinuousQualityMatcher{'process_num': 4}",
  "matches": {
    "(('prospect_both_0_30_ac2_ev_source', 'CreditRating'), ('prospect_both_0_30_ac2_ev_target', 'CreRa'))": 1.0,
    "(('prospect_both_0_30_ac2_ev_source', 'Employer'), ('prospect_both_0_30_ac2_ev_target', 'Empl'))": 1.0,
    "(('prospect_both_0_30_ac2_ev_source', 'MiddleInitial'), ('prospect_both_0_30_ac2_ev_target', 'MiIn'))": 1.0,
    "(('prospect_both_0_30_ac2_ev_source', 'Gender'), ('prospect_both_0_30_ac2_ev_target', 'MiIn'))": 0.9976278761634547
  },
  "metrics": {
    "precision": 1.0,
    "recall": 0.5,
    "f1_score": 0.6666666666666666,
    "precision_at_10_percent": 1.0,
    "precision_at_20_percent": 1.0,
    "precision_at_30_percent": 1.0,
    "precision_at_40_percent": 1.0,
    "precision_at_50_percent": 1.0,
    "precision_at_60_percent": 1.0,
    "precision_at_70_percent": 1.0,
    "precision_at_80_percent": 0.75,
    "precision_at_90_percent": 0.75,
    "recall_at_sizeof_ground_truth": 0.5
  },
  "run_times": {
    "total_time": 0.7868759259999933,
    "algorithm_time": 0.6938052850000531
  }
}