{
  "name": "prospect_horizontal_100_ac5_ev__ContinuousQualityMatcher{'process_num': 4}",
  "matches": {
    "(('prospect_horizontal_100_ac5_ev_source', 'MiddleInitial'), ('prospect_horizontal_100_ac5_ev_target', 'prospect_mddlntl'))": 1.0,
    "(('prospect_horizontal_100_ac5_ev_source', 'City'), ('prospect_horizontal_100_ac5_ev_target', 'prospect_ct'))": 1.0,
    "(('prospect_horizontal_100_ac5_ev_source', 'State'), ('prospect_horizontal_100_ac5_ev_target', 'prospect_stt'))": 1.0,
    "(('prospect_horizontal_100_ac5_ev_source', 'Country'), ('prospect_horizontal_100_ac5_ev_target', 'prospect_cntr'))": 1.0,
    "(('prospect_horizontal_100_ac5_ev_source', 'NumberCars'), ('prospect_horizontal_100_ac5_ev_target', 'prospect_nmbrcrs'))": 1.0,
    "(('prospect_horizontal_100_ac5_ev_source', 'NumberCars'), ('prospect_horizontal_100_ac5_ev_target', 'prospect_nmbrchldrn'))": 1.0,
    "(('prospect_horizontal_100_ac5_ev_source', 'NumberChildren'), ('prospect_horizontal_100_ac5_ev_target', 'prospect_nmbrcrs'))": 1.0,
    "(('prospect_horizontal_100_ac5_ev_source', 'NumberChildren'), ('prospect_horizontal_100_ac5_ev_target', 'prospect_nmbrchldrn'))": 1.0,
    "(('prospect_horizontal_100_ac5_ev_source', 'MaritalStatus'), ('prospect_horizontal_100_ac5_ev_target', 'prospect_mrtlstts'))": 1.0,
    "(('prospect_horizontal_100_ac5_ev_source', 'Age'), ('prospect_horizontal_100_ac5_ev_target', 'prospect_g'))": 1.0,
    "(('prospect_horizontal_100_ac5_ev_source', 'CreditRating'), ('prospect_horizontal_100_ac5_ev_target', 'prospect_crdtrtng'))": 1.0,
    "(('prospect_horizontal_100_ac5_ev_source', 'OwnOrRentFlag'), ('prospect_horizontal_100_ac5_ev_target', 'prospect_wnrrntflg'))": 1.0,
    "(('prospect_horizontal_100_ac5_ev_source', 'Employer'), ('prospect_horizontal_100_ac5_ev_target', 'prospect_mplr'))": 1.0,
    "(('prospect_horizontal_100_ac5_ev_source', 'NumberCreditCards'), ('prospect_horizontal_100_ac5_ev_target', 'prospect_nmbrcrdtcrds'))": 1.0,
    "(('prospect_horizontal_100_ac5_ev_source', 'Gender'), ('prospect_horizontal_100_ac5_ev_target', 'prospect_mddlntl'))": 0.9992631625670524,
    "(('prospect_horizontal_100_ac5_ev_source', 'Gender'), ('prospect_horizontal_100_ac5_ev_target', 'prospect_gndr'))": 0.9616424211756088,
    "(('prospect_horizontal_100_ac5_ev_source', 'NumberCars'), ('prospect_horizontal_100_ac5_ev_target', 'prospect_nmbrcrdtcrds'))": 0.9489281592397331,
    "(('prospect_horizontal_100_ac5_ev_source', 'NumberChildren'), ('prospect_horizontal_100_ac5_ev_target', 'prospect_nmbrcrdtcrds'))": 0.9489281592397331,
    "(('prospect_horizontal_100_ac5_ev_source', 'MiddleInitial'), ('prospect_horizontal_100_ac5_ev_target', 'prospect_gndr'))": 0.9442477927437134,
    "(('prospect_horizontal_100_ac5_ev_source', 'AddressLine2'), ('prospect_horizontal_100_ac5_ev_target', 'prospect_ddrssln2'))": 0.9050356523819052,
    "(('prospect_horizontal_100_ac5_ev_source', 'AddressLine1'), ('prospect_horizontal_100_ac5_ev_target', 'prospect_ddrssln1'))": 0.6754664695269489,
    "(('prospect_horizontal_100_ac5_ev_source', 'NumberCreditCards'), ('prospect_horizontal_100_ac5_ev_target', 'prospect_nmbrcrs'))": 0.6725058909138392,
    "(('prospect_horizontal_100_ac5_ev_source', 'NumberCreditCards'), ('prospect_horizontal_100_ac5_ev_target', 'prospect_nmbrchldrn'))": 0.6725058909138392,
    "(('prospect_horizontal_100_ac5_ev_source', 'FirstName'), ('prospect_horizontal_100_ac5_ev_target', 'prospect_frstnm'))": 0.6101730100060289,
    "(('prospect_horizontal_100_ac5_ev_source', 'PostalCode'), ('prospect_horizontal_100_ac5_ev_target', 'prospect_pstlcd'))": 0.6005595327602128,
    "(('prospect_horizontal_100_ac5_ev_source', 'LastName'), ('prospect_horizontal_100_ac5_ev_target', 'prospect_lstnm'))": 0.5995625854227844,
    "(('prospect_horizontal_100_ac5_ev_source', 'Income'), ('prospect_horizontal_100_ac5_ev_target', 'prospect_ncm'))": 0.5821675938331733,
    "(('prospect_horizontal_100_ac5_ev_source', 'Phone'), ('prospect_horizontal_100_ac5_ev_target', 'prospect_phn'))": 0.5771381028604395,
    "(('prospect_horizontal_100_ac5_ev_source', 'AgencyID'), ('prospect_horizontal_100_ac5_ev_target', 'prospect_gncd'))": 0.575174826789534,
    "(('prospect_horizontal_100_ac5_ev_source', 'NetWorth'), ('prospect_horizontal_100_ac5_ev_target', 'prospect_ntwrth'))": 0.5721774535359567,
    "(('prospect_horizontal_100_ac5_ev_source', 'MaritalStatus'), ('prospect_horizontal_100_ac5_ev_target', 'prospect_gndr'))": 0.33525124038695725,
    "(('prospect_horizontal_100_ac5_ev_source', 'NumberCreditCards'), ('prospect_horizontal_100_ac5_ev_target', 'prospect_g'))": 0.3028072967734228,
    "(('prospect_horizontal_100_ac5_ev_source', 'OwnOrRentFlag'), ('prospect_horizontal_100_ac5_ev_target', 'prospect_mrtlstts'))": 0.27140005289678026,
    "(('prospect_horizontal_100_ac5_ev_source', 'MaritalStatus'), ('prospect_horizontal_100_ac5_ev_target', 'prospect_mddlntl'))": 0.2688028356187438,
    "(('prospect_horizontal_100_ac5_ev_source', 'OwnOrRentFlag'), ('prospect_horizontal_100_ac5_ev_target', 'prospect_gndr'))": 0.21126572405222113,
    "(('prospect_horizontal_100_ac5_ev_source', 'NumberCars'), ('prospect_horizontal_100_ac5_ev_target', 'prospect_g'))": 0.1680806414096999,
    "(('prospect_horizontal_100_ac5_ev_source', 'NumberChildren'), ('prospect_horizontal_100_ac5_ev_target', 'prospect_g'))": 0.1680806414096999,
    "(('prospect_horizontal_100_ac5_ev_source', 'OwnOrRentFlag'), ('prospect_horizontal_100_ac5_ev_target', 'prospect_mddlntl'))": 0.16330140250167216,
    "(('prospect_horizontal_100_ac5_ev_source', 'MaritalStatus'), ('prospect_horizontal_100_ac5_ev_target', 'prospect_wnrrntflg'))": 0.09110936262171632
  },
  "metrics": {
    "precision": 1.0,
    "recall": 0.9545454545454546,
    "f1_score": 0.9767441860465117,
    "precision_at_10_percent": 1.0,
    "precision_at_20_percent": 0.75,
    "precision_at_30_percent": 0.8333333333333334,
    "precision_at_40_percent": 0.8125,
    "precision_at_50_percent": 0.7,
    "precision_at_60_percent": 0.6666666666666666,
    "precision_at_70_percent": 0.7142857142857143,
    "precision_at_80_percent": 0.6875,
    "precision_at_90_percent": 0.6111111111111112,
    "recall_at_sizeof_ground_truth": 0.6818181818181818
  },
  "run_times": {
    "total_time": 2.040388038999481,
    "algorithm_time": 1.7774775560001217
  }
}