{
  "name": "prospect_both_50_50_ac2_av__ContinuousQualityMatcher{'process_num': 4}",
  "matches": {
    "(('prospect_both_50_50_ac2_av_source', 'MaritalStatus'), ('prospect_both_50_50_ac2_av_target', 'MarSt'))": 1.0,
    "(('prospect_both_50_50_ac2_av_source', 'NumberChildren'), ('prospect_both_50_50_ac2_av_target', 'NumC'))": 1.0,
    "(('prospect_both_50_50_ac2_av_source', 'NumberChildren'), ('prospect_both_50_50_ac2_av_target', 'NumChi'))": 1.0,
    "(('prospect_both_50_50_ac2_av_source', 'NumberCars'), ('prospect_both_50_50_ac2_av_target', 'NumC'))": 0.9855616321610515,
    "(('prospect_both_50_50_ac2_av_source', 'NumberCars'), ('prospect_both_50_50_ac2_av_target', 'NumChi'))": 0.9855616321610515,
    "(('prospect_both_50_50_ac2_av_source', 'NumberCars'), ('prospect_both_50_50_ac2_av_target', 'NuCrCar'))": 0.9773043614475279,
    "(('prospect_both_50_50_ac2_av_source', 'NumberChildren'), ('prospect_both_50_50_ac2_av_target', 'NuCrCar'))": 0.9489281592397331,
    "(('prospect_both_50_50_ac2_av_source', 'Age'), ('prospect_both_50_50_ac2_av_target', 'A'))": 0.7995391674985999,
    "(('prospect_both_50_50_ac2_av_source', 'NumberCars'), ('prospect_both_50_50_ac2_av_target', 'A'))": 0.19556729642860216,
    "(('prospect_both_50_50_ac2_av_source', 'NumberChildren'), ('prospect_both_50_50_ac2_av_target', 'A'))": 0.1680806414096999,
    "(('prospect_both_50_50_ac2_av_source', 'MaritalStatus'), ('prospect_both_50_50_ac2_av_target', 'OwOReF'))": 0.09110936262171632,
    "(('prospect_both_50_50_ac2_av_source', 'FirstName'), ('prospect_both_50_50_ac2_av_target', 'FirN'))": 0.02037178384823615
  },
  "metrics": {
    "precision": 0.5,
    "recall": 0.18181818181818182,
    "f1_score": 0.26666666666666666,
    "precision_at_10_percent": 0.5,
    "precision_at_20_percent": 0.6666666666666666,
    "precision_at_30_percent": 0.75,
    "precision_at_40_percent": 0.6,
    "precision_at_50_percent": 0.5,
    "precision_at_60_percent": 0.5,
    "precision_at_70_percent": 0.4444444444444444,
    "precision_at_80_percent": 0.4,
    "precision_at_90_percent": 0.36363636363636365,
    "recall_at_sizeof_ground_truth": 0.36363636363636365
  },
  "run_times": {
    "total_time": 0.9445517889998882,
    "algorithm_time": 0.8170588259999931
  }
}