{
  "name": "prospect_both_50_50_ac4_ev__ContinuousQualityMatcher{'process_num': 4}",
  "matches": {
    "(('prospect_both_50_50_ac4_ev_source', 'NumberCreditCards'), ('prospect_both_50_50_ac4_ev_target', 'prospect_NuCrCa'))": 1.0,
    "(('prospect_both_50_50_ac4_ev_source', 'CreditRating'), ('prospect_both_50_50_ac4_ev_target', 'prospect_CreRat'))": 1.0,
    "(('prospect_both_50_50_ac4_ev_source', 'Age'), ('prospect_both_50_50_ac4_ev_target', 'prospect_A'))": 1.0,
    "(('prospect_both_50_50_ac4_ev_source', 'MiddleInitial'), ('prospect_both_50_50_ac4_ev_target', 'prospect_MidIni'))": 1.0,
    "(('prospect_both_50_50_ac4_ev_source', 'State'), ('prospect_both_50_50_ac4_ev_target', 'prospect_St'))": 1.0,
    "(('prospect_both_50_50_ac4_ev_source', 'NumberChildren'), ('prospect_both_50_50_ac4_ev_target', 'prospect_NuChi'))": 1.0,
    "(('prospect_both_50_50_ac4_ev_source', 'NumberChildren'), ('prospect_both_50_50_ac4_ev_target', 'prospect_NumC'))": 1.0,
    "(('prospect_both_50_50_ac4_ev_source', 'Gender'), ('prospect_both_50_50_ac4_ev_target', 'prospect_MidIni'))": 0.9976278761634547,
    "(('prospect_both_50_50_ac4_ev_source', 'NumberChildren'), ('prospect_both_50_50_ac4_ev_target', 'prospect_NuCrCa'))": 0.9489281592397331,
    "(('prospect_both_50_50_ac4_ev_source', 'NumberCreditCards'), ('prospect_both_50_50_ac4_ev_target', 'prospect_NuChi'))": 0.6725058909138392,
    "(('prospect_both_50_50_ac4_ev_source', 'NumberCreditCards'), ('prospect_both_50_50_ac4_ev_target', 'prospect_NumC'))": 0.6725058909138392,
    "(('prospect_both_50_50_ac4_ev_source', 'Phone'), ('prospect_both_50_50_ac4_ev_target', 'prospect_Pho'))": 0.6114398883031594,
    "(('prospect_both_50_50_ac4_ev_source', 'AgencyID'), ('prospect_both_50_50_ac4_ev_target', 'prospect_AgeID'))": 0.6103796991339026,
    "(('prospect_both_50_50_ac4_ev_source', 'PostalCode'), ('prospect_both_50_50_ac4_ev_target', 'prospect_PosCo'))": 0.6043982849790618,
    "(('prospect_both_50_50_ac4_ev_source', 'AddressLine1'), ('prospect_both_50_50_ac4_ev_target', 'prospect_AddrL1'))": 0.5402154228521385,
    "(('prospect_both_50_50_ac4_ev_source', 'NumberCreditCards'), ('prospect_both_50_50_ac4_ev_target', 'prospect_A'))": 0.3028072967734228,
    "(('prospect_both_50_50_ac4_ev_source', 'NumberChildren'), ('prospect_both_50_50_ac4_ev_target', 'prospect_A'))": 0.1680806414096999,
    "(('prospect_both_50_50_ac4_ev_source', 'AddressLine2'), ('prospect_both_50_50_ac4_ev_target', 'prospect_AddrL2'))": 0.02436671703552033
  },
  "metrics": {
    "precision": 1.0,
    "recall": 0.8181818181818182,
    "f1_score": 0.9,
    "precision_at_10_percent": 1.0,
    "precision_at_20_percent": 1.0,
    "precision_at_30_percent": 1.0,
    "precision_at_40_percent": 0.75,
    "precision_at_50_percent": 0.6666666666666666,
    "precision_at_60_percent": 0.5454545454545454,
    "precision_at_70_percent": 0.6153846153846154,
    "precision_at_80_percent": 0.6666666666666666,
    "precision_at_90_percent": 0.5882352941176471,
    "recall_at_sizeof_ground_truth": 0.5454545454545454
  },
  "run_times": {
    "total_time": 1.1151246790004734,
    "algorithm_time": 0.8622446070003207
  }
}