{
  "name": "prospect_both_50_70_ac2_ev__ContinuousQualityMatcher{'process_num': 4}",
  "matches": {
    "(('prospect_both_50_70_ac2_ev_source', 'City'), ('prospect_both_50_70_ac2_ev_target', 'Ci'))": 1.0,
    "(('prospect_both_50_70_ac2_ev_source', 'MiddleInitial'), ('prospect_both_50_70_ac2_ev_target', 'MiIn'))": 1.0,
    "(('prospect_both_50_70_ac2_ev_source', 'NumberCreditCards'), ('prospect_both_50_70_ac2_ev_target', 'NumCrCar'))": 1.0,
    "(('prospect_both_50_70_ac2_ev_source', 'Age'), ('prospect_both_50_70_ac2_ev_target', 'A'))": 1.0,
    "(('prospect_both_50_70_ac2_ev_source', 'CreditRating'), ('prospect_both_50_70_ac2_ev_target', 'CrRat'))": 1.0,
    "(('prospect_both_50_70_ac2_ev_source', 'MaritalStatus'), ('prospect_both_50_70_ac2_ev_target', 'MarSt'))": 1.0,
    "(('prospect_both_50_70_ac2_ev_source', 'OwnOrRentFlag'), ('prospect_both_50_70_ac2_ev_target', 'OORFl'))": 1.0,
    "(('prospect_both_50_70_ac2_ev_source', 'Country'), ('prospect_both_50_70_ac2_ev_target', 'Coun'))": 1.0,
    "(('prospect_both_50_70_ac2_ev_source', 'NumberChildren'), ('prospect_both_50_70_ac2_ev_target', 'NuChi'))": 1.0,
    "(('prospect_both_50_70_ac2_ev_source', 'NumberChildren'), ('prospect_both_50_70_ac2_ev_target', 'NuC'))": 1.0,
    "(('prospect_both_50_70_ac2_ev_source', 'Gender'), ('prospect_both_50_70_ac2_ev_target', 'MiIn'))": 0.9976278761634547,
    "(('prospect_both_50_70_ac2_ev_source', 'Gender'), ('prospect_both_50_70_ac2_ev_target', 'Ge'))": 0.9891086156328122,
    "(('prospect_both_50_70_ac2_ev_source', 'MiddleInitial'), ('prospect_both_50_70_ac2_ev_target', 'Ge'))": 0.9835351814949325,
    "(('prospect_both_50_70_ac2_ev_source', 'NumberChildren'), ('prospect_both_50_70_ac2_ev_target', 'NumCrCar'))": 0.9489281592397331,
    "(('prospect_both_50_70_ac2_ev_source', 'NumberCreditCards'), ('prospect_both_50_70_ac2_ev_target', 'NuChi'))": 0.6725058909138392,
    "(('prospect_both_50_70_ac2_ev_source', 'NumberCreditCards'), ('prospect_both_50_70_ac2_ev_target', 'NuC'))": 0.6725058909138392,
    "(('prospect_both_50_70_ac2_ev_source', 'Phone'), ('prospect_both_50_70_ac2_ev_target', 'Ph'))": 0.6114398883031594,
    "(('prospect_both_50_70_ac2_ev_source', 'AgencyID'), ('prospect_both_50_70_ac2_ev_target', 'AgID'))": 0.6103796991339026,
    "(('prospect_both_50_70_ac2_ev_source', 'LastName'), ('prospect_both_50_70_ac2_ev_target', 'LaNa'))": 0.5909462853662276,
    "(('prospect_both_50_70_ac2_ev_source', 'AddressLine1'), ('prospect_both_50_70_ac2_ev_target', 'AddL1'))": 0.5402154228521385,
    "(('prospect_both_50_70_ac2_ev_source', 'NumberCreditCards'), ('prospect_both_50_70_ac2_ev_target', 'A'))": 0.3028072967734228,
    "(('prospect_both_50_70_ac2_ev_source', 'MaritalStatus'), ('prospect_both_50_70_ac2_ev_target', 'Ge'))": 0.30003650568309714,
    "(('prospect_both_50_70_ac2_ev_source', 'OwnOrRentFlag'), ('prospect_both_50_70_ac2_ev_target', 'MarSt'))": 0.27140005289678026,
    "(('prospect_both_50_70_ac2_ev_source', 'MaritalStatus'), ('prospect_both_50_70_ac2_ev_target', 'MiIn'))": 0.2688028356187438,
    "(('prospect_both_50_70_ac2_ev_source', 'OwnOrRentFlag'), ('prospect_both_50_70_ac2_ev_target', 'Ge'))": 0.1882596115724794,
    "(('prospect_both_50_70_ac2_ev_source', 'NumberChildren'), ('prospect_both_50_70_ac2_ev_target', 'A'))": 0.1680806414096999,
    "(('prospect_both_50_70_ac2_ev_source', 'OwnOrRentFlag'), ('prospect_both_50_70_ac2_ev_target', 'MiIn'))": 0.16330140250167216,
    "(('prospect_both_50_70_ac2_ev_source', 'MaritalStatus'), ('prospect_both_50_70_ac2_ev_target', 'OORFl'))": 0.09110936262171632,
    "(('prospect_both_50_70_ac2_ev_source', 'AddressLine2'), ('prospect_both_50_70_ac2_ev_target', 'AddL2'))": 0.02436671703552033
  },
  "metrics": {
    "precision": 1.0,
    "recall": 0.9333333333333333,
    "f1_score": 0.9655172413793104,
    "precision_at_10_percent": 1.0,
    "precision_at_20_percent": 1.0,
    "precision_at_30_percent": 1.0,
    "precision_at_40_percent": 0.8333333333333334,
    "precision_at_50_percent": 0.6666666666666666,
    "precision_at_60_percent": 0.6666666666666666,
    "precision_at_70_percent": 0.6666666666666666,
    "precision_at_80_percent": 0.5833333333333334,
    "precision_at_90_percent": 0.5185185185185185,
    "recall_at_sizeof_ground_truth": 0.6666666666666666
  },
  "run_times": {
    "total_time": 1.2460834270004852,
    "algorithm_time": 1.0640799620005055
  }
}