{
  "name": "prospect_both_50_70_ac3_av__ContinuousQualityMatcher{'process_num': 4}",
  "matches": {
    "(('prospect_both_50_70_ac3_av_source', 'MiddleInitial'), ('prospect_both_50_70_ac3_av_target', 'mddlntl'))": 1.0,
    "(('prospect_both_50_70_ac3_av_source', 'OwnOrRentFlag'), ('prospect_both_50_70_ac3_av_target', 'wnrrntflg'))": 1.0,
    "(('prospect_both_50_70_ac3_av_source', 'Gender'), ('prospect_both_50_70_ac3_av_target', 'mddlntl'))": 0.9978429857473585,
    "(('prospect_both_50_70_ac3_av_source', 'Gender'), ('prospect_both_50_70_ac3_av_target', 'gndr'))": 0.9884589916695479,
    "(('prospect_both_50_70_ac3_av_source', 'NumberCars'), ('prospect_both_50_70_ac3_av_target', 'nmbrcrs'))": 0.9855616321610515,
    "(('prospect_both_50_70_ac3_av_source', 'NumberCars'), ('prospect_both_50_70_ac3_av_target', 'nmbrchldrn'))": 0.9855616321610515,
    "(('prospect_both_50_70_ac3_av_source', 'MiddleInitial'), ('prospect_both_50_70_ac3_av_target', 'gndr'))": 0.9835351814949325,
    "(('prospect_both_50_70_ac3_av_source', 'NumberCars'), ('prospect_both_50_70_ac3_av_target', 'nmbrcrdtcrds'))": 0.9773043614475279,
    "(('prospect_both_50_70_ac3_av_source', 'Age'), ('prospect_both_50_70_ac3_av_target', 'g'))": 0.9690237692396271,
    "(('prospect_both_50_70_ac3_av_source', 'CreditRating'), ('prospect_both_50_70_ac3_av_target', 'crdtrtng'))": 0.6954810895543887,
    "(('prospect_both_50_70_ac3_av_source', 'NumberCreditCards'), ('prospect_both_50_70_ac3_av_target', 'g'))": 0.5841588089976514,
    "(('prospect_both_50_70_ac3_av_source', 'NumberCreditCards'), ('prospect_both_50_70_ac3_av_target', 'nmbrcrdtcrds'))": 0.5260474624247067,
    "(('prospect_both_50_70_ac3_av_source', 'OwnOrRentFlag'), ('prospect_both_50_70_ac3_av_target', 'mrtlstts'))": 0.27140005289678026,
    "(('prospect_both_50_70_ac3_av_source', 'PostalCode'), ('prospect_both_50_70_ac3_av_target', 'pstlcd'))": 0.21650236761003755,
    "(('prospect_both_50_70_ac3_av_source', 'NumberCars'), ('prospect_both_50_70_ac3_av_target', 'g'))": 0.19556729642860216,
    "(('prospect_both_50_70_ac3_av_source', 'OwnOrRentFlag'), ('prospect_both_50_70_ac3_av_target', 'gndr'))": 0.1882596115724794,
    "(('prospect_both_50_70_ac3_av_source', 'OwnOrRentFlag'), ('prospect_both_50_70_ac3_av_target', 'mddlntl'))": 0.16330140250167216,
    "(('prospect_both_50_70_ac3_av_source', 'NumberCreditCards'), ('prospect_both_50_70_ac3_av_target', 'nmbrcrs'))": 0.1067577810926106,
    "(('prospect_both_50_70_ac3_av_source', 'NumberCreditCards'), ('prospect_both_50_70_ac3_av_target', 'nmbrchldrn'))": 0.1067577810926106,
    "(('prospect_both_50_70_ac3_av_source', 'FirstName'), ('prospect_both_50_70_ac3_av_target', 'frstnm'))": 0.020436713616032408,
    "(('prospect_both_50_70_ac3_av_source', 'Gender'), ('prospect_both_50_70_ac3_av_target', 'mrtlstts'))": 0.0104138634994082
  },
  "metrics": {
    "precision": 1.0,
    "recall": 0.4666666666666667,
    "f1_score": 0.6363636363636364,
    "precision_at_10_percent": 0.6666666666666666,
    "precision_at_20_percent": 0.8,
    "precision_at_30_percent": 0.5714285714285714,
    "precision_at_40_percent": 0.5555555555555556,
    "precision_at_50_percent": 0.5454545454545454,
    "precision_at_60_percent": 0.5384615384615384,
    "precision_at_70_percent": 0.5333333333333333,
    "precision_at_80_percent": 0.47058823529411764,
    "precision_at_90_percent": 0.42105263157894735,
    "recall_at_sizeof_ground_truth": 0.5333333333333333
  },
  "run_times": {
    "total_time": 0.971584499000528,
    "algorithm_time": 0.8278715149999698
  }
}