{
  "name": "prospect_horizontal_100_ac5_av__ContinuousQualityMatcher{'process_num': 4}",
  "matches": {
    "(('prospect_horizontal_100_ac5_av_source', 'MiddleInitial'), ('prospect_horizontal_100_ac5_av_target', 'prospect_mddlntl'))": 1.0,
    "(('prospect_horizontal_100_ac5_av_source', 'MaritalStatus'), ('prospect_horizontal_100_ac5_av_target', 'prospect_mrtlstts'))": 1.0,
    "(('prospect_horizontal_100_ac5_av_source', 'OwnOrRentFlag'), ('prospect_horizontal_100_ac5_av_target', 'prospect_wnrrntflg'))": 1.0,
    "(('prospect_horizontal_100_ac5_av_source', 'Gender'), ('prospect_horizontal_100_ac5_av_target', 'prospect_mddlntl'))": 0.9992631625670524,
    "(('prospect_horizontal_100_ac5_av_source', 'NumberChildren'), ('prospect_horizontal_100_ac5_av_target', 'prospect_nmbrcrdtcrds'))": 0.9909586537051686,
    "(('prospect_horizontal_100_ac5_av_source', 'NumberCars'), ('prospect_horizontal_100_ac5_av_target', 'prospect_nmbrcrdtcrds'))": 0.962287843685511,
    "(('prospect_horizontal_100_ac5_av_source', 'Gender'), ('prospect_horizontal_100_ac5_av_target', 'prospect_gndr'))": 0.9616424211756088,
    "(('prospect_horizontal_100_ac5_av_source', 'MiddleInitial'), ('prospect_horizontal_100_ac5_av_target', 'prospect_gndr'))": 0.9442477927437134,
    "(('prospect_horizontal_100_ac5_av_source', 'NumberChildren'), ('prospect_horizontal_100_ac5_av_target', 'prospect_nmbrcrs'))": 0.9429330376237649,
    "(('prospect_horizontal_100_ac5_av_source', 'NumberChildren'), ('prospect_horizontal_100_ac5_av_target', 'prospect_nmbrchldrn'))": 0.9429330376237649,
    "(('prospect_horizontal_100_ac5_av_source', 'NumberCreditCards'), ('prospect_horizontal_100_ac5_av_target', 'prospect_nmbrcrdtcrds'))": 0.8917040106007876,
    "(('prospect_horizontal_100_ac5_av_source', 'Age'), ('prospect_horizontal_100_ac5_av_target', 'prospect_g'))": 0.6496990665452241,
    "(('prospect_horizontal_100_ac5_av_source', 'CreditRating'), ('prospect_horizontal_100_ac5_av_target', 'prospect_crdtrtng'))": 0.5601238577975919,
    "(('prospect_horizontal_100_ac5_av_source', 'NumberCreditCards'), ('prospect_horizontal_100_ac5_av_target', 'prospect_g'))": 0.42860261470197547,
    "(('prospect_horizontal_100_ac5_av_source', 'NumberCars'), ('prospect_horizontal_100_ac5_av_target', 'prospect_nmbrcrs'))": 0.412157490792534,
    "(('prospect_horizontal_100_ac5_av_source', 'NumberCars'), ('prospect_horizontal_100_ac5_av_target', 'prospect_nmbrchldrn'))": 0.412157490792534,
    "(('prospect_horizontal_100_ac5_av_source', 'NumberCars'), ('prospect_horizontal_100_ac5_av_target', 'prospect_g'))": 0.3795695859838492,
    "(('prospect_horizontal_100_ac5_av_source', 'MaritalStatus'), ('prospect_horizontal_100_ac5_av_target', 'prospect_gndr'))": 0.33525124038695725,
    "(('prospect_horizontal_100_ac5_av_source', 'NumberCreditCards'), ('prospect_horizontal_100_ac5_av_target', 'prospect_nmbrcrs'))": 0.2952410072530615,
    "(('prospect_horizontal_100_ac5_av_source', 'NumberCreditCards'), ('prospect_horizontal_100_ac5_av_target', 'prospect_nmbrchldrn'))": 0.2952410072530615,
    "(('prospect_horizontal_100_ac5_av_source', 'OwnOrRentFlag'), ('prospect_horizontal_100_ac5_av_target', 'prospect_mrtlstts'))": 0.27140005289678026,
    "(('prospect_horizontal_100_ac5_av_source', 'MaritalStatus'), ('prospect_horizontal_100_ac5_av_target', 'prospect_mddlntl'))": 0.2688028356187438,
    "(('prospect_horizontal_100_ac5_av_source', 'NumberChildren'), ('prospect_horizontal_100_ac5_av_target', 'prospect_g'))": 0.2228144452035159,
    "(('prospect_horizontal_100_ac5_av_source', 'OwnOrRentFlag'), ('prospect_horizontal_100_ac5_av_target', 'prospect_gndr'))": 0.21126572405222113,
    "(('prospect_horizontal_100_ac5_av_source', 'OwnOrRentFlag'), ('prospect_horizontal_100_ac5_av_target', 'prospect_mddlntl'))": 0.16330140250167216,
    "(('prospect_horizontal_100_ac5_av_source', 'MaritalStatus'), ('prospect_horizontal_100_ac5_av_target', 'prospect_wnrrntflg'))": 0.09110936262171632,
    "(('prospect_horizontal_100_ac5_av_source', 'Employer'), ('prospect_horizontal_100_ac5_av_target', 'prospect_mplr'))": 0.015579304309456588
  },
  "metrics": {
    "precision": 0.8,
    "recall": 0.36363636363636365,
    "f1_score": 0.5000000000000001,
    "precision_at_10_percent": 1.0,
    "precision_at_20_percent": 0.5,
    "precision_at_30_percent": 0.4444444444444444,
    "precision_at_40_percent": 0.5454545454545454,
    "precision_at_50_percent": 0.5714285714285714,
    "precision_at_60_percent": 0.5294117647058824,
    "precision_at_70_percent": 0.47368421052631576,
    "precision_at_80_percent": 0.4090909090909091,
    "precision_at_90_percent": 0.36,
    "recall_at_sizeof_ground_truth": 0.4090909090909091
  },
  "run_times": {
    "total_time": 2.152986611000415,
    "algorithm_time": 1.9242270140002802
  }
}