{
  "name": "prospect_horizontal_50_ac5_av__ContinuousQualityMatcher{'process_num': 4}",
  "matches": {
    "(('prospect_horizontal_50_ac5_av_source', 'MiddleInitial'), ('prospect_horizontal_50_ac5_av_target', 'prospect_mddlntl'))": 1.0,
    "(('prospect_horizontal_50_ac5_av_source', 'NumberChildren'), ('prospect_horizontal_50_ac5_av_target', 'prospect_nmbrcrs'))": 1.0,
    "(('prospect_horizontal_50_ac5_av_source', 'NumberChildren'), ('prospect_horizontal_50_ac5_av_target', 'prospect_nmbrchldrn'))": 1.0,
    "(('prospect_horizontal_50_ac5_av_source', 'MaritalStatus'), ('prospect_horizontal_50_ac5_av_target', 'prospect_mrtlstts'))": 1.0,
    "(('prospect_horizontal_50_ac5_av_source', 'OwnOrRentFlag'), ('prospect_horizontal_50_ac5_av_target', 'prospect_wnrrntflg'))": 1.0,
    "(('prospect_horizontal_50_ac5_av_source', 'Age'), ('prospect_horizontal_50_ac5_av_target', 'prospect_g'))": 0.999269083565547,
    "(('prospect_horizontal_50_ac5_av_source', 'Gender'), ('prospect_horizontal_50_ac5_av_target', 'prospect_mddlntl'))": 0.9984145350693456,
    "(('prospect_horizontal_50_ac5_av_source', 'NumberCars'), ('prospect_horizontal_50_ac5_av_target', 'prospect_nmbrcrdtcrds'))": 0.9909586537051686,
    "(('prospect_horizontal_50_ac5_av_source', 'Gender'), ('prospect_horizontal_50_ac5_av_target', 'prospect_gndr'))": 0.9560515747606974,
    "(('prospect_horizontal_50_ac5_av_source', 'NumberChildren'), ('prospect_horizontal_50_ac5_av_target', 'prospect_nmbrcrdtcrds'))": 0.9489281592397331,
    "(('prospect_horizontal_50_ac5_av_source', 'MiddleInitial'), ('prospect_horizontal_50_ac5_av_target', 'prospect_gndr'))": 0.9442477927437134,
    "(('prospect_horizontal_50_ac5_av_source', 'NumberCars'), ('prospect_horizontal_50_ac5_av_target', 'prospect_nmbrcrs'))": 0.9429330376237649,
    "(('prospect_horizontal_50_ac5_av_source', 'NumberCars'), ('prospect_horizontal_50_ac5_av_target', 'prospect_nmbrchldrn'))": 0.9429330376237649,
    "(('prospect_horizontal_50_ac5_av_source', 'CreditRating'), ('prospect_horizontal_50_ac5_av_target', 'prospect_crdtrtng'))": 0.9360561566353729,
    "(('prospect_horizontal_50_ac5_av_source', 'NumberCreditCards'), ('prospect_horizontal_50_ac5_av_target', 'prospect_nmbrcrdtcrds'))": 0.575174826789534,
    "(('prospect_horizontal_50_ac5_av_source', 'NumberCreditCards'), ('prospect_horizontal_50_ac5_av_target', 'prospect_g'))": 0.5635927265957449,
    "(('prospect_horizontal_50_ac5_av_source', 'MaritalStatus'), ('prospect_horizontal_50_ac5_av_target', 'prospect_gndr'))": 0.33525124038695725,
    "(('prospect_horizontal_50_ac5_av_source', 'OwnOrRentFlag'), ('prospect_horizontal_50_ac5_av_target', 'prospect_mrtlstts'))": 0.27140005289678026,
    "(('prospect_horizontal_50_ac5_av_source', 'MaritalStatus'), ('prospect_horizontal_50_ac5_av_target', 'prospect_mddlntl'))": 0.2688028356187438,
    "(('prospect_horizontal_50_ac5_av_source', 'NumberCars'), ('prospect_horizontal_50_ac5_av_target', 'prospect_g'))": 0.2228144452035159,
    "(('prospect_horizontal_50_ac5_av_source', 'OwnOrRentFlag'), ('prospect_horizontal_50_ac5_av_target', 'prospect_gndr'))": 0.21126572405222113,
    "(('prospect_horizontal_50_ac5_av_source', 'NumberChildren'), ('prospect_horizontal_50_ac5_av_target', 'prospect_g'))": 0.1680806414096999,
    "(('prospect_horizontal_50_ac5_av_source', 'OwnOrRentFlag'), ('prospect_horizontal_50_ac5_av_target', 'prospect_mddlntl'))": 0.16330140250167216,
    "(('prospect_horizontal_50_ac5_av_source', 'NumberCreditCards'), ('prospect_horizontal_50_ac5_av_target', 'prospect_nmbrcrs'))": 0.12143588071476712,
    "(('prospect_horizontal_50_ac5_av_source', 'NumberCreditCards'), ('prospect_horizontal_50_ac5_av_target', 'prospect_nmbrchldrn'))": 0.12143588071476712,
    "(('prospect_horizontal_50_ac5_av_source', 'MaritalStatus'), ('prospect_horizontal_50_ac5_av_target', 'prospect_wnrrntflg'))": 0.09110936262171632,
    "(('prospect_horizontal_50_ac5_av_source', 'Employer'), ('prospect_horizontal_50_ac5_av_target', 'prospect_mplr'))": 0.07525779256638909
  },
  "metrics": {
    "precision": 0.75,
    "recall": 0.2727272727272727,
    "f1_score": 0.39999999999999997,
    "precision_at_10_percent": 0.6666666666666666,
    "precision_at_20_percent": 0.8333333333333334,
    "precision_at_30_percent": 0.6666666666666666,
    "precision_at_40_percent": 0.5454545454545454,
    "precision_at_50_percent": 0.5714285714285714,
    "precision_at_60_percent": 0.5294117647058824,
    "precision_at_70_percent": 0.47368421052631576,
    "precision_at_80_percent": 0.4090909090909091,
    "precision_at_90_percent": 0.36,
    "recall_at_sizeof_ground_truth": 0.4090909090909091
  },
  "run_times": {
    "total_time": 1.3412251609997838,
    "algorithm_time": 1.1622811990000628
  }
}