{
  "name": "prospect_vertical_30_ac2_av__ContinuousQualityMatcher{'process_num': 4}",
  "matches": {
    "(('prospect_vertical_30_ac2_av_source', 'OwnOrRentFlag'), ('prospect_vertical_30_ac2_av_target', 'OwOReF'))": 1.0,
    "(('prospect_vertical_30_ac2_av_source', 'MiddleInitial'), ('prospect_vertical_30_ac2_av_target', 'MiInit'))": 1.0,
    "(('prospect_vertical_30_ac2_av_source', 'Gender'), ('prospect_vertical_30_ac2_av_target', 'MiInit'))": 0.9992631625670524,
    "(('prospect_vertical_30_ac2_av_source', 'NumberCars'), ('prospect_vertical_30_ac2_av_target', 'NuCrCa'))": 0.9830284734742778,
    "(('prospect_vertical_30_ac2_av_source', 'NumberCreditCards'), ('prospect_vertical_30_ac2_av_target', 'NuCrCa'))": 0.962287843685511,
    "(('prospect_vertical_30_ac2_av_source', 'NumberCars'), ('prospect_vertical_30_ac2_av_target', 'NuC'))": 0.48771190028502126,
    "(('prospect_vertical_30_ac2_av_source', 'NumberCars'), ('prospect_vertical_30_ac2_av_target', 'NumChi'))": 0.48771190028502126,
    "(('prospect_vertical_30_ac2_av_source', 'NumberCreditCards'), ('prospect_vertical_30_ac2_av_target', 'NuC'))": 0.412157490792534,
    "(('prospect_vertical_30_ac2_av_source', 'NumberCreditCards'), ('prospect_vertical_30_ac2_av_target', 'NumChi'))": 0.412157490792534,
    "(('prospect_vertical_30_ac2_av_source', 'NumberCreditCards'), ('prospect_vertical_30_ac2_av_target', 'Ag'))": 0.3795695859838492,
    "(('prospect_vertical_30_ac2_av_source', 'NumberCars'), ('prospect_vertical_30_ac2_av_target', 'Ag'))": 0.3543862299477086,
    "(('prospect_vertical_30_ac2_av_source', 'OwnOrRentFlag'), ('prospect_vertical_30_ac2_av_target', 'MariSt'))": 0.27140005289678026,
    "(('prospect_vertical_30_ac2_av_source', 'OwnOrRentFlag'), ('prospect_vertical_30_ac2_av_target', 'MiInit'))": 0.16330140250167216,
    "(('prospect_vertical_30_ac2_av_source', 'PostalCode'), ('prospect_vertical_30_ac2_av_target', 'PosCo'))": 0.07639486524894329
  },
  "metrics": {
    "precision": 0.5,
    "recall": 0.3333333333333333,
    "f1_score": 0.4,
    "precision_at_10_percent": 1.0,
    "precision_at_20_percent": 0.6666666666666666,
    "precision_at_30_percent": 0.6,
    "precision_at_40_percent": 0.6666666666666666,
    "precision_at_50_percent": 0.5714285714285714,
    "precision_at_60_percent": 0.4444444444444444,
    "precision_at_70_percent": 0.4,
    "precision_at_80_percent": 0.3333333333333333,
    "precision_at_90_percent": 0.3076923076923077,
    "recall_at_sizeof_ground_truth": 0.6666666666666666
  },
  "run_times": {
    "total_time": 0.9460789670001759,
    "algorithm_time": 0.7832364389996656
  }
}