{
  "name": "prospect_both_0_30_ac3_ev__ContinuousQualityMatcher{'process_num': 4}",
  "matches": {
    "(('prospect_both_0_30_ac3_ev_source', 'OwnOrRentFlag'), ('prospect_both_0_30_ac3_ev_target', 'wnrrntflg'))": 1.0,
    "(('prospect_both_0_30_ac3_ev_source', 'MaritalStatus'), ('prospect_both_0_30_ac3_ev_target', 'mrtlstts'))": 1.0,
    "(('prospect_both_0_30_ac3_ev_source', 'OwnOrRentFlag'), ('prospect_both_0_30_ac3_ev_target', 'mrtlstts'))": 0.27140005289678026,
    "(('prospect_both_0_30_ac3_ev_source', 'MaritalStatus'), ('prospect_both_0_30_ac3_ev_target', 'wnrrntflg'))": 0.09110936262171632
  },
  "metrics": {
    "precision": 1.0,
    "recall": 0.3333333333333333,
    "f1_score": 0.5,
    "precision_at_10_percent": 1.0,
    "precision_at_20_percent": 1.0,
    "precision_at_30_percent": 1.0,
    "precision_at_40_percent": 1.0,
    "precision_at_50_percent": 1.0,
    "precision_at_60_percent": 0.6666666666666666,
    "precision_at_70_percent": 0.6666666666666666,
    "precision_at_80_percent": 0.5,
    "precision_at_90_percent": 0.5,
    "recall_at_sizeof_ground_truth": 0.3333333333333333
  },
  "run_times": {
    "total_time": 0.5386529999996128,
    "algorithm_time": 0.45755643299980875
  }
}