{
  "name": "prospect_both_0_30_ac1_ev__ContinuousQualityMatcher{'process_num': 4}",
  "matches": {
    "(('prospect_both_0_30_ac1_ev_source', 'NumberCreditCards'), ('prospect_both_0_30_ac1_ev_target', 'prospect_NumberCreditCards'))": 1.0,
    "(('prospect_both_0_30_ac1_ev_source', 'CreditRating'), ('prospect_both_0_30_ac1_ev_target', 'prospect_CreditRating'))": 1.0,
    "(('prospect_both_0_30_ac1_ev_source', 'Employer'), ('prospect_both_0_30_ac1_ev_target', 'prospect_Employer'))": 1.0,
    "(('prospect_both_0_30_ac1_ev_source', 'NumberCreditCards'), ('prospect_both_0_30_ac1_ev_target', 'prospect_NumberCars'))": 0.6725058909138392,
    "(('prospect_both_0_30_ac1_ev_source', 'NumberCreditCards'), ('prospect_both_0_30_ac1_ev_target', 'prospect_NumberChildren'))": 0.6725058909138392,
    "(('prospect_both_0_30_ac1_ev_source', 'NumberCreditCards'), ('prospect_both_0_30_ac1_ev_target', 'prospect_Age'))": 0.3028072967734228
  },
  "metrics": {
    "precision": 1.0,
    "recall": 0.5,
    "f1_score": 0.6666666666666666,
    "precision_at_10_percent": 1.0,
    "precision_at_20_percent": 1.0,
    "precision_at_30_percent": 1.0,
    "precision_at_40_percent": 1.0,
    "precision_at_50_percent": 1.0,
    "precision_at_60_percent": 0.75,
    "precision_at_70_percent": 0.6,
    "precision_at_80_percent": 0.6,
    "precision_at_90_percent": 0.5,
    "recall_at_sizeof_ground_truth": 0.5
  },
  "run_times": {
    "total_time": 1.1621314860003622,
    "algorithm_time": 1.0581992119996357
  }
}