{
  "name": "prospect_both_50_30_ac2_ev__ContinuousQualityMatcher{'process_num': 4}",
  "matches": {
    "(('prospect_both_50_30_ac2_ev_source', 'Age'), ('prospect_both_50_30_ac2_ev_target', 'A'))": 1.0,
    "(('prospect_both_50_30_ac2_ev_source', 'NumberChildren'), ('prospect_both_50_30_ac2_ev_target', 'NuChi'))": 1.0,
    "(('prospect_both_50_30_ac2_ev_source', 'NumberChildren'), ('prospect_both_50_30_ac2_ev_target', 'NuC'))": 1.0,
    "(('prospect_both_50_30_ac2_ev_source', 'Country'), ('prospect_both_50_30_ac2_ev_target', 'Co'))": 1.0,
    "(('prospect_both_50_30_ac2_ev_source', 'MaritalStatus'), ('prospect_both_50_30_ac2_ev_target', 'MariSta'))": 1.0,
    "(('prospect_both_50_30_ac2_ev_source', 'NumberChildren'), ('prospect_both_50_30_ac2_ev_target', 'NuCreCa'))": 0.9489281592397331,
    "(('prospect_both_50_30_ac2_ev_source', 'AgencyID'), ('prospect_both_50_30_ac2_ev_target', 'AgeID'))": 0.6103796991339026,
    "(('prospect_both_50_30_ac2_ev_source', 'PostalCode'), ('prospect_both_50_30_ac2_ev_target', 'PoCo'))": 0.6043982849790618,
    "(('prospect_both_50_30_ac2_ev_source', 'NumberChildren'), ('prospect_both_50_30_ac2_ev_target', 'A'))": 0.1680806414096999,
    "(('prospect_both_50_30_ac2_ev_source', 'MaritalStatus'), ('prospect_both_50_30_ac2_ev_target', 'OwORF'))": 0.09110936262171632
  },
  "metrics": {
    "precision": 1.0,
    "recall": 1.0,
    "f1_score": 1.0,
    "precision_at_10_percent": 1.0,
    "precision_at_20_percent": 1.0,
    "precision_at_30_percent": 0.6666666666666666,
    "precision_at_40_percent": 0.75,
    "precision_at_50_percent": 0.8,
    "precision_at_60_percent": 0.6666666666666666,
    "precision_at_70_percent": 0.7142857142857143,
    "precision_at_80_percent": 0.75,
    "precision_at_90_percent": 0.6666666666666666,
    "recall_at_sizeof_ground_truth": 0.6666666666666666
  },
  "run_times": {
    "total_time": 0.8484213669999008,
    "algorithm_time": 0.6090339180000228
  }
}