{
  "name": "prospect_both_0_50_ac1_ev__ContinuousQualityMatcher{'process_num': 4}",
  "matches": {
    "(('prospect_both_0_50_ac1_ev_source', 'Age'), ('prospect_both_0_50_ac1_ev_target', 'prospect_Age'))": 1.0,
    "(('prospect_both_0_50_ac1_ev_source', 'CreditRating'), ('prospect_both_0_50_ac1_ev_target', 'prospect_CreditRating'))": 1.0,
    "(('prospect_both_0_50_ac1_ev_source', 'NumberChildren'), ('prospect_both_0_50_ac1_ev_target', 'prospect_NumberChildren'))": 1.0,
    "(('prospect_both_0_50_ac1_ev_source', 'NumberChildren'), ('prospect_both_0_50_ac1_ev_target', 'prospect_NumberCars'))": 1.0,
    "(('prospect_both_0_50_ac1_ev_source', 'Country'), ('prospect_both_0_50_ac1_ev_target', 'prospect_Country'))": 1.0,
    "(('prospect_both_0_50_ac1_ev_source', 'OwnOrRentFlag'), ('prospect_both_0_50_ac1_ev_target', 'prospect_OwnOrRentFlag'))": 1.0,
    "(('prospect_both_0_50_ac1_ev_source', 'Employer'), ('prospect_both_0_50_ac1_ev_target', 'prospect_Employer'))": 1.0,
    "(('prospect_both_0_50_ac1_ev_source', 'NumberChildren'), ('prospect_both_0_50_ac1_ev_target', 'prospect_NumberCreditCards'))": 0.9489281592397331,
    "(('prospect_both_0_50_ac1_ev_source', 'OwnOrRentFlag'), ('prospect_both_0_50_ac1_ev_target', 'prospect_MaritalStatus'))": 0.27140005289678026,
    "(('prospect_both_0_50_ac1_ev_source', 'NumberChildren'), ('prospect_both_0_50_ac1_ev_target', 'prospect_Age'))": 0.1680806414096999
  },
  "metrics": {
    "precision": 1.0,
    "recall": 0.5454545454545454,
    "f1_score": 0.7058823529411764,
    "precision_at_10_percent": 1.0,
    "precision_at_20_percent": 1.0,
    "precision_at_30_percent": 1.0,
    "precision_at_40_percent": 0.75,
    "precision_at_50_percent": 0.8,
    "precision_at_60_percent": 0.8333333333333334,
    "precision_at_70_percent": 0.8571428571428571,
    "precision_at_80_percent": 0.75,
    "precision_at_90_percent": 0.6666666666666666,
    "recall_at_sizeof_ground_truth": 0.5454545454545454
  },
  "run_times": {
    "total_time": 0.8913026090003768,
    "algorithm_time": 0.7857296809997933
  }
}