{
  "name": "prospect_both_0_50_ac3_av__ContinuousQualityMatcher{'process_num': 4}",
  "matches": {
    "(('prospect_both_0_50_ac3_av_source', 'MaritalStatus'), ('prospect_both_0_50_ac3_av_target', 'mrtlstts'))": 1.0,
    "(('prospect_both_0_50_ac3_av_source', 'MiddleInitial'), ('prospect_both_0_50_ac3_av_target', 'mddlntl'))": 1.0,
    "(('prospect_both_0_50_ac3_av_source', 'NumberChildren'), ('prospect_both_0_50_ac3_av_target', 'nmbrcrdtcrds'))": 1.0,
    "(('prospect_both_0_50_ac3_av_source', 'Gender'), ('prospect_both_0_50_ac3_av_target', 'mddlntl'))": 0.9976278761634547,
    "(('prospect_both_0_50_ac3_av_source', 'NumberChildren'), ('prospect_both_0_50_ac3_av_target', 'nmbrchldrn'))": 0.6725058909138392,
    "(('prospect_both_0_50_ac3_av_source', 'NumberChildren'), ('prospect_both_0_50_ac3_av_target', 'nmbrcrs'))": 0.6725058909138392,
    "(('prospect_both_0_50_ac3_av_source', 'NumberCreditCards'), ('prospect_both_0_50_ac3_av_target', 'g'))": 0.6041419215565642,
    "(('prospect_both_0_50_ac3_av_source', 'CreditRating'), ('prospect_both_0_50_ac3_av_target', 'crdtrtng'))": 0.5735117622371856,
    "(('prospect_both_0_50_ac3_av_source', 'NumberCreditCards'), ('prospect_both_0_50_ac3_av_target', 'nmbrcrdtcrds'))": 0.4803417620161492,
    "(('prospect_both_0_50_ac3_av_source', 'NumberChildren'), ('prospect_both_0_50_ac3_av_target', 'g'))": 0.3028072967734228,
    "(('prospect_both_0_50_ac3_av_source', 'MaritalStatus'), ('prospect_both_0_50_ac3_av_target', 'mddlntl'))": 0.2688028356187438,
    "(('prospect_both_0_50_ac3_av_source', 'NumberCreditCards'), ('prospect_both_0_50_ac3_av_target', 'nmbrchldrn'))": 0.0943409926508471,
    "(('prospect_both_0_50_ac3_av_source', 'NumberCreditCards'), ('prospect_both_0_50_ac3_av_target', 'nmbrcrs'))": 0.0943409926508471,
    "(('prospect_both_0_50_ac3_av_source', 'MaritalStatus'), ('prospect_both_0_50_ac3_av_target', 'wnrrntflg'))": 0.09110936262171632
  },
  "metrics": {
    "precision": 0.6,
    "recall": 0.2727272727272727,
    "f1_score": 0.37499999999999994,
    "precision_at_10_percent": 1.0,
    "precision_at_20_percent": 0.6666666666666666,
    "precision_at_30_percent": 0.6,
    "precision_at_40_percent": 0.5,
    "precision_at_50_percent": 0.42857142857142855,
    "precision_at_60_percent": 0.5555555555555556,
    "precision_at_70_percent": 0.5,
    "precision_at_80_percent": 0.4166666666666667,
    "precision_at_90_percent": 0.38461538461538464,
    "recall_at_sizeof_ground_truth": 0.45454545454545453
  },
  "run_times": {
    "total_time": 1.095443604999673,
    "algorithm_time": 0.8701360850000128
  }
}