{
  "name": "prospect_horizontal_50_ac4_av__ContinuousQualityMatcher{'process_num': 4}",
  "matches": {
    "(('prospect_horizontal_50_ac4_av_source', 'MiddleInitial'), ('prospect_horizontal_50_ac4_av_target', 'prospect_MiIni'))": 1.0,
    "(('prospect_horizontal_50_ac4_av_source', 'MaritalStatus'), ('prospect_horizontal_50_ac4_av_target', 'prospect_MaSt'))": 1.0,
    "(('prospect_horizontal_50_ac4_av_source', 'OwnOrRentFlag'), ('prospect_horizontal_50_ac4_av_target', 'prospect_OORFl'))": 1.0,
    "(('prospect_horizontal_50_ac4_av_source', 'Gender'), ('prospect_horizontal_50_ac4_av_target', 'prospect_MiIni'))": 0.9984145350693456,
    "(('prospect_horizontal_50_ac4_av_source', 'Age'), ('prospect_horizontal_50_ac4_av_target', 'prospect_Ag'))": 0.993072326495661,
    "(('prospect_horizontal_50_ac4_av_source', 'NumberChildren'), ('prospect_horizontal_50_ac4_av_target', 'prospect_NuCreCar'))": 0.9909586537051686,
    "(('prospect_horizontal_50_ac4_av_source', 'NumberCars'), ('prospect_horizontal_50_ac4_av_target', 'prospect_NuCreCar'))": 0.962287843685511,
    "(('prospect_horizontal_50_ac4_av_source', 'Gender'), ('prospect_horizontal_50_ac4_av_target', 'prospect_Gen'))": 0.9560515747606974,
    "(('prospect_horizontal_50_ac4_av_source', 'MiddleInitial'), ('prospect_horizontal_50_ac4_av_target', 'prospect_Gen'))": 0.9442477927437134,
    "(('prospect_horizontal_50_ac4_av_source', 'NumberChildren'), ('prospect_horizontal_50_ac4_av_target', 'prospect_NumC'))": 0.9429330376237649,
    "(('prospect_horizontal_50_ac4_av_source', 'NumberChildren'), ('prospect_horizontal_50_ac4_av_target', 'prospect_NuCh'))": 0.9429330376237649,
    "(('prospect_horizontal_50_ac4_av_source', 'CreditRating'), ('prospect_horizontal_50_ac4_av_target', 'prospect_CrRat'))": 0.7611536576336474,
    "(('prospect_horizontal_50_ac4_av_source', 'NumberCreditCards'), ('prospect_horizontal_50_ac4_av_target', 'prospect_Ag'))": 0.5841588089976514,
    "(('prospect_horizontal_50_ac4_av_source', 'NumberCreditCards'), ('prospect_horizontal_50_ac4_av_target', 'prospect_NuCreCar'))": 0.5260474624247067,
    "(('prospect_horizontal_50_ac4_av_source', 'NumberCars'), ('prospect_horizontal_50_ac4_av_target', 'prospect_NumC'))": 0.412157490792534,
    "(('prospect_horizontal_50_ac4_av_source', 'NumberCars'), ('prospect_horizontal_50_ac4_av_target', 'prospect_NuCh'))": 0.412157490792534,
    "(('prospect_horizontal_50_ac4_av_source', 'NumberCars'), ('prospect_horizontal_50_ac4_av_target', 'prospect_Ag'))": 0.3795695859838492,
    "(('prospect_horizontal_50_ac4_av_source', 'MaritalStatus'), ('prospect_horizontal_50_ac4_av_target', 'prospect_Gen'))": 0.33525124038695725,
    "(('prospect_horizontal_50_ac4_av_source', 'OwnOrRentFlag'), ('prospect_horizontal_50_ac4_av_target', 'prospect_MaSt'))": 0.27140005289678026,
    "(('prospect_horizontal_50_ac4_av_source', 'MaritalStatus'), ('prospect_horizontal_50_ac4_av_target', 'prospect_MiIni'))": 0.2688028356187438,
    "(('prospect_horizontal_50_ac4_av_source', 'NumberChildren'), ('prospect_horizontal_50_ac4_av_target', 'prospect_Ag'))": 0.2228144452035159,
    "(('prospect_horizontal_50_ac4_av_source', 'OwnOrRentFlag'), ('prospect_horizontal_50_ac4_av_target', 'prospect_Gen'))": 0.21126572405222113,
    "(('prospect_horizontal_50_ac4_av_source', 'OwnOrRentFlag'), ('prospect_horizontal_50_ac4_av_target', 'prospect_MiIni'))": 0.16330140250167216,
    "(('prospect_horizontal_50_ac4_av_source', 'NumberCreditCards'), ('prospect_horizontal_50_ac4_av_target', 'prospect_NumC'))": 0.1067577810926106,
    "(('prospect_horizontal_50_ac4_av_source', 'NumberCreditCards'), ('prospect_horizontal_50_ac4_av_target', 'prospect_NuCh'))": 0.1067577810926106,
    "(('prospect_horizontal_50_ac4_av_source', 'MaritalStatus'), ('prospect_horizontal_50_ac4_av_target', 'prospect_OORFl'))": 0.09110936262171632,
    "(('prospect_horizontal_50_ac4_av_source', 'Employer'), ('prospect_horizontal_50_ac4_av_target', 'prospect_Emp'))": 0.07530844531837307
  },
  "metrics": {
    "precision": 0.875,
    "recall": 0.3181818181818182,
    "f1_score": 0.4666666666666667,
    "precision_at_10_percent": 1.0,
    "precision_at_20_percent": 0.6666666666666666,
    "precision_at_30_percent": 0.5555555555555556,
    "precision_at_40_percent": 0.5454545454545454,
    "precision_at_50_percent": 0.5714285714285714,
    "precision_at_60_percent": 0.5294117647058824,
    "precision_at_70_percent": 0.47368421052631576,
    "precision_at_80_percent": 0.4090909090909091,
    "precision_at_90_percent": 0.36,
    "recall_at_sizeof_ground_truth": 0.4090909090909091
  },
  "run_times": {
    "total_time": 1.2488645100002032,
    "algorithm_time": 1.0504350230003183
  }
}