{
  "name": "prospect_both_0_50_ac4_ev__ContinuousQualityMatcher{'process_num': 4}",
  "matches": {
    "(('prospect_both_0_50_ac4_ev_source', 'Country'), ('prospect_both_0_50_ac4_ev_target', 'prospect_Co'))": 1.0,
    "(('prospect_both_0_50_ac4_ev_source', 'City'), ('prospect_both_0_50_ac4_ev_target', 'prospect_C'))": 1.0,
    "(('prospect_both_0_50_ac4_ev_source', 'Age'), ('prospect_both_0_50_ac4_ev_target', 'prospect_Ag'))": 1.0,
    "(('prospect_both_0_50_ac4_ev_source', 'State'), ('prospect_both_0_50_ac4_ev_target', 'prospect_St'))": 1.0,
    "(('prospect_both_0_50_ac4_ev_source', 'NumberCreditCards'), ('prospect_both_0_50_ac4_ev_target', 'prospect_NumCreCar'))": 1.0,
    "(('prospect_both_0_50_ac4_ev_source', 'Employer'), ('prospect_both_0_50_ac4_ev_target', 'prospect_Em'))": 1.0,
    "(('prospect_both_0_50_ac4_ev_source', 'OwnOrRentFlag'), ('prospect_both_0_50_ac4_ev_target', 'prospect_OwORF'))": 1.0,
    "(('prospect_both_0_50_ac4_ev_source', 'NumberCreditCards'), ('prospect_both_0_50_ac4_ev_target', 'prospect_NuCa'))": 0.6725058909138392,
    "(('prospect_both_0_50_ac4_ev_source', 'NumberCreditCards'), ('prospect_both_0_50_ac4_ev_target', 'prospect_NuChi'))": 0.6725058909138392,
    "(('prospect_both_0_50_ac4_ev_source', 'NumberCreditCards'), ('prospect_both_0_50_ac4_ev_target', 'prospect_Ag'))": 0.3028072967734228,
    "(('prospect_both_0_50_ac4_ev_source', 'OwnOrRentFlag'), ('prospect_both_0_50_ac4_ev_target', 'prospect_MaSta'))": 0.27140005289678026
  },
  "metrics": {
    "precision": 1.0,
    "recall": 0.6363636363636364,
    "f1_score": 0.7777777777777778,
    "precision_at_10_percent": 1.0,
    "precision_at_20_percent": 1.0,
    "precision_at_30_percent": 1.0,
    "precision_at_40_percent": 1.0,
    "precision_at_50_percent": 1.0,
    "precision_at_60_percent": 1.0,
    "precision_at_70_percent": 0.875,
    "precision_at_80_percent": 0.7777777777777778,
    "precision_at_90_percent": 0.7,
    "recall_at_sizeof_ground_truth": 0.6363636363636364
  },
  "run_times": {
    "total_time": 0.8818633620003311,
    "algorithm_time": 0.7782781620007881
  }
}