{
  "name": "prospect_horizontal_50_ac3_av__ContinuousQualityMatcher{'process_num': 4}",
  "matches": {
    "(('prospect_horizontal_50_ac3_av_source', 'MiddleInitial'), ('prospect_horizontal_50_ac3_av_target', 'mddlntl'))": 1.0,
    "(('prospect_horizontal_50_ac3_av_source', 'NumberCars'), ('prospect_horizontal_50_ac3_av_target', 'nmbrcrdtcrds'))": 1.0,
    "(('prospect_horizontal_50_ac3_av_source', 'NumberChildren'), ('prospect_horizontal_50_ac3_av_target', 'nmbrcrs'))": 1.0,
    "(('prospect_horizontal_50_ac3_av_source', 'NumberChildren'), ('prospect_horizontal_50_ac3_av_target', 'nmbrchldrn'))": 1.0,
    "(('prospect_horizontal_50_ac3_av_source', 'MaritalStatus'), ('prospect_horizontal_50_ac3_av_target', 'mrtlstts'))": 1.0,
    "(('prospect_horizontal_50_ac3_av_source', 'OwnOrRentFlag'), ('prospect_horizontal_50_ac3_av_target', 'wnrrntflg'))": 1.0,
    "(('prospect_horizontal_50_ac3_av_source', 'Age'), ('prospect_horizontal_50_ac3_av_target', 'g'))": 0.9996572664173085,
    "(('prospect_horizontal_50_ac3_av_source', 'Gender'), ('prospect_horizontal_50_ac3_av_target', 'mddlntl'))": 0.9984145350693456,
    "(('prospect_horizontal_50_ac3_av_source', 'Gender'), ('prospect_horizontal_50_ac3_av_target', 'gndr'))": 0.9560515747606974,
    "(('prospect_horizontal_50_ac3_av_source', 'NumberChildren'), ('prospect_horizontal_50_ac3_av_target', 'nmbrcrdtcrds'))": 0.9489281592397331,
    "(('prospect_horizontal_50_ac3_av_source', 'CreditRating'), ('prospect_horizontal_50_ac3_av_target', 'crdtrtng'))": 0.9483812913703041,
    "(('prospect_horizontal_50_ac3_av_source', 'MiddleInitial'), ('prospect_horizontal_50_ac3_av_target', 'gndr'))": 0.9442477927437134,
    "(('prospect_horizontal_50_ac3_av_source', 'NumberCars'), ('prospect_horizontal_50_ac3_av_target', 'nmbrcrs'))": 0.6725058909138392,
    "(('prospect_horizontal_50_ac3_av_source', 'NumberCars'), ('prospect_horizontal_50_ac3_av_target', 'nmbrchldrn'))": 0.6725058909138392,
    "(('prospect_horizontal_50_ac3_av_source', 'NumberCreditCards'), ('prospect_horizontal_50_ac3_av_target', 'g'))": 0.6041419215565642,
    "(('prospect_horizontal_50_ac3_av_source', 'NumberCreditCards'), ('prospect_horizontal_50_ac3_av_target', 'nmbrcrdtcrds'))": 0.4803417620161492,
    "(('prospect_horizontal_50_ac3_av_source', 'MaritalStatus'), ('prospect_horizontal_50_ac3_av_target', 'gndr'))": 0.33525124038695725,
    "(('prospect_horizontal_50_ac3_av_source', 'NumberCars'), ('prospect_horizontal_50_ac3_av_target', 'g'))": 0.3028072967734228,
    "(('prospect_horizontal_50_ac3_av_source', 'OwnOrRentFlag'), ('prospect_horizontal_50_ac3_av_target', 'mrtlstts'))": 0.27140005289678026,
    "(('prospect_horizontal_50_ac3_av_source', 'MaritalStatus'), ('prospect_horizontal_50_ac3_av_target', 'mddlntl'))": 0.2688028356187438,
    "(('prospect_horizontal_50_ac3_av_source', 'OwnOrRentFlag'), ('prospect_horizontal_50_ac3_av_target', 'gndr'))": 0.21126572405222113,
    "(('prospect_horizontal_50_ac3_av_source', 'NumberChildren'), ('prospect_horizontal_50_ac3_av_target', 'g'))": 0.1680806414096999,
    "(('prospect_horizontal_50_ac3_av_source', 'OwnOrRentFlag'), ('prospect_horizontal_50_ac3_av_target', 'mddlntl'))": 0.16330140250167216,
    "(('prospect_horizontal_50_ac3_av_source', 'NumberCreditCards'), ('prospect_horizontal_50_ac3_av_target', 'nmbrcrs'))": 0.0943409926508471,
    "(('prospect_horizontal_50_ac3_av_source', 'NumberCreditCards'), ('prospect_horizontal_50_ac3_av_target', 'nmbrchldrn'))": 0.0943409926508471,
    "(('prospect_horizontal_50_ac3_av_source', 'MaritalStatus'), ('prospect_horizontal_50_ac3_av_target', 'wnrrntflg'))": 0.09110936262171632,
    "(('prospect_horizontal_50_ac3_av_source', 'Employer'), ('prospect_horizontal_50_ac3_av_target', 'mplr'))": 0.07561333440023711
  },
  "metrics": {
    "precision": 0.75,
    "recall": 0.2727272727272727,
    "f1_score": 0.39999999999999997,
    "precision_at_10_percent": 0.3333333333333333,
    "precision_at_20_percent": 0.6666666666666666,
    "precision_at_30_percent": 0.6666666666666666,
    "precision_at_40_percent": 0.6363636363636364,
    "precision_at_50_percent": 0.5714285714285714,
    "precision_at_60_percent": 0.5294117647058824,
    "precision_at_70_percent": 0.47368421052631576,
    "precision_at_80_percent": 0.4090909090909091,
    "precision_at_90_percent": 0.36,
    "recall_at_sizeof_ground_truth": 0.4090909090909091
  },
  "run_times": {
    "total_time": 1.3020066709996172,
    "algorithm_time": 1.1234766519992263
  }
}