{
  "name": "prospect_both_0_50_ac2_av__ContinuousQualityMatcher{'process_num': 4}",
  "matches": {
    "(('prospect_both_0_50_ac2_av_source', 'OwnOrRentFlag'), ('prospect_both_0_50_ac2_av_target', 'OwOReF'))": 1.0,
    "(('prospect_both_0_50_ac2_av_source', 'MiddleInitial'), ('prospect_both_0_50_ac2_av_target', 'MidIn'))": 1.0,
    "(('prospect_both_0_50_ac2_av_source', 'MaritalStatus'), ('prospect_both_0_50_ac2_av_target', 'MarSta'))": 1.0,
    "(('prospect_both_0_50_ac2_av_source', 'Gender'), ('prospect_both_0_50_ac2_av_target', 'MidIn'))": 0.9976278761634547,
    "(('prospect_both_0_50_ac2_av_source', 'NumberCars'), ('prospect_both_0_50_ac2_av_target', 'NuCreCar'))": 0.9909586537051686,
    "(('prospect_both_0_50_ac2_av_source', 'NumberCars'), ('prospect_both_0_50_ac2_av_target', 'NumCa'))": 0.9429330376237649,
    "(('prospect_both_0_50_ac2_av_source', 'NumberCars'), ('prospect_both_0_50_ac2_av_target', 'NuChil'))": 0.9429330376237649,
    "(('prospect_both_0_50_ac2_av_source', 'CreditRating'), ('prospect_both_0_50_ac2_av_target', 'CrRat'))": 0.8045500324200283,
    "(('prospect_both_0_50_ac2_av_source', 'OwnOrRentFlag'), ('prospect_both_0_50_ac2_av_target', 'MarSta'))": 0.27140005289678026,
    "(('prospect_both_0_50_ac2_av_source', 'MaritalStatus'), ('prospect_both_0_50_ac2_av_target', 'MidIn'))": 0.2688028356187438,
    "(('prospect_both_0_50_ac2_av_source', 'NumberCars'), ('prospect_both_0_50_ac2_av_target', 'A'))": 0.2228144452035159,
    "(('prospect_both_0_50_ac2_av_source', 'OwnOrRentFlag'), ('prospect_both_0_50_ac2_av_target', 'MidIn'))": 0.16330140250167216,
    "(('prospect_both_0_50_ac2_av_source', 'MaritalStatus'), ('prospect_both_0_50_ac2_av_target', 'OwOReF'))": 0.09110936262171632
  },
  "metrics": {
    "precision": 0.8,
    "recall": 0.36363636363636365,
    "f1_score": 0.5000000000000001,
    "precision_at_10_percent": 1.0,
    "precision_at_20_percent": 1.0,
    "precision_at_30_percent": 0.75,
    "precision_at_40_percent": 0.6666666666666666,
    "precision_at_50_percent": 0.5714285714285714,
    "precision_at_60_percent": 0.625,
    "precision_at_70_percent": 0.5,
    "precision_at_80_percent": 0.45454545454545453,
    "precision_at_90_percent": 0.4166666666666667,
    "recall_at_sizeof_ground_truth": 0.45454545454545453
  },
  "run_times": {
    "total_time": 1.1311011810003038,
    "algorithm_time": 1.0069843660003244
  }
}