{
  "name": "prospect_vertical_30_ac4_av__ContinuousQualityMatcher{'process_num': 4}",
  "matches": {
    "(('prospect_vertical_30_ac4_av_source', 'MiddleInitial'), ('prospect_vertical_30_ac4_av_target', 'prospect_MiIni'))": 1.0,
    "(('prospect_vertical_30_ac4_av_source', 'Gender'), ('prospect_vertical_30_ac4_av_target', 'prospect_MiIni'))": 0.9992631625670524,
    "(('prospect_vertical_30_ac4_av_source', 'NumberCreditCards'), ('prospect_vertical_30_ac4_av_target', 'prospect_Ag'))": 0.5841588089976514,
    "(('prospect_vertical_30_ac4_av_source', 'NumberCreditCards'), ('prospect_vertical_30_ac4_av_target', 'prospect_NumCreCa'))": 0.5260474624247067,
    "(('prospect_vertical_30_ac4_av_source', 'NumberCreditCards'), ('prospect_vertical_30_ac4_av_target', 'prospect_NumC'))": 0.1067577810926106,
    "(('prospect_vertical_30_ac4_av_source', 'NumberCreditCards'), ('prospect_vertical_30_ac4_av_target', 'prospect_NuCh'))": 0.1067577810926106
  },
  "metrics": {
    "precision": 0.5,
    "recall": 0.16666666666666666,
    "f1_score": 0.25,
    "precision_at_10_percent": 1.0,
    "precision_at_20_percent": 0.5,
    "precision_at_30_percent": 0.5,
    "precision_at_40_percent": 0.3333333333333333,
    "precision_at_50_percent": 0.3333333333333333,
    "precision_at_60_percent": 0.5,
    "precision_at_70_percent": 0.4,
    "precision_at_80_percent": 0.4,
    "precision_at_90_percent": 0.3333333333333333,
    "recall_at_sizeof_ground_truth": 0.3333333333333333
  },
  "run_times": {
    "total_time": 1.0487140960003671,
    "algorithm_time": 0.8687431110001853
  }
}