{
  "name": "prospect_both_50_70_ac5_ev__ContinuousQualityMatcher{'process_num': 4}",
  "matches": {
    "(('prospect_both_50_70_ac5_ev_source', 'Employer'), ('prospect_both_50_70_ac5_ev_target', 'prospect_mplr'))": 1.0,
    "(('prospect_both_50_70_ac5_ev_source', 'NumberCreditCards'), ('prospect_both_50_70_ac5_ev_target', 'prospect_nmbrcrdtcrds'))": 1.0,
    "(('prospect_both_50_70_ac5_ev_source', 'MaritalStatus'), ('prospect_both_50_70_ac5_ev_target', 'prospect_mrtlstts'))": 1.0,
    "(('prospect_both_50_70_ac5_ev_source', 'NumberChildren'), ('prospect_both_50_70_ac5_ev_target', 'prospect_nmbrchldrn'))": 1.0,
    "(('prospect_both_50_70_ac5_ev_source', 'NumberChildren'), ('prospect_both_50_70_ac5_ev_target', 'prospect_nmbrcrs'))": 1.0,
    "(('prospect_both_50_70_ac5_ev_source', 'Age'), ('prospect_both_50_70_ac5_ev_target', 'prospect_g'))": 1.0,
    "(('prospect_both_50_70_ac5_ev_source', 'City'), ('prospect_both_50_70_ac5_ev_target', 'prospect_ct'))": 1.0,
    "(('prospect_both_50_70_ac5_ev_source', 'Country'), ('prospect_both_50_70_ac5_ev_target', 'prospect_cntr'))": 1.0,
    "(('prospect_both_50_70_ac5_ev_source', 'NumberCars'), ('prospect_both_50_70_ac5_ev_target', 'prospect_nmbrchldrn'))": 1.0,
    "(('prospect_both_50_70_ac5_ev_source', 'NumberCars'), ('prospect_both_50_70_ac5_ev_target', 'prospect_nmbrcrs'))": 1.0,
    "(('prospect_both_50_70_ac5_ev_source', 'Gender'), ('prospect_both_50_70_ac5_ev_target', 'prospect_gndr'))": 0.9891086156328122,
    "(('prospect_both_50_70_ac5_ev_source', 'MiddleInitial'), ('prospect_both_50_70_ac5_ev_target', 'prospect_gndr'))": 0.9835351814949325,
    "(('prospect_both_50_70_ac5_ev_source', 'NumberChildren'), ('prospect_both_50_70_ac5_ev_target', 'prospect_nmbrcrdtcrds'))": 0.9489281592397331,
    "(('prospect_both_50_70_ac5_ev_source', 'NumberCars'), ('prospect_both_50_70_ac5_ev_target', 'prospect_nmbrcrdtcrds'))": 0.9489281592397331,
    "(('prospect_both_50_70_ac5_ev_source', 'NumberCreditCards'), ('prospect_both_50_70_ac5_ev_target', 'prospect_nmbrchldrn'))": 0.6725058909138392,
    "(('prospect_both_50_70_ac5_ev_source', 'NumberCreditCards'), ('prospect_both_50_70_ac5_ev_target', 'prospect_nmbrcrs'))": 0.6725058909138392,
    "(('prospect_both_50_70_ac5_ev_source', 'Phone'), ('prospect_both_50_70_ac5_ev_target', 'prospect_phn'))": 0.6114398883031594,
    "(('prospect_both_50_70_ac5_ev_source', 'AgencyID'), ('prospect_both_50_70_ac5_ev_target', 'prospect_gncd'))": 0.6103796991339026,
    "(('prospect_both_50_70_ac5_ev_source', 'NetWorth'), ('prospect_both_50_70_ac5_ev_target', 'prospect_ntwrth'))": 0.6098269670814145,
    "(('prospect_both_50_70_ac5_ev_source', 'LastName'), ('prospect_both_50_70_ac5_ev_target', 'prospect_lstnm'))": 0.5909462853662276,
    "(('prospect_both_50_70_ac5_ev_source', 'FirstName'), ('prospect_both_50_70_ac5_ev_target', 'prospect_frstnm'))": 0.5828858855332989,
    "(('prospect_both_50_70_ac5_ev_source', 'NumberCreditCards'), ('prospect_both_50_70_ac5_ev_target', 'prospect_g'))": 0.3028072967734228,
    "(('prospect_both_50_70_ac5_ev_source', 'MaritalStatus'), ('prospect_both_50_70_ac5_ev_target', 'prospect_gndr'))": 0.30003650568309714,
    "(('prospect_both_50_70_ac5_ev_source', 'NumberChildren'), ('prospect_both_50_70_ac5_ev_target', 'prospect_g'))": 0.1680806414096999,
    "(('prospect_both_50_70_ac5_ev_source', 'NumberCars'), ('prospect_both_50_70_ac5_ev_target', 'prospect_g'))": 0.1680806414096999,
    "(('prospect_both_50_70_ac5_ev_source', 'MaritalStatus'), ('prospect_both_50_70_ac5_ev_target', 'prospect_wnrrntflg'))": 0.09110936262171632,
    "(('prospect_both_50_70_ac5_ev_source', 'AddressLine2'), ('prospect_both_50_70_ac5_ev_target', 'prospect_ddrssln2'))": 0.02436671703552033
  },
  "metrics": {
    "precision": 1.0,
    "recall": 0.8666666666666667,
    "f1_score": 0.9285714285714286,
    "precision_at_10_percent": 1.0,
    "precision_at_20_percent": 0.8333333333333334,
    "precision_at_30_percent": 0.7777777777777778,
    "precision_at_40_percent": 0.8181818181818182,
    "precision_at_50_percent": 0.6428571428571429,
    "precision_at_60_percent": 0.5882352941176471,
    "precision_at_70_percent": 0.631578947368421,
    "precision_at_80_percent": 0.6363636363636364,
    "precision_at_90_percent": 0.56,
    "recall_at_sizeof_ground_truth": 0.6
  },
  "run_times": {
    "total_time": 1.0789651300001424,
    "algorithm_time": 0.8960631230002036
  }
}