{
  "name": "prospect_vertical_30_ac1_av__ContinuousQualityMatcher{'process_num': 4}",
  "matches": {
    "(('prospect_vertical_30_ac1_av_source', 'CreditRating'), ('prospect_vertical_30_ac1_av_target', 'prospect_CreditRating'))": 0.7806225101524255
  },
  "metrics": {
    "precision": 1.0,
    "recall": 0.16666666666666666,
    "f1_score": 0.2857142857142857,
    "precision_at_10_percent": 1.0,
    "precision_at_20_percent": 1.0,
    "precision_at_30_percent": 1.0,
    "precision_at_40_percent": 1.0,
    "precision_at_50_percent": 1.0,
    "precision_at_60_percent": 1.0,
    "precision_at_70_percent": 1.0,
    "precision_at_80_percent": 1.0,
    "precision_at_90_percent": 1.0,
    "recall_at_sizeof_ground_truth": 0.16666666666666666
  },
  "run_times": {
    "total_time": 1.3208602340000652,
    "algorithm_time": 1.1200637170004484
  }
}