{
  "name": "prospect_both_50_70_ac2_av__ContinuousQualityMatcher{'process_num': 4}",
  "matches": {
    "(('prospect_both_50_70_ac2_av_source', 'MiddleInitial'), ('prospect_both_50_70_ac2_av_target', 'MiIni'))": 1.0,
    "(('prospect_both_50_70_ac2_av_source', 'MaritalStatus'), ('prospect_both_50_70_ac2_av_target', 'MaSt'))": 1.0,
    "(('prospect_both_50_70_ac2_av_source', 'OwnOrRentFlag'), ('prospect_both_50_70_ac2_av_target', 'OOReF'))": 1.0,
    "(('prospect_both_50_70_ac2_av_source', 'Gender'), ('prospect_both_50_70_ac2_av_target', 'MiIni'))": 0.9978429857473585,
    "(('prospect_both_50_70_ac2_av_source', 'NumberCars'), ('prospect_both_50_70_ac2_av_target', 'NuCreCar'))": 0.9947881668997335,
    "(('prospect_both_50_70_ac2_av_source', 'Gender'), ('prospect_both_50_70_ac2_av_target', 'Ge'))": 0.9884589916695479,
    "(('prospect_both_50_70_ac2_av_source', 'MiddleInitial'), ('prospect_both_50_70_ac2_av_target', 'Ge'))": 0.9835351814949325,
    "(('prospect_both_50_70_ac2_av_source', 'NumberChildren'), ('prospect_both_50_70_ac2_av_target', 'NuCreCar'))": 0.9830284734742778,
    "(('prospect_both_50_70_ac2_av_source', 'Age'), ('prospect_both_50_70_ac2_av_target', 'Ag'))": 0.6089380544361723,
    "(('prospect_both_50_70_ac2_av_source', 'NumberCreditCards'), ('prospect_both_50_70_ac2_av_target', 'NuCreCar'))": 0.575174826789534,
    "(('prospect_both_50_70_ac2_av_source', 'NumberCars'), ('prospect_both_50_70_ac2_av_target', 'NumC'))": 0.575174826789534,
    "(('prospect_both_50_70_ac2_av_source', 'NumberCars'), ('prospect_both_50_70_ac2_av_target', 'NumCh'))": 0.575174826789534,
    "(('prospect_both_50_70_ac2_av_source', 'NumberCreditCards'), ('prospect_both_50_70_ac2_av_target', 'Ag'))": 0.5635927265957449,
    "(('prospect_both_50_70_ac2_av_source', 'NumberChildren'), ('prospect_both_50_70_ac2_av_target', 'NumC'))": 0.48771190028502126,
    "(('prospect_both_50_70_ac2_av_source', 'NumberChildren'), ('prospect_both_50_70_ac2_av_target', 'NumCh'))": 0.48771190028502126,
    "(('prospect_both_50_70_ac2_av_source', 'NumberChildren'), ('prospect_both_50_70_ac2_av_target', 'Ag'))": 0.3543862299477086,
    "(('prospect_both_50_70_ac2_av_source', 'NumberCars'), ('prospect_both_50_70_ac2_av_target', 'Ag'))": 0.3287902190027621,
    "(('prospect_both_50_70_ac2_av_source', 'MaritalStatus'), ('prospect_both_50_70_ac2_av_target', 'Ge'))": 0.30003650568309714,
    "(('prospect_both_50_70_ac2_av_source', 'OwnOrRentFlag'), ('prospect_both_50_70_ac2_av_target', 'MaSt'))": 0.27140005289678026,
    "(('prospect_both_50_70_ac2_av_source', 'MaritalStatus'), ('prospect_both_50_70_ac2_av_target', 'MiIni'))": 0.2688028356187438,
    "(('prospect_both_50_70_ac2_av_source', 'OwnOrRentFlag'), ('prospect_both_50_70_ac2_av_target', 'Ge'))": 0.1882596115724794,
    "(('prospect_both_50_70_ac2_av_source', 'OwnOrRentFlag'), ('prospect_both_50_70_ac2_av_target', 'MiIni'))": 0.16330140250167216,
    "(('prospect_both_50_70_ac2_av_source', 'NumberCreditCards'), ('prospect_both_50_70_ac2_av_target', 'NumC'))": 0.12143588071476712,
    "(('prospect_both_50_70_ac2_av_source', 'NumberCreditCards'), ('prospect_both_50_70_ac2_av_target', 'NumCh'))": 0.12143588071476712,
    "(('prospect_both_50_70_ac2_av_source', 'MaritalStatus'), ('prospect_both_50_70_ac2_av_target', 'OOReF'))": 0.09110936262171632,
    "(('prospect_both_50_70_ac2_av_source', 'FirstName'), ('prospect_both_50_70_ac2_av_target', 'FiNa'))": 0.02041723490862875,
    "(('prospect_both_50_70_ac2_av_source', 'Gender'), ('prospect_both_50_70_ac2_av_target', 'MaSt'))": 0.0104138634994082
  },
  "metrics": {
    "precision": 0.6666666666666666,
    "recall": 0.4,
    "f1_score": 0.5,
    "precision_at_10_percent": 1.0,
    "precision_at_20_percent": 0.6666666666666666,
    "precision_at_30_percent": 0.5555555555555556,
    "precision_at_40_percent": 0.6363636363636364,
    "precision_at_50_percent": 0.5,
    "precision_at_60_percent": 0.47058823529411764,
    "precision_at_70_percent": 0.42105263157894735,
    "precision_at_80_percent": 0.36363636363636365,
    "precision_at_90_percent": 0.32,
    "recall_at_sizeof_ground_truth": 0.5333333333333333
  },
  "run_times": {
    "total_time": 1.0236867869998605,
    "algorithm_time": 0.8830703269995865
  }
}