{
  "name": "prospect_both_50_50_ec_av__ContinuousQualityMatcher{'process_num': 4}",
  "matches": {
    "(('prospect_both_50_50_ec_av_source', 'OwnOrRentFlag'), ('prospect_both_50_50_ec_av_target', 'OwnOrRentFlag'))": 1.0,
    "(('prospect_both_50_50_ec_av_source', 'NumberCreditCards'), ('prospect_both_50_50_ec_av_target', 'NumberCreditCards'))": 0.9947881668997335,
    "(('prospect_both_50_50_ec_av_source', 'NumberCreditCards'), ('prospect_both_50_50_ec_av_target', 'NumberCars'))": 0.575174826789534,
    "(('prospect_both_50_50_ec_av_source', 'NumberCreditCards'), ('prospect_both_50_50_ec_av_target', 'NumberChildren'))": 0.575174826789534,
    "(('prospect_both_50_50_ec_av_source', 'CreditRating'), ('prospect_both_50_50_ec_av_target', 'CreditRating'))": 0.573644426213921,
    "(('prospect_both_50_50_ec_av_source', 'NumberCreditCards'), ('prospect_both_50_50_ec_av_target', 'Age'))": 0.3287902190027621,
    "(('prospect_both_50_50_ec_av_source', 'OwnOrRentFlag'), ('prospect_both_50_50_ec_av_target', 'MaritalStatus'))": 0.27140005289678026
  },
  "metrics": {
    "precision": 1.0,
    "recall": 0.2727272727272727,
    "f1_score": 0.42857142857142855,
    "precision_at_10_percent": 1.0,
    "precision_at_20_percent": 1.0,
    "precision_at_30_percent": 0.6666666666666666,
    "precision_at_40_percent": 0.6666666666666666,
    "precision_at_50_percent": 0.5,
    "precision_at_60_percent": 0.6,
    "precision_at_70_percent": 0.6,
    "precision_at_80_percent": 0.5,
    "precision_at_90_percent": 0.42857142857142855,
    "recall_at_sizeof_ground_truth": 0.2727272727272727
  },
  "run_times": {
    "total_time": 0.9375902649999261,
    "algorithm_time": 0.8070281590007653
  }
}