{
  "name": "prospect_both_0_50_ac3_ev__ContinuousQualityMatcher{'process_num': 4}",
  "matches": {
    "(('prospect_both_0_50_ac3_ev_source', 'OwnOrRentFlag'), ('prospect_both_0_50_ac3_ev_target', 'wnrrntflg'))": 1.0,
    "(('prospect_both_0_50_ac3_ev_source', 'Employer'), ('prospect_both_0_50_ac3_ev_target', 'mplr'))": 1.0,
    "(('prospect_both_0_50_ac3_ev_source', 'MiddleInitial'), ('prospect_both_0_50_ac3_ev_target', 'mddlntl'))": 1.0,
    "(('prospect_both_0_50_ac3_ev_source', 'NumberCars'), ('prospect_both_0_50_ac3_ev_target', 'nmbrcrs'))": 1.0,
    "(('prospect_both_0_50_ac3_ev_source', 'NumberCars'), ('prospect_both_0_50_ac3_ev_target', 'nmbrchldrn'))": 1.0,
    "(('prospect_both_0_50_ac3_ev_source', 'State'), ('prospect_both_0_50_ac3_ev_target', 'stt'))": 1.0,
    "(('prospect_both_0_50_ac3_ev_source', 'MaritalStatus'), ('prospect_both_0_50_ac3_ev_target', 'mrtlstts'))": 1.0,
    "(('prospect_both_0_50_ac3_ev_source', 'Gender'), ('prospect_both_0_50_ac3_ev_target', 'mddlntl'))": 0.9976278761634547,
    "(('prospect_both_0_50_ac3_ev_source', 'Gender'), ('prospect_both_0_50_ac3_ev_target', 'gndr'))": 0.95157328864764,
    "(('prospect_both_0_50_ac3_ev_source', 'NumberCars'), ('prospect_both_0_50_ac3_ev_target', 'nmbrcrdtcrds'))": 0.9489281592397331,
    "(('prospect_both_0_50_ac3_ev_source', 'MiddleInitial'), ('prospect_both_0_50_ac3_ev_target', 'gndr'))": 0.9442477927437134,
    "(('prospect_both_0_50_ac3_ev_source', 'MaritalStatus'), ('prospect_both_0_50_ac3_ev_target', 'gndr'))": 0.33525124038695725,
    "(('prospect_both_0_50_ac3_ev_source', 'OwnOrRentFlag'), ('prospect_both_0_50_ac3_ev_target', 'mrtlstts'))": 0.27140005289678026,
    "(('prospect_both_0_50_ac3_ev_source', 'MaritalStatus'), ('prospect_both_0_50_ac3_ev_target', 'mddlntl'))": 0.2688028356187438,
    "(('prospect_both_0_50_ac3_ev_source', 'OwnOrRentFlag'), ('prospect_both_0_50_ac3_ev_target', 'gndr'))": 0.21126572405222113,
    "(('prospect_both_0_50_ac3_ev_source', 'NumberCars'), ('prospect_both_0_50_ac3_ev_target', 'g'))": 0.1680806414096999,
    "(('prospect_both_0_50_ac3_ev_source', 'OwnOrRentFlag'), ('prospect_both_0_50_ac3_ev_target', 'mddlntl'))": 0.16330140250167216,
    "(('prospect_both_0_50_ac3_ev_source', 'MaritalStatus'), ('prospect_both_0_50_ac3_ev_target', 'wnrrntflg'))": 0.09110936262171632
  },
  "metrics": {
    "precision": 1.0,
    "recall": 0.6363636363636364,
    "f1_score": 0.7777777777777778,
    "precision_at_10_percent": 1.0,
    "precision_at_20_percent": 1.0,
    "precision_at_30_percent": 0.8333333333333334,
    "precision_at_40_percent": 0.75,
    "precision_at_50_percent": 0.7777777777777778,
    "precision_at_60_percent": 0.6363636363636364,
    "precision_at_70_percent": 0.5384615384615384,
    "precision_at_80_percent": 0.4666666666666667,
    "precision_at_90_percent": 0.4117647058823529,
    "recall_at_sizeof_ground_truth": 0.6363636363636364
  },
  "run_times": {
    "total_time": 0.7142741829993611,
    "algorithm_time": 0.6189915989998553
  }
}