{
  "name": "prospect_both_0_30_ac5_av__ContinuousQualityMatcher{'process_num': 4}",
  "matches": {
    "(('prospect_both_0_30_ac5_av_source', 'NumberChildren'), ('prospect_both_0_30_ac5_av_target', 'prospect_nmbrcrdtcrds'))": 0.962287843685511,
    "(('prospect_both_0_30_ac5_av_source', 'Gender'), ('prospect_both_0_30_ac5_av_target', 'prospect_gndr'))": 0.9488478487634497,
    "(('prospect_both_0_30_ac5_av_source', 'MiddleInitial'), ('prospect_both_0_30_ac5_av_target', 'prospect_gndr'))": 0.9442477927437134,
    "(('prospect_both_0_30_ac5_av_source', 'Age'), ('prospect_both_0_30_ac5_av_target', 'prospect_g'))": 0.5480166361182176,
    "(('prospect_both_0_30_ac5_av_source', 'NumberChildren'), ('prospect_both_0_30_ac5_av_target', 'prospect_nmbrchldrn'))": 0.412157490792534,
    "(('prospect_both_0_30_ac5_av_source', 'NumberChildren'), ('prospect_both_0_30_ac5_av_target', 'prospect_nmbrcrs'))": 0.412157490792534,
    "(('prospect_both_0_30_ac5_av_source', 'NumberChildren'), ('prospect_both_0_30_ac5_av_target', 'prospect_g'))": 0.3795695859838492,
    "(('prospect_both_0_30_ac5_av_source', 'Gender'), ('prospect_both_0_30_ac5_av_target', 'prospect_mrtlstts'))": 0.0104138634994082
  },
  "metrics": {
    "precision": 0.5,
    "recall": 0.16666666666666666,
    "f1_score": 0.25,
    "precision_at_10_percent": 0.0,
    "precision_at_20_percent": 0.5,
    "precision_at_30_percent": 0.3333333333333333,
    "precision_at_40_percent": 0.5,
    "precision_at_50_percent": 0.5,
    "precision_at_60_percent": 0.6,
    "precision_at_70_percent": 0.5,
    "precision_at_80_percent": 0.42857142857142855,
    "precision_at_90_percent": 0.375,
    "recall_at_sizeof_ground_truth": 0.5
  },
  "run_times": {
    "total_time": 0.7295739629998934,
    "algorithm_time": 0.6244509620000827
  }
}