{
  "name": "prospect_vertical_30_ac3_ev__ContinuousQualityMatcher{'process_num': 4}",
  "matches": {
    "(('prospect_vertical_30_ac3_ev_source', 'AgencyID'), ('prospect_vertical_30_ac3_ev_target', 'gncd'))": 1.0,
    "(('prospect_vertical_30_ac3_ev_source', 'AddressLine1'), ('prospect_vertical_30_ac3_ev_target', 'ddrssln1'))": 1.0,
    "(('prospect_vertical_30_ac3_ev_source', 'NumberCars'), ('prospect_vertical_30_ac3_ev_target', 'nmbrcrs'))": 1.0,
    "(('prospect_vertical_30_ac3_ev_source', 'NumberCars'), ('prospect_vertical_30_ac3_ev_target', 'nmbrchldrn'))": 1.0,
    "(('prospect_vertical_30_ac3_ev_source', 'OwnOrRentFlag'), ('prospect_vertical_30_ac3_ev_target', 'wnrrntflg'))": 1.0,
    "(('prospect_vertical_30_ac3_ev_source', 'Gender'), ('prospect_vertical_30_ac3_ev_target', 'gndr'))": 1.0,
    "(('prospect_vertical_30_ac3_ev_source', 'LastName'), ('prospect_vertical_30_ac3_ev_target', 'lstnm'))": 1.0,
    "(('prospect_vertical_30_ac3_ev_source', 'MiddleInitial'), ('prospect_vertical_30_ac3_ev_target', 'gndr'))": 0.9984538914833484,
    "(('prospect_vertical_30_ac3_ev_source', 'NumberCars'), ('prospect_vertical_30_ac3_ev_target', 'nmbrcrdtcrds'))": 0.9489281592397331,
    "(('prospect_vertical_30_ac3_ev_source', 'OwnOrRentFlag'), ('prospect_vertical_30_ac3_ev_target', 'mrtlstts'))": 0.27140005289678026,
    "(('prospect_vertical_30_ac3_ev_source', 'NumberCars'), ('prospect_vertical_30_ac3_ev_target', 'g'))": 0.1680806414096999,
    "(('prospect_vertical_30_ac3_ev_source', 'OwnOrRentFlag'), ('prospect_vertical_30_ac3_ev_target', 'gndr'))": 0.16645701205076244
  },
  "metrics": {
    "precision": 1.0,
    "recall": 1.0,
    "f1_score": 1.0,
    "precision_at_10_percent": 1.0,
    "precision_at_20_percent": 1.0,
    "precision_at_30_percent": 0.75,
    "precision_at_40_percent": 0.8,
    "precision_at_50_percent": 0.8333333333333334,
    "precision_at_60_percent": 0.75,
    "precision_at_70_percent": 0.6666666666666666,
    "precision_at_80_percent": 0.6,
    "precision_at_90_percent": 0.5454545454545454,
    "recall_at_sizeof_ground_truth": 0.8333333333333334
  },
  "run_times": {
    "total_time": 1.5427789029999985,
    "algorithm_time": 0.874808608999956
  }
}