{
  "name": "prospect_both_0_30_ac1_av__ContinuousQualityMatcher{'process_num': 4}",
  "matches": {
    "(('prospect_both_0_30_ac1_av_source', 'NumberCars'), ('prospect_both_0_30_ac1_av_target', 'prospect_NumberChildren'))": 1.0,
    "(('prospect_both_0_30_ac1_av_source', 'NumberCars'), ('prospect_both_0_30_ac1_av_target', 'prospect_NumberCreditCards'))": 0.9489281592397331,
    "(('prospect_both_0_30_ac1_av_source', 'NumberCars'), ('prospect_both_0_30_ac1_av_target', 'prospect_Age'))": 0.1680806414096999
  },
  "metrics": {
    "precision": 0.0,
    "recall": 0.0,
    "f1_score": 0,
    "precision_at_10_percent": 0.0,
    "precision_at_20_percent": 0.0,
    "precision_at_30_percent": 0.0,
    "precision_at_40_percent": 0.0,
    "precision_at_50_percent": 0.0,
    "precision_at_60_percent": 0.0,
    "precision_at_70_percent": 0.0,
    "precision_at_80_percent": 0.0,
    "precision_at_90_percent": 0.0,
    "recall_at_sizeof_ground_truth": 0.0
  },
  "run_times": {
    "total_time": 0.7560971840002821,
    "algorithm_time": 0.6671529590003047
  }
}