{
  "name": "prospect_vertical_1_ac3_ev__ContinuousQualityMatcher{'process_num': 4}",
  "matches": {
    "(('prospect_vertical_1_ac3_ev_source', 'AgencyID'), ('prospect_vertical_1_ac3_ev_target', 'gncd'))": 1.0
  },
  "metrics": {
    "precision": 1.0,
    "recall": 1.0,
    "f1_score": 1.0,
    "precision_at_10_percent": 1.0,
    "precision_at_20_percent": 1.0,
    "precision_at_30_percent": 1.0,
    "precision_at_40_percent": 1.0,
    "precision_at_50_percent": 1.0,
    "precision_at_60_percent": 1.0,
    "precision_at_70_percent": 1.0,
    "precision_at_80_percent": 1.0,
    "precision_at_90_percent": 1.0,
    "recall_at_sizeof_ground_truth": 1.0
  },
  "run_times": {
    "total_time": 0.7710041230002389,
    "algorithm_time": 0.5958862750003391
  }
}